id,ref_id,region_id,region_orig,taxon_group_id,status_remark,naturalized_explicit_id,completeness_id,completeness_judge_id,invasives_only,casuals_listed,cultivated_listed,invasives_listed
1,130,1,,1,,1,2,1,0,0,0,1
2,2008,2,,1,,1,2,2,0,0,0,0
4,10,4,,1,,1,3,2,0,1,1,1
5,45,5,,1,,1,2,0,0,0,0,0
6,45,6,,1,,1,2,0,0,0,0,0
7,45,7,,1,,1,2,0,0,0,0,0
8,45,8,,1,,1,2,0,0,0,0,0
9,45,9,,1,,1,2,0,0,0,0,0
10,45,10,,1,,1,2,0,0,0,0,0
11,45,11,,1,,1,2,0,0,0,0,0
12,45,12,,1,,1,2,0,0,0,0,0
13,45,13,,1,,1,2,0,0,0,0,0
14,45,14,,1,,1,2,0,0,0,0,0
15,45,15,,1,,1,2,0,0,0,0,0
16,45,16,,1,,1,2,0,0,0,0,0
17,45,17,,1,,1,2,0,0,0,0,0
18,45,18,,1,,1,2,0,0,0,0,0
19,45,19,,1,,1,2,0,0,0,0,0
20,45,20,,1,,1,2,0,0,0,0,0
21,45,21,,1,,1,2,0,0,0,0,0
22,45,22,,1,,1,2,0,0,0,0,0
23,45,23,,1,,1,2,0,0,0,0,0
24,45,24,,1,,1,2,0,0,0,0,0
25,45,25,,1,,1,2,0,0,0,0,0
26,45,26,,1,,1,2,0,0,0,0,0
27,45,27,,1,,1,2,0,0,0,0,0
28,45,28,,1,,1,2,0,0,0,0,0
29,138,29,,1,,1,2,2,0,0,1,0
30,138,30,,1,,1,2,2,0,0,1,0
31,138,31,,1,,1,2,2,0,0,1,0
32,138,32,,1,,1,2,2,0,0,1,0
33,138,33,,1,,1,2,2,0,0,1,0
34,138,34,,1,,1,2,2,0,0,1,0
35,44,35,,1,,1,3,2,0,0,0,0
38,84,38,,1,"species are listed as introduced/naturalized without clear definition, but as most of these species seem to occur in natural vegetation it can be assumed they are naturalized",1,2,2,0,0,0,0
39,66,39,,1,,1,2,2,0,1,1,0
40,84,40,,1,"species are listed as introduced/naturalized without clear definition, but as most of these species seem to occur in natural vegetation it can be assumed they are naturalized",1,1,2,0,0,0,0
41,123,41,,1,,1,2,2,0,0,0,0
42,84,42,,1,"species are listed as introduced/naturalized without clear definition, but as most of these species seem to occur in natural vegetation it can be assumed they are naturalized",1,2,2,0,0,0,0
43,84,43,,1,"species are listed as introduced/naturalized without clear definition, but as most of these species seem to occur in natural vegetation it can be assumed they are naturalized",1,2,2,0,0,0,0
44,84,44,,1,"species are listed as introduced/naturalized without clear definition, but as most of these species seem to occur in natural vegetation it can be assumed they are naturalized",1,2,2,0,0,0,0
45,84,45,,1,"species are listed as introduced/naturalized without clear definition, but as most of these species seem to occur in natural vegetation it can be assumed they are naturalized",1,2,2,0,0,0,0
46,84,46,,1,"species are listed as introduced/naturalized without clear definition, but as most of these species seem to occur in natural vegetation it can be assumed they are naturalized",1,2,2,0,0,0,0
47,84,47,,1,"species are listed as introduced/naturalized without clear definition, but as most of these species seem to occur in natural vegetation it can be assumed they are naturalized",1,1,2,0,0,0,0
48,84,48,,1,"species are listed as introduced/naturalized without clear definition, but as most of these species seem to occur in natural vegetation it can be assumed they are naturalized",1,1,2,0,0,0,0
49,84,49,,1,"species are listed as introduced/naturalized without clear definition, but as most of these species seem to occur in natural vegetation it can be assumed they are naturalized",1,1,2,0,0,0,0
50,84,50,,1,"species are listed as introduced/naturalized without clear definition, but as most of these species seem to occur in natural vegetation it can be assumed they are naturalized",1,2,2,0,0,0,0
51,84,51,,1,"species are listed as introduced/naturalized without clear definition, but as most of these species seem to occur in natural vegetation it can be assumed they are naturalized",1,2,2,0,0,0,0
52,84,52,,1,"species are listed as introduced/naturalized without clear definition, but as most of these species seem to occur in natural vegetation it can be assumed they are naturalized",1,2,2,0,0,0,0
53,84,53,,1,"species are listed as introduced/naturalized without clear definition, but as most of these species seem to occur in natural vegetation it can be assumed they are naturalized",1,2,2,0,0,0,0
54,84,54,,1,"species are listed as introduced/naturalized without clear definition, but as most of these species seem to occur in natural vegetation it can be assumed they are naturalized",1,1,2,0,0,0,0
69,112,69,,1,,1,3,2,0,1,0,0
70,84,70,,1,"species are listed as introduced/naturalized without clear definition, but as most of these species seem to occur in natural vegetation it can be assumed they are naturalized",1,2,2,0,0,0,0
71,84,71,,1,"species are listed as introduced/naturalized without clear definition, but as most of these species seem to occur in natural vegetation it can be assumed they are naturalized",1,1,2,0,0,0,0
87,84,87,,1,"species are listed as introduced/naturalized without clear definition, but as most of these species seem to occur in natural vegetation it can be assumed they are naturalized",1,1,2,0,0,0,0
88,23,88,,1,,1,3,2,0,0,0,0
89,23,89,,1,,1,3,2,0,0,0,0
90,23,90,,1,,1,3,2,0,0,0,0
91,23,91,,1,,1,3,2,0,0,0,0
92,23,92,,1,,1,3,2,0,0,0,0
93,23,93,,1,,1,3,2,0,0,0,0
94,23,94,,1,,1,3,2,0,0,0,0
95,23,95,,1,,1,3,2,0,0,0,0
96,23,96,,1,,1,3,2,0,0,0,0
97,23,97,,1,,1,3,2,0,0,0,0
98,23,98,,1,,1,3,2,0,0,0,0
99,23,99,,1,,1,3,2,0,0,0,0
100,23,100,,1,,1,3,2,0,0,0,0
101,84,101,,1,"species are listed as introduced/naturalized without clear definition, but as most of these species seem to occur in natural vegetation it can be assumed they are naturalized",1,2,2,0,0,0,0
102,84,102,,1,"species are listed as introduced/naturalized without clear definition, but as most of these species seem to occur in natural vegetation it can be assumed they are naturalized",1,1,2,0,0,0,0
103,84,103,,1,"species are listed as introduced/naturalized without clear definition, but as most of these species seem to occur in natural vegetation it can be assumed they are naturalized",1,2,2,0,0,0,0
104,9,104,,1,some of the sparingly naturalised species might be considered casuals,1,3,2,0,0,0,0
105,44,105,,1,,1,3,2,0,0,0,1
106,84,106,,1,"species are listed as introduced/naturalized without clear definition, but as most of these species seem to occur in natural vegetation it can be assumed they are naturalized",1,2,2,0,0,0,0
108,65,108,,1,,1,3,2,0,0,0,0
109,65,109,,1,,1,3,2,0,0,0,0
110,65,110,,1,,1,3,2,0,0,0,0
111,65,111,,1,,1,3,2,0,0,0,0
112,65,112,,1,,1,3,2,0,0,0,0
113,65,113,,1,,1,3,2,0,0,0,0
114,65,114,,1,,1,3,2,0,0,0,0
115,65,115,,1,,1,3,2,0,0,0,0
116,65,116,,1,,1,3,2,0,0,0,0
117,65,117,,1,,1,3,2,0,0,0,0
118,65,118,,1,,1,3,2,0,0,0,0
119,65,119,,1,,1,3,2,0,0,0,0
120,65,120,,1,,1,3,2,0,0,0,0
121,65,121,,1,,1,3,2,0,0,0,0
122,65,122,,1,,1,3,2,0,0,0,0
123,65,123,,1,,1,3,2,0,0,0,0
124,65,124,,1,,1,3,2,0,0,0,0
125,65,125,,1,,1,3,2,0,0,0,0
126,65,126,,1,,1,3,2,0,0,0,0
127,65,127,,1,,1,3,2,0,0,0,0
128,65,128,,1,,1,3,2,0,0,0,0
129,65,129,,1,,1,3,2,0,0,0,0
130,65,130,,1,,1,3,2,0,0,0,0
131,65,131,,1,,1,3,2,0,0,0,0
132,65,132,,1,,1,3,2,0,0,0,0
133,65,133,,1,,1,3,2,0,0,0,0
134,84,134,,1,"species are listed as introduced/naturalized without clear definition, but as most of these species seem to occur in natural vegetation it can be assumed they are naturalized",1,2,2,0,0,0,0
135,84,135,,1,"species are listed as introduced/naturalized without clear definition, but as most of these species seem to occur in natural vegetation it can be assumed they are naturalized",1,2,2,0,0,0,0
136,84,136,,1,"species are listed as introduced/naturalized without clear definition, but as most of these species seem to occur in natural vegetation it can be assumed they are naturalized",1,1,2,0,0,0,0
141,130,141,,1,,1,2,1,0,0,0,1
142,130,142,,1,,1,2,1,0,0,0,1
143,130,143,,1,,1,2,1,0,0,0,1
146,64,146,,1,,1,2,1,0,0,0,1
148,29,148,,1,,2,2,2,0,0,0,0
149,60,149,,1,,1,2,2,0,0,0,0
150,64,150,,1,,1,2,1,0,0,0,1
151,21,151,,1,,1,2,2,0,0,0,0
160,5,160,,1,"It uses invasoras without definition. As they also list exotic species that are cultivated only, I believe that invasoras also includes naturalized.",2,2,2,0,0,1,0
181,111,181,,1,,1,2,2,0,0,0,1
198,122,198,,1,,1,2,2,0,0,0,0
200,29,200,,1,,1,2,2,0,1,0,0
201,45,201,,1,Based on Nicol Fuentes personal database,1,2,0,0,0,0,0
202,45,202,,1,Based on Nicol Fuentes personal database,1,2,0,0,0,0,0
203,45,203,,1,Based on Nicol Fuentes personal database,1,2,0,0,0,0,0
204,45,204,,1,Based on Nicol Fuentes personal database,1,2,0,0,0,0,0
205,82,205,,1,The catalogue does not include cultivated. It uses adventive/naturalized.,1,3,1,0,0,0,0
206,45,206,,1,Based on Nicol Fuentes personal database,1,2,0,0,0,0,0
207,45,207,,1,Based on Nicol Fuentes personal database,1,2,0,0,0,0,0
208,45,208,,1,Based on Nicol Fuentes personal database,1,2,0,0,0,0,0
209,45,209,,1,Based on Nicol Fuentes personal database,1,2,0,0,0,0,0
210,45,210,,1,Based on Nicol Fuentes personal database,1,2,0,0,0,0,0
211,45,211,,1,Based on Nicol Fuentes personal database,1,2,0,0,0,0,0
212,45,212,,1,Based on Nicol Fuentes personal database,1,2,0,0,0,0,0
213,45,213,,1,Based on Nicol Fuentes personal database,1,2,0,0,0,0,0
214,45,214,,1,Based on Nicol Fuentes personal database,1,2,0,0,0,0,0
215,45,215,,1,Based on Nicol Fuentes personal database,1,2,0,0,0,0,0
216,45,216,,1,Based on Nicol Fuentes personal database,1,2,0,0,0,0,0
217,45,217,,1,Based on Nicol Fuentes personal database,1,2,0,0,0,0,0
218,45,218,,1,Based on Nicol Fuentes personal database,1,2,0,0,0,0,0
219,45,219,,1,Based on Nicol Fuentes personal database,1,2,0,0,0,0,0
220,45,220,,1,Based on Nicol Fuentes personal database,1,2,0,0,0,0,0
221,45,221,,1,Based on Nicol Fuentes personal database,1,2,0,0,0,0,0
222,45,222,,1,Based on Nicol Fuentes personal database,1,2,0,0,0,0,0
223,45,223,,1,Based on Nicol Fuentes personal database,1,2,0,0,0,0,0
224,45,224,,1,Based on Nicol Fuentes personal database,1,2,0,0,0,0,0
225,45,225,,1,Based on Nicol Fuentes personal database,1,2,0,0,0,0,0
226,45,226,,1,Based on Nicol Fuentes personal database,1,2,0,0,0,0,0
227,45,227,,1,Based on Nicol Fuentes personal database,1,2,0,0,0,0,0
228,45,228,,1,Based on Nicol Fuentes personal database,1,2,0,0,0,0,0
229,45,229,,1,Based on Nicol Fuentes personal database,1,2,0,0,0,0,0
230,45,230,,1,Based on Nicol Fuentes personal database,1,2,0,0,0,0,0
231,45,231,,1,Based on Nicol Fuentes personal database,1,2,0,0,0,0,0
232,45,232,,1,Based on Nicol Fuentes personal database,1,2,0,0,0,0,0
233,45,233,,1,Based on Nicol Fuentes personal database,1,2,0,0,0,0,0
234,45,234,,1,Based on Nicol Fuentes personal database,1,2,0,0,0,0,0
235,45,235,,1,Based on Nicol Fuentes personal database,1,2,0,0,0,0,0
236,45,236,,1,Based on Nicol Fuentes personal database,1,2,0,0,0,0,0
237,45,237,,1,Based on Nicol Fuentes personal database,1,2,0,0,0,0,0
238,45,238,,1,Based on Nicol Fuentes personal database,1,2,0,0,0,0,0
239,45,239,,1,Based on Nicol Fuentes personal database,1,2,0,0,0,0,0
240,45,240,,1,Based on Nicol Fuentes personal database,1,2,0,0,0,0,0
241,45,241,,1,Based on Nicol Fuentes personal database,1,2,0,0,0,0,0
242,82,242,,1,The catalogue does not include cultivated. It uses adventive/naturalized.,1,3,1,0,0,0,0
243,45,243,,1,Based on Nicol Fuentes personal database,1,2,0,0,0,0,0
244,82,244,,1,The catalogue does not include cultivated. It uses adventive/naturalized.,1,3,1,0,0,0,0
245,45,245,,1,Based on Nicol Fuentes personal database,1,2,0,0,0,0,0
246,45,246,,1,Based on Nicol Fuentes personal database,1,2,0,0,0,0,0
247,45,247,,1,Based on Nicol Fuentes personal database,1,2,0,0,0,0,0
248,45,248,,1,Based on Nicol Fuentes personal database,1,2,0,0,0,0,0
249,45,249,,1,Based on Nicol Fuentes personal database,1,2,0,0,0,0,0
250,45,250,,1,Based on Nicol Fuentes personal database,1,2,0,0,0,0,0
251,45,251,,1,Based on Nicol Fuentes personal database,1,2,0,0,0,0,0
252,45,252,,1,Based on Nicol Fuentes personal database,1,2,0,0,0,0,0
253,45,253,,1,Based on Nicol Fuentes personal database,1,2,0,0,0,0,0
306,20,306,,1,,1,2,2,0,0,0,1
309,55,309,,1,Eduardo wrote in email that data are comprehensive.,1,3,0,0,0,0,0
311,130,311,,1,,1,2,1,0,0,0,1
312,32,312,,1,,1,2,2,0,0,0,0
314,29,314,,1,,1,2,2,0,0,0,0
315,29,315,,1,,1,3,2,0,1,0,1
316,29,316,,1,,1,3,2,0,1,0,0
319,29,319,,1,,1,3,2,0,1,0,0
320,64,320,,1,,1,2,1,0,0,0,1
328,29,328,,1,"Residence time unknown was included, which means that there might be some archeophytes in the list. Species with unknown status were excluded.",1,3,2,0,1,0,0
331,29,331,,1,"Residence time unknown was included, which means that there might be some archeophytes in the list. Species with unknown status were excluded.",1,2,2,0,0,0,0
332,43,332,,1,"Introduced species listed here include approximately 50 cultivated ornamental or crop plants, some of which naturalize. Naturalized species are indicated in description.",1,2,2,0,0,1,0
333,43,333,,1,"Introduced species listed here include approximately 50 cultivated ornamental or crop plants, some of which naturalize. Naturalized species are indicated in description.",1,2,2,0,0,1,0
334,124,334,,1,"It uses nonindigenous, and does not specify naturalization status. However, given that the island is uninhabited, it seems reasonable to call the non-indigenous species naturalized.",2,3,2,0,0,0,0
335,43,335,,1,"Introduced species listed here include approximately 50 cultivated ornamental or crop plants, some of which naturalize. Naturalized species are indicated in description.",1,2,2,0,0,1,0
337,44,337,,1,,1,3,2,0,0,0,1
338,107,338,,1,"I (Mark) has the impression that introduced species are naturalized, but it is not explicitly said that they are.",2,2,2,0,0,0,0
339,29,339,,1,"Only included species listed as nat, residence time unknown for all species.",1,3,2,0,1,0,0
340,29,340,,1,"Only included species listed as nat, residence time neo and unknown.",1,3,2,0,0,0,0
341,44,341,,1,,1,3,2,0,0,0,1
342,29,342,,1,"Only included nat, residence time all unknown",2,2,2,0,0,0,0
344,137,344,,1,"At the time of the present survey, approximately 134 species of plants could be classified as weedy or naturalized alien species.",1,2,1,0,0,1,0
345,2582,345,,1,main list from Roy et al. 2012; archeophyte status from Walker 2021 pers. comm.,1,3,2,0,0,0,0
346,29,346,,1,,1,3,2,0,0,0,0
347,2582,347,,1,main list from Roy et al. 2012; archeophyte status from Walker 2021 pers. comm.,1,3,2,0,0,0,0
348,2582,348,,1,main list from Roy et al. 2012; archeophyte status from Walker 2021 pers. comm.,1,3,2,0,0,0,0
349,67,349,,1,,1,2,2,0,1,0,1
353,22,353,,1,,1,1,2,0,0,0,0
354,22,354,,1,,1,1,2,0,0,0,0
355,22,355,,1,,1,1,2,0,0,0,0
356,38,356,,1,,1,2,1,0,0,0,0
357,29,357,,1,"Nat ony, residence time neo and unknown",1,3,2,0,1,0,0
360,31,360,,1,,1,2,1,0,0,1,0
363,44,363,,1,,1,3,2,0,0,0,1
367,29,367,,1,,1,2,2,0,1,0,0
368,109,368,,1,status was deduced from descriptions and is not always fully clear. Rachael Holmes said that Sri Tjirosoedirdjo will check the list/status at some point,1,1,2,0,1,1,0
369,116,369,,1,neophyte defined as naturalized alien introduced after 1492,1,1,2,0,1,0,0
403,29,403,,1,,1,2,2,0,1,0,0
404,134,404,,1,,1,3,0,0,1,0,1
405,134,405,,1,,1,3,0,0,1,0,1
406,134,406,,1,,1,3,0,0,1,0,1
407,134,407,,1,,1,3,0,0,1,0,1
408,134,408,,1,,1,3,0,0,1,0,1
409,134,409,,1,,1,3,0,0,1,0,1
414,64,414,,1,,1,2,1,0,0,0,1
415,116,415,,1,neophyte defined as naturalized alien introduced after 1492,1,1,2,0,1,0,0
416,77,416,,1,,1,3,2,0,0,0,0
418,73,418,,1,"Petr: Status - all species are widespread (šr in original data), my guess is we can consider them all as naturalized (which also makes sense given the species number)",2,2,2,0,0,0,0
419,135,419,,1,Introduced by Polynesians or in historic time. No clear information on which ones are only cultivated.,1,1,2,0,0,0,0
420,135,420,,1,Introduced by Polynesians or in historic time. No clear information on which ones are only cultivated.,1,1,2,0,0,0,0
427,135,427,,1,Introduced by Polynesians or in historic time. No clear information on which ones are only cultivated.,1,1,2,0,0,0,0
428,135,428,,1,Introduced by Polynesians or in historic time. No clear information on which ones are only cultivated.,1,1,2,0,0,0,0
436,29,436,,1,,1,2,2,0,1,0,0
437,110,437,,2,,1,2,2,0,0,0,0
438,69,438,,1,,1,2,2,0,0,0,0
439,29,439,,1,,1,2,2,0,1,0,0
440,29,440,,1,,1,3,2,0,0,0,0
441,29,441,,1,,1,3,2,0,1,0,0
443,29,443,,1,,2,2,2,0,0,0,0
444,70,444,,1,,1,3,0,0,0,1,1
445,26,445,,1,"Most likely all species are naturalized, but not provided. Estas listas no son definitivas ni exhaustivas.",2,2,0,0,0,0,1
447,26,447,,1,"Most likely all species are naturalized, but not provided. Estas listas no son definitivas ni exhaustivas.",2,2,0,0,0,0,1
448,26,448,,1,"Most likely all species are naturalized, but not provided. Estas listas no son definitivas ni exhaustivas.",2,2,0,0,0,0,1
449,26,449,,1,"Most likely all species are naturalized, but not provided. Estas listas no son definitivas ni exhaustivas.",2,2,0,0,0,0,1
450,26,450,,1,"Most likely all species are naturalized, but not provided. Estas listas no son definitivas ni exhaustivas.",2,2,0,0,0,0,1
451,26,451,,1,"Most likely all species are naturalized, but not provided. Estas listas no son definitivas ni exhaustivas.",2,2,0,0,0,0,1
452,26,452,,1,"Most likely all species are naturalized, but not provided. Estas listas no son definitivas ni exhaustivas.",2,2,0,0,0,0,1
453,26,453,,1,"Most likely all species are naturalized, but not provided. Estas listas no son definitivas ni exhaustivas.",2,2,0,0,0,0,1
454,26,454,,1,"Most likely all species are naturalized, but not provided. Estas listas no son definitivas ni exhaustivas.",2,2,0,0,0,0,1
455,26,455,,1,"Most likely all species are naturalized, but not provided. Estas listas no son definitivas ni exhaustivas.",2,2,0,0,0,0,1
456,26,456,,1,"Most likely all species are naturalized, but not provided. Estas listas no son definitivas ni exhaustivas.",2,2,0,0,0,0,1
457,26,457,,1,"Most likely all species are naturalized, but not provided. Estas listas no son definitivas ni exhaustivas.",2,2,0,0,0,0,1
458,26,458,,1,"Most likely all species are naturalized, but not provided. Estas listas no son definitivas ni exhaustivas.",2,2,0,0,0,0,1
459,26,459,,1,"Most likely all species are naturalized, but not provided. Estas listas no son definitivas ni exhaustivas.",2,2,0,0,0,0,1
460,26,460,,1,"Most likely all species are naturalized, but not provided. Estas listas no son definitivas ni exhaustivas.",2,2,0,0,0,0,1
461,26,461,,1,"Most likely all species are naturalized, but not provided. Estas listas no son definitivas ni exhaustivas.",2,2,0,0,0,0,1
462,26,462,,1,"Most likely all species are naturalized, but not provided. Estas listas no son definitivas ni exhaustivas.",2,2,0,0,0,0,1
463,26,463,,1,"Most likely all species are naturalized, but not provided. Estas listas no son definitivas ni exhaustivas.",2,2,0,0,0,0,1
464,26,464,,1,"Most likely all species are naturalized, but not provided. Estas listas no son definitivas ni exhaustivas.",2,2,0,0,0,0,1
465,26,465,,1,"Most likely all species are naturalized, but not provided. Estas listas no son definitivas ni exhaustivas.",2,2,0,0,0,0,1
466,26,466,,1,"Most likely all species are naturalized, but not provided. Estas listas no son definitivas ni exhaustivas.",2,2,0,0,0,0,1
467,26,467,,1,"Most likely all species are naturalized, but not provided. Estas listas no son definitivas ni exhaustivas.",2,2,0,0,0,0,1
468,26,468,,1,"Most likely all species are naturalized, but not provided. Estas listas no son definitivas ni exhaustivas.",2,2,0,0,0,0,1
469,76,469,,1,we accept 117 species as native and 47 more as naturalized.,1,2,2,0,0,0,0
470,26,470,,1,"Most likely all species are naturalized, but not provided. Estas listas no son definitivas ni exhaustivas.",2,2,0,0,0,0,1
471,26,471,,1,"Most likely all species are naturalized, but not provided. Estas listas no son definitivas ni exhaustivas.",2,2,0,0,0,0,1
472,26,472,,1,"Most likely all species are naturalized, but not provided. Estas listas no son definitivas ni exhaustivas.",2,2,0,0,0,0,1
473,26,473,,1,"Most likely all species are naturalized, but not provided. Estas listas no son definitivas ni exhaustivas.",2,2,0,0,0,0,1
474,26,474,,1,"Most likely all species are naturalized, but not provided. Estas listas no son definitivas ni exhaustivas.",2,2,0,0,0,0,1
475,26,475,,1,"Most likely all species are naturalized, but not provided. Estas listas no son definitivas ni exhaustivas.",2,2,0,0,0,0,1
476,26,476,,1,"Most likely all species are naturalized, but not provided. Estas listas no son definitivas ni exhaustivas.",2,2,0,0,0,0,1
477,104,477,,1,"uninhabited atoll, therefore I assume that introduced species are naturalized. However, the list includes aboriginal introductions. Can be separated.",2,2,2,0,0,0,0
478,115,478,,1,"The total of adventive weeds is 27, and that of cultivated plants, including both food crops and ornamentals is 26. Seems reasonable to call the adventive weeds, naturalized.",2,2,2,0,0,1,0
479,131,479,,1,"aboriginal and recent introductions, species description provides insight into whether species is naturalized or not.",1,2,2,0,0,1,0
480,104,480,,1,"uninhabited atoll since nuclear fall out in 1985, therefore I assume that introduced species are naturalized. However, the list includes aboriginal introductions. Can be separated.",2,2,2,0,0,0,0
481,29,481,,1,,1,1,2,0,0,0,0
483,29,483,,1,,1,2,2,0,0,0,0
508,105,508,,1,,1,2,2,0,0,1,1
512,128,512,,1,,1,2,2,0,0,0,0
513,7,513,,1,,1,2,2,0,0,0,0
516,51,516,,1,,1,3,2,0,0,0,0
519,29,519,,1,,1,2,2,0,0,0,0
524,2374,524,,1,,1,2,2,0,0,1,0
525,25,525,,1,,1,3,2,0,0,0,0
527,30,527,,1,"Forty-one taxa (including three hybrid combinations) are endemic, 400 indigenous, and 434 are considered naturalised.",1,2,1,0,0,0,0
529,86,529,,1,,1,1,2,0,0,0,0
532,127,532,,1,,1,3,2,0,1,0,1
536,15,536,,1,"i – Introduced, taxa introduced by man that became naturalised.",1,3,2,0,0,0,0
538,29,538,,1,,1,2,2,0,1,0,0
539,15,539,,1,"i – Introduced, taxa introduced by man that became naturalised.",1,3,2,0,0,0,0
540,15,540,,1,"i – Introduced, taxa introduced by man that became naturalised.",1,3,2,0,0,0,0
541,40,541,,1,"original database is temporarily not accessible (13 July 2017), but INPN database that also uses the data classifies introduit as established or possibly established. Noelie contacted INPN curator, and he confirmed that the species are naturalized.",1,1,2,0,0,0,0
543,40,543,,1,"original database is temporarily not accessible (13 July 2017), but INPN database that also uses the data classifies introduit as established or possibly established. Noelie contacted INPN curator, and he confirmed that the species are naturalized.",1,1,2,0,0,0,0
544,40,544,,1,"original database is temporarily not accessible (13 July 2017), but INPN database that also uses the data classifies introduit as established or possibly established. Noelie contacted INPN curator, and he confirmed that the species are naturalized.",1,2,2,0,0,0,0
545,40,545,,1,"original database is temporarily not accessible (13 July 2017), but INPN database that also uses the data classifies introduit as established or possibly established. Noelie contacted INPN curator, and he confirmed that the species are naturalized.",1,2,2,0,0,0,0
546,40,546,,1,"original database is temporarily not accessible (13 July 2017), but INPN database that also uses the data classifies introduit as established or possibly established. Noelie contacted INPN curator, and he confirmed that the species are naturalized.",1,2,2,0,0,0,0
547,40,547,,1,"original database is temporarily not accessible (13 July 2017), but INPN database that also uses the data classifies introduit as established or possibly established. Noelie contacted INPN curator, and he confirmed that the species are naturalized.",1,2,2,0,0,0,0
548,40,548,,1,"original database is temporarily not accessible (13 July 2017), but INPN database that also uses the data classifies introduit as established or possibly established. Noelie contacted INPN curator, and he confirmed that the species are naturalized.",1,1,2,0,0,0,0
549,40,549,,1,"original database is temporarily not accessible (13 July 2017), but INPN database that also uses the data classifies introduit as established or possibly established. Noelie contacted INPN curator, and he confirmed that the species are naturalized.",1,2,2,0,0,0,0
550,40,550,,1,"original database is temporarily not accessible (13 July 2017), but INPN database that also uses the data classifies introduit as established or possibly established. Noelie contacted INPN curator, and he confirmed that the species are naturalized.",1,1,2,0,0,0,0
551,40,551,,1,"original database is temporarily not accessible (13 July 2017), but INPN database that also uses the data classifies introduit as established or possibly established. Noelie contacted INPN curator, and he confirmed that the species are naturalized.",1,1,2,0,0,0,0
554,40,554,,1,"original database is temporarily not accessible (13 July 2017), but INPN database that also uses the data classifies introduit as established or possibly established. Noelie contacted INPN curator, and he confirmed that the species are naturalized.",1,2,2,0,0,0,0
555,40,555,,1,"original database is temporarily not accessible (13 July 2017), but INPN database that also uses the data classifies introduit as established or possibly established. Noelie contacted INPN curator, and he confirmed that the species are naturalized.",1,1,2,0,0,0,0
556,40,556,,1,"original database is temporarily not accessible (13 July 2017), but INPN database that also uses the data classifies introduit as established or possibly established. Noelie contacted INPN curator, and he confirmed that the species are naturalized.",1,1,2,0,0,0,0
557,40,557,,1,"original database is temporarily not accessible (13 July 2017), but INPN database that also uses the data classifies introduit as established or possibly established. Noelie contacted INPN curator, and he confirmed that the species are naturalized.",1,1,2,0,0,0,0
558,40,558,,1,"original database is temporarily not accessible (13 July 2017), but INPN database that also uses the data classifies introduit as established or possibly established. Noelie contacted INPN curator, and he confirmed that the species are naturalized.",1,1,2,0,0,0,0
559,40,559,,1,"original database is temporarily not accessible (13 July 2017), but INPN database that also uses the data classifies introduit as established or possibly established. Noelie contacted INPN curator, and he confirmed that the species are naturalized.",1,1,2,0,0,0,0
560,40,560,,1,"original database is temporarily not accessible (13 July 2017), but INPN database that also uses the data classifies introduit as established or possibly established. Noelie contacted INPN curator, and he confirmed that the species are naturalized.",1,1,2,0,0,0,0
561,40,561,,1,"original database is temporarily not accessible (13 July 2017), but INPN database that also uses the data classifies introduit as established or possibly established. Noelie contacted INPN curator, and he confirmed that the species are naturalized.",1,1,2,0,0,0,0
562,40,562,,1,"original database is temporarily not accessible (13 July 2017), but INPN database that also uses the data classifies introduit as established or possibly established. Noelie contacted INPN curator, and he confirmed that the species are naturalized.",1,2,2,0,0,0,0
563,40,563,,1,"original database is temporarily not accessible (13 July 2017), but INPN database that also uses the data classifies introduit as established or possibly established. Noelie contacted INPN curator, and he confirmed that the species are naturalized.",1,1,2,0,0,0,0
564,40,564,,1,"original database is temporarily not accessible (13 July 2017), but INPN database that also uses the data classifies introduit as established or possibly established. Noelie contacted INPN curator, and he confirmed that the species are naturalized.",1,1,2,0,0,0,0
565,40,565,,1,"original database is temporarily not accessible (13 July 2017), but INPN database that also uses the data classifies introduit as established or possibly established. Noelie contacted INPN curator, and he confirmed that the species are naturalized.",1,2,2,0,0,0,0
566,40,566,,1,"original database is temporarily not accessible (13 July 2017), but INPN database that also uses the data classifies introduit as established or possibly established. Noelie contacted INPN curator, and he confirmed that the species are naturalized.",1,1,2,0,0,0,0
567,40,567,,1,"original database is temporarily not accessible (13 July 2017), but INPN database that also uses the data classifies introduit as established or possibly established. Noelie contacted INPN curator, and he confirmed that the species are naturalized.",1,2,2,0,0,0,0
568,40,568,,1,"original database is temporarily not accessible (13 July 2017), but INPN database that also uses the data classifies introduit as established or possibly established. Noelie contacted INPN curator, and he confirmed that the species are naturalized.",1,1,2,0,0,0,0
569,40,569,,1,"original database is temporarily not accessible (13 July 2017), but INPN database that also uses the data classifies introduit as established or possibly established. Noelie contacted INPN curator, and he confirmed that the species are naturalized.",1,2,2,0,0,0,0
570,40,570,,1,"original database is temporarily not accessible (13 July 2017), but INPN database that also uses the data classifies introduit as established or possibly established. Noelie contacted INPN curator, and he confirmed that the species are naturalized.",1,2,2,0,0,0,0
571,40,571,,1,"original database is temporarily not accessible (13 July 2017), but INPN database that also uses the data classifies introduit as established or possibly established. Noelie contacted INPN curator, and he confirmed that the species are naturalized.",1,1,2,0,0,0,0
572,40,572,,1,"original database is temporarily not accessible (13 July 2017), but INPN database that also uses the data classifies introduit as established or possibly established. Noelie contacted INPN curator, and he confirmed that the species are naturalized.",1,1,2,0,0,0,0
573,40,573,,1,"original database is temporarily not accessible (13 July 2017), but INPN database that also uses the data classifies introduit as established or possibly established. Noelie contacted INPN curator, and he confirmed that the species are naturalized.",1,1,2,0,0,0,0
574,40,574,,1,"original database is temporarily not accessible (13 July 2017), but INPN database that also uses the data classifies introduit as established or possibly established. Noelie contacted INPN curator, and he confirmed that the species are naturalized.",1,1,2,0,0,0,0
575,40,575,,1,"original database is temporarily not accessible (13 July 2017), but INPN database that also uses the data classifies introduit as established or possibly established. Noelie contacted INPN curator, and he confirmed that the species are naturalized.",1,1,2,0,0,0,0
577,40,577,,1,"original database is temporarily not accessible (13 July 2017), but INPN database that also uses the data classifies introduit as established or possibly established. Noelie contacted INPN curator, and he confirmed that the species are naturalized.",1,1,2,0,0,0,0
578,40,578,,1,"original database is temporarily not accessible (13 July 2017), but INPN database that also uses the data classifies introduit as established or possibly established. Noelie contacted INPN curator, and he confirmed that the species are naturalized.",1,2,2,0,0,0,0
579,40,579,,1,"original database is temporarily not accessible (13 July 2017), but INPN database that also uses the data classifies introduit as established or possibly established. Noelie contacted INPN curator, and he confirmed that the species are naturalized.",1,1,2,0,0,0,0
580,40,580,,1,"original database is temporarily not accessible (13 July 2017), but INPN database that also uses the data classifies introduit as established or possibly established. Noelie contacted INPN curator, and he confirmed that the species are naturalized.",1,2,2,0,0,0,0
581,40,581,,1,"original database is temporarily not accessible (13 July 2017), but INPN database that also uses the data classifies introduit as established or possibly established. Noelie contacted INPN curator, and he confirmed that the species are naturalized.",1,2,2,0,0,0,0
582,40,582,,1,"original database is temporarily not accessible (13 July 2017), but INPN database that also uses the data classifies introduit as established or possibly established. Noelie contacted INPN curator, and he confirmed that the species are naturalized.",1,1,2,0,0,0,0
583,40,583,,1,"original database is temporarily not accessible (13 July 2017), but INPN database that also uses the data classifies introduit as established or possibly established. Noelie contacted INPN curator, and he confirmed that the species are naturalized.",1,2,2,0,0,0,0
584,40,584,,1,"original database is temporarily not accessible (13 July 2017), but INPN database that also uses the data classifies introduit as established or possibly established. Noelie contacted INPN curator, and he confirmed that the species are naturalized.",1,1,2,0,0,0,0
588,40,588,,1,"original database is temporarily not accessible (13 July 2017), but INPN database that also uses the data classifies introduit as established or possibly established. Noelie contacted INPN curator, and he confirmed that the species are naturalized.",1,1,2,0,0,0,0
589,40,589,,1,"original database is temporarily not accessible (13 July 2017), but INPN database that also uses the data classifies introduit as established or possibly established. Noelie contacted INPN curator, and he confirmed that the species are naturalized.",1,1,2,0,0,0,0
590,40,590,,1,"original database is temporarily not accessible (13 July 2017), but INPN database that also uses the data classifies introduit as established or possibly established. Noelie contacted INPN curator, and he confirmed that the species are naturalized.",1,1,2,0,0,0,0
592,40,592,,1,"original database is temporarily not accessible (13 July 2017), but INPN database that also uses the data classifies introduit as established or possibly established. Noelie contacted INPN curator, and he confirmed that the species are naturalized.",1,1,2,0,0,0,0
594,40,594,,1,"original database is temporarily not accessible (13 July 2017), but INPN database that also uses the data classifies introduit as established or possibly established. Noelie contacted INPN curator, and he confirmed that the species are naturalized.",1,2,2,0,0,0,0
595,40,595,,1,"original database is temporarily not accessible (13 July 2017), but INPN database that also uses the data classifies introduit as established or possibly established. Noelie contacted INPN curator, and he confirmed that the species are naturalized.",1,1,2,0,0,0,0
596,40,596,,1,"original database is temporarily not accessible (13 July 2017), but INPN database that also uses the data classifies introduit as established or possibly established. Noelie contacted INPN curator, and he confirmed that the species are naturalized.",1,1,2,0,0,0,0
597,40,597,,1,"original database is temporarily not accessible (13 July 2017), but INPN database that also uses the data classifies introduit as established or possibly established. Noelie contacted INPN curator, and he confirmed that the species are naturalized.",1,1,2,0,0,0,0
600,40,600,,1,"original database is temporarily not accessible (13 July 2017), but INPN database that also uses the data classifies introduit as established or possibly established. Noelie contacted INPN curator, and he confirmed that the species are naturalized.",1,1,2,0,0,0,0
601,40,601,,1,"original database is temporarily not accessible (13 July 2017), but INPN database that also uses the data classifies introduit as established or possibly established. Noelie contacted INPN curator, and he confirmed that the species are naturalized.",1,1,2,0,0,0,0
603,40,603,,1,"original database is temporarily not accessible (13 July 2017), but INPN database that also uses the data classifies introduit as established or possibly established. Noelie contacted INPN curator, and he confirmed that the species are naturalized.",1,1,2,0,0,0,0
604,40,604,,1,"original database is temporarily not accessible (13 July 2017), but INPN database that also uses the data classifies introduit as established or possibly established. Noelie contacted INPN curator, and he confirmed that the species are naturalized.",1,1,2,0,0,0,0
605,40,605,,1,"original database is temporarily not accessible (13 July 2017), but INPN database that also uses the data classifies introduit as established or possibly established. Noelie contacted INPN curator, and he confirmed that the species are naturalized.",1,1,2,0,0,0,0
606,40,606,,1,"original database is temporarily not accessible (13 July 2017), but INPN database that also uses the data classifies introduit as established or possibly established. Noelie contacted INPN curator, and he confirmed that the species are naturalized.",1,1,2,0,0,0,0
607,40,607,,1,"original database is temporarily not accessible (13 July 2017), but INPN database that also uses the data classifies introduit as established or possibly established. Noelie contacted INPN curator, and he confirmed that the species are naturalized.",1,1,2,0,0,0,0
610,40,610,,1,"original database is temporarily not accessible (13 July 2017), but INPN database that also uses the data classifies introduit as established or possibly established. Noelie contacted INPN curator, and he confirmed that the species are naturalized.",1,1,2,0,0,0,0
611,40,611,,1,"original database is temporarily not accessible (13 July 2017), but INPN database that also uses the data classifies introduit as established or possibly established. Noelie contacted INPN curator, and he confirmed that the species are naturalized.",1,1,2,0,0,0,0
612,40,612,,1,"original database is temporarily not accessible (13 July 2017), but INPN database that also uses the data classifies introduit as established or possibly established. Noelie contacted INPN curator, and he confirmed that the species are naturalized.",1,1,2,0,0,0,0
613,89,613,,1,,1,2,2,0,0,0,0
614,29,614,,1,,1,2,2,0,1,0,0
617,47,617,,1,,1,2,2,0,0,0,0
618,47,618,,1,,1,2,2,0,0,0,0
620,121,620,,1,"Introduced species in parentheses in list. Given that only natural vegetations are described and many of the islands are uninhabited, it seems reasonable to assume that introduced = naturalized.",2,2,2,0,0,0,0
621,121,621,,1,"Introduced species in parentheses in list. Given that only natural vegetations are described and many of the islands are uninhabited, it seems reasonable to assume that introduced = naturalized.",2,2,2,0,0,0,0
622,120,622,,1,"It uses ""introduced?"", but from description it is clear that they are established species.",2,2,2,0,0,0,0
623,121,623,,1,"Introduced species in parentheses in list. Given that only natural vegetations are described and many of the islands are uninhabited, it seems reasonable to assume that introduced = naturalized.",2,2,2,0,0,0,0
625,121,625,,1,"Introduced species in parentheses in list. Given that only natural vegetations are described and many of the islands are uninhabited, it seems reasonable to assume that introduced = naturalized.",2,2,2,0,0,0,0
626,121,626,,1,"Introduced species in parentheses in list. Given that only natural vegetations are described and many of the islands are uninhabited, it seems reasonable to assume that introduced = naturalized.",2,2,2,0,0,0,0
627,47,627,,1,,1,2,2,0,0,0,0
628,121,628,,1,"Introduced species in parentheses in list. Given that only natural vegetations are described and many of the islands are uninhabited, it seems reasonable to assume that introduced = naturalized.",2,2,2,0,0,0,0
629,121,629,,1,"Introduced species in parentheses in list. Given that only natural vegetations are described and many of the islands are uninhabited, it seems reasonable to assume that introduced = naturalized.",2,2,2,0,0,0,0
630,121,630,,1,"Introduced species in parentheses in list. Given that only natural vegetations are described and many of the islands are uninhabited, it seems reasonable to assume that introduced = naturalized.",2,2,2,0,0,0,0
631,47,631,,1,,1,2,2,0,0,0,0
632,47,632,,1,,1,2,2,0,0,0,0
633,121,633,,1,"Introduced species in parentheses in list. Given that only natural vegetations are described and many of the islands are uninhabited, it seems reasonable to assume that introduced = naturalized.",2,2,2,0,0,0,0
634,121,634,,1,"Introduced species in parentheses in list. Given that only natural vegetations are described and many of the islands are uninhabited, it seems reasonable to assume that introduced = naturalized.",2,2,2,0,0,0,0
635,47,635,,1,,1,2,2,0,0,0,0
636,47,636,,1,,1,2,2,0,0,0,0
637,87,637,,1,,1,2,2,0,1,0,1
638,87,638,,1,,1,2,2,0,1,0,1
639,79,639,,1,,1,2,2,0,1,0,0
640,87,640,,1,,1,2,2,0,1,0,1
641,80,641,,1,Asked Pergl,1,2,2,0,1,0,0
642,87,642,,1,,1,2,2,0,1,0,1
643,34,643,,1,,1,2,2,0,0,0,1
644,34,644,,1,,1,2,2,0,0,0,1
645,34,645,,1,,1,2,2,0,0,0,1
646,34,646,,1,,1,2,2,0,0,0,1
647,34,647,,1,,1,2,2,0,0,0,1
648,34,648,,1,,1,2,2,0,0,0,1
649,34,649,,1,,1,2,2,0,0,0,1
650,34,650,,1,,1,2,2,0,0,0,1
651,34,651,,1,,1,2,2,0,0,0,1
652,34,652,,1,,1,2,2,0,0,0,1
653,34,653,,1,,1,2,2,0,0,0,1
654,34,654,,1,,1,2,2,0,0,0,1
655,87,655,,1,,1,2,2,0,1,0,1
656,87,656,,1,,1,2,2,0,1,0,1
657,87,657,,1,,1,2,2,0,1,0,1
659,59,659,,1,,1,3,0,0,0,0,0
662,24,662,,1,,1,2,2,0,1,0,0
663,44,663,,1,,1,3,2,0,0,0,1
665,132,665,,1,"Cultivated plants which do not persist in natural or semi-natural communities are not included. So, it only includes persistent aliens = naturalized. ""Establish.."" is used.",1,2,2,0,0,0,0
666,132,666,,1,"Cultivated plants which do not persist in natural or semi-natural communities are not included. So, it only includes persistent aliens = naturalized. ""Establish.."" is used.",1,2,2,0,0,0,0
667,132,667,,1,"Cultivated plants which do not persist in natural or semi-natural communities are not included. So, it only includes persistent aliens = naturalized. ""Establish.."" is used.",1,2,2,0,0,0,0
668,72,668,,1,,1,2,2,0,0,0,0
669,132,669,,1,"Cultivated plants which do not persist in natural or semi-natural communities are not included. So, it only includes persistent aliens = naturalized. ""Establish.."" is used.",1,2,2,0,0,0,0
675,29,675,,1,,1,2,2,0,1,0,1
677,29,677,,1,,1,2,2,0,1,0,0
678,119,678,,1,"The status categories are not so clear. However, none of the species seems to be restricted to cultivation, and invasive species are marked. Seems fair to call them naturalized.",2,2,2,0,0,0,1
679,130,679,,1,,1,2,1,0,0,0,1
680,49,680,,1,"Gerlach 2003 uses ""introduced"". In email (18 July 2017), he wrote""I have only listed species that are established as wild reporducing species.""",1,3,1,0,0,0,0
681,49,681,,1,"Gerlach 2003 uses ""introduced"". In email (18 July 2017), he wrote""I have only listed species that are established as wild reporducing species.""",1,3,1,0,0,0,0
682,49,682,,1,"Gerlach 2003 uses ""introduced"". In email (18 July 2017), he wrote""I have only listed species that are established as wild reporducing species.""",1,3,1,0,0,0,0
683,49,683,,1,"Gerlach 2003 uses ""introduced"". In email (18 July 2017), he wrote""I have only listed species that are established as wild reporducing species.""",1,3,1,0,0,0,0
684,49,684,,1,"Gerlach 2003 uses ""introduced"". In email (18 July 2017), he wrote""I have only listed species that are established as wild reporducing species.""",1,3,1,0,0,0,0
685,49,685,,1,"Gerlach 2003 uses ""introduced"". In email (18 July 2017), he wrote""I have only listed species that are established as wild reporducing species.""",1,3,1,0,0,0,0
687,49,687,,1,"Gerlach 2003 uses ""introduced"". In email (18 July 2017), he wrote""I have only listed species that are established as wild reporducing species.""",1,3,1,0,0,0,0
688,49,688,,1,"Gerlach 2003 uses ""introduced"". In email (18 July 2017), he wrote""I have only listed species that are established as wild reporducing species.""",1,3,1,0,0,0,0
689,49,689,,1,"Gerlach 2003 uses ""introduced"". In email (18 July 2017), he wrote""I have only listed species that are established as wild reporducing species.""",1,3,1,0,0,0,0
691,49,691,,1,"Gerlach 2003 uses ""introduced"". In email (18 July 2017), he wrote""I have only listed species that are established as wild reporducing species.""",1,3,1,0,0,0,0
693,49,693,,1,"Gerlach 2003 uses ""introduced"". In email (18 July 2017), he wrote""I have only listed species that are established as wild reporducing species.""",1,3,1,0,0,0,0
695,49,695,,1,"Gerlach 2003 uses ""introduced"". In email (18 July 2017), he wrote""I have only listed species that are established as wild reporducing species.""",1,3,1,0,0,0,0
697,49,697,,1,"Gerlach 2003 uses ""introduced"". In email (18 July 2017), he wrote""I have only listed species that are established as wild reporducing species.""",1,3,1,0,0,0,0
698,49,698,,1,"Gerlach 2003 uses ""introduced"". In email (18 July 2017), he wrote""I have only listed species that are established as wild reporducing species.""",1,3,1,0,0,0,0
699,49,699,,1,"Gerlach 2003 uses ""introduced"". In email (18 July 2017), he wrote""I have only listed species that are established as wild reporducing species.""",1,3,1,0,0,0,0
701,49,701,,1,"Gerlach 2003 uses ""introduced"". In email (18 July 2017), he wrote""I have only listed species that are established as wild reporducing species.""",1,3,1,0,0,0,0
703,49,703,,1,"Gerlach 2003 uses ""introduced"". In email (18 July 2017), he wrote""I have only listed species that are established as wild reporducing species.""",1,3,1,0,0,0,0
704,49,704,,1,"Gerlach 2003 uses ""introduced"". In email (18 July 2017), he wrote""I have only listed species that are established as wild reporducing species.""",1,3,1,0,0,0,0
705,49,705,,1,"Gerlach 2003 uses ""introduced"". In email (18 July 2017), he wrote""I have only listed species that are established as wild reporducing species.""",1,3,1,0,0,0,0
706,49,706,,1,"Gerlach 2003 uses ""introduced"". In email (18 July 2017), he wrote""I have only listed species that are established as wild reporducing species.""",1,3,1,0,0,0,0
707,49,707,,1,"Gerlach 2003 uses ""introduced"". In email (18 July 2017), he wrote""I have only listed species that are established as wild reporducing species.""",1,3,1,0,0,0,0
708,49,708,,1,"Gerlach 2003 uses ""introduced"". In email (18 July 2017), he wrote""I have only listed species that are established as wild reporducing species.""",1,3,1,0,0,0,0
709,49,709,,1,"Gerlach 2003 uses ""introduced"". In email (18 July 2017), he wrote""I have only listed species that are established as wild reporducing species.""",1,3,1,0,0,0,0
711,49,711,,1,"Gerlach 2003 uses ""introduced"". In email (18 July 2017), he wrote""I have only listed species that are established as wild reporducing species.""",1,3,1,0,0,0,0
713,49,713,,1,"Gerlach 2003 uses ""introduced"". In email (18 July 2017), he wrote""I have only listed species that are established as wild reporducing species.""",1,3,1,0,0,0,0
714,49,714,,1,"Gerlach 2003 uses ""introduced"". In email (18 July 2017), he wrote""I have only listed species that are established as wild reporducing species.""",1,3,1,0,0,0,0
715,49,715,,1,"Gerlach 2003 uses ""introduced"". In email (18 July 2017), he wrote""I have only listed species that are established as wild reporducing species.""",1,3,1,0,0,0,0
716,49,716,,1,"Gerlach 2003 uses ""introduced"". In email (18 July 2017), he wrote""I have only listed species that are established as wild reporducing species.""",1,3,1,0,0,0,0
717,49,717,,1,"Gerlach 2003 uses ""introduced"". In email (18 July 2017), he wrote""I have only listed species that are established as wild reporducing species.""",1,3,1,0,0,0,0
718,49,718,,1,"Gerlach 2003 uses ""introduced"". In email (18 July 2017), he wrote""I have only listed species that are established as wild reporducing species.""",1,3,1,0,0,0,0
719,49,719,,1,"Gerlach 2003 uses ""introduced"". In email (18 July 2017), he wrote""I have only listed species that are established as wild reporducing species.""",1,3,1,0,0,0,0
720,49,720,,1,"Gerlach 2003 uses ""introduced"". In email (18 July 2017), he wrote""I have only listed species that are established as wild reporducing species.""",1,3,1,0,0,0,0
721,49,721,,1,"Gerlach 2003 uses ""introduced"". In email (18 July 2017), he wrote""I have only listed species that are established as wild reporducing species.""",1,3,1,0,0,0,0
722,49,722,,1,"Gerlach 2003 uses ""introduced"". In email (18 July 2017), he wrote""I have only listed species that are established as wild reporducing species.""",1,3,1,0,0,0,0
723,49,723,,1,"Gerlach 2003 uses ""introduced"". In email (18 July 2017), he wrote""I have only listed species that are established as wild reporducing species.""",1,3,1,0,0,0,0
728,114,728,,1,,1,2,2,0,0,1,0
730,29,730,,1,,1,2,2,0,1,0,0
734,29,734,,1,,1,2,2,0,0,0,0
735,57,735,,1,,1,2,1,0,0,0,1
768,42,768,,1,"The increase from 3 to 27 species consists mainly of species that are obvious introductions, either deliberate, as cultivated plants, or accidental, as weeds. Based on description species that are certainly naturalized can be assigned. Quality scoring is based on this.",2,2,2,0,0,0,0
808,90,808,,1,,1,2,2,0,1,1,1
809,27,809,,1,"The l i s t of species includes few exotics. Dactyloctenium aegyptium, Cocos nucifera, -Aloe b arbadensis and Nerium oleander were introduced by post-Columbian man, and it is known that Lyco ersicon esculentum and Gossypium spp. have been cultivated in the past. Any non goat-proof introductions were not likely to persist.  In description of Aloe barbadensis it says ""naturalized"".",1,1,2,0,0,0,0
814,136,814,,1,"The source does not differentiate between native and naturalized species, but lists weedy exotics separately. ",1,1,2,1,0,1,1
815,136,815,,1,"The source does not differentiate between native and naturalized species, but lists weedy exotics separately. ",1,1,2,1,0,1,1
816,136,816,,1,"The source does not differentiate between native and naturalized species, but lists weedy exotics separately. ",1,1,2,1,0,1,1
817,136,817,,1,"The source does not differentiate between native and naturalized species, but lists weedy exotics separately. ",1,1,2,1,0,1,1
818,4,818,,1,,1,2,2,0,0,0,0
824,44,824,,1,,1,3,2,0,0,0,1
828,44,828,,1,,1,3,2,0,0,0,1
830,98,830,,1,,1,2,2,0,0,0,0
831,98,831,,1,,1,2,2,0,0,0,0
832,98,832,,1,,1,2,2,0,0,0,0
833,98,833,,1,,1,2,2,0,0,0,0
834,98,834,,1,,1,2,2,0,0,0,0
835,98,835,,1,,1,2,2,0,0,0,0
836,98,836,,1,,1,2,2,0,0,0,0
837,98,837,,1,,1,2,2,0,0,0,0
838,98,838,,1,,1,2,2,0,0,0,0
839,81,839,,1,,1,3,2,0,1,0,1
840,81,840,,1,,1,3,2,0,1,0,1
841,81,841,,1,,1,3,2,0,1,0,1
842,81,842,,1,,1,3,2,0,1,0,1
843,81,843,,1,,1,3,2,0,1,0,1
844,2321,152,,1,,1,2,0,0,0,0,0
845,2321,153,,1,,1,2,0,0,0,0,0
846,2321,154,,1,,1,2,0,0,0,0,0
847,2321,155,,1,,1,2,0,0,0,0,0
848,2321,156,,1,,1,2,0,0,0,0,0
849,2321,157,,1,,1,2,0,0,0,0,0
850,2321,158,,1,,1,2,0,0,0,0,0
851,2321,159,,1,,1,2,0,0,0,0,0
852,2321,161,,1,,1,2,0,0,0,0,0
853,2321,162,,1,,1,2,0,0,0,0,0
854,2321,163,,1,,1,2,0,0,0,0,0
855,2321,164,,1,,1,2,0,0,0,0,0
856,2321,165,,1,,1,2,0,0,0,0,0
857,2321,166,,1,,1,2,0,0,0,0,0
858,2321,167,,1,,1,2,0,0,0,0,0
859,2321,168,,1,,1,2,0,0,0,0,0
860,2321,169,,1,,1,2,0,0,0,0,0
861,2321,170,,1,,1,2,0,0,0,0,0
862,2321,171,,1,,1,2,0,0,0,0,0
863,2321,172,,1,,1,2,0,0,0,0,0
864,2321,173,,1,,1,2,0,0,0,0,0
865,2321,174,,1,,1,2,0,0,0,0,0
866,2321,175,,1,,1,2,0,0,0,0,0
867,2321,176,,1,,1,2,0,0,0,0,0
868,2321,177,,1,,1,2,0,0,0,0,0
869,2321,178,,1,,1,2,0,0,0,0,0
870,2321,179,,1,,1,2,0,0,0,0,0
871,2456,145,,1,,1,2,2,0,0,0,0
872,96,145,,1,,1,1,2,0,0,0,0
1004,2322,326,,1,,1,2,2,0,1,0,0
1006,61,381,,7,angios and gymnos included,1,3,2,0,1,1,1
1007,2354,519,,1,"invasive only, so automatically naturalized",1,1,2,1,0,0,1
1009,2372,150,,1,,1,2,2,0,0,0,0
1010,2326,908,,1,established species were assigned by Breckle (author of book).,1,1,1,0,0,0,0
1011,2328,900,,1,,1,1,2,0,1,0,0
1012,2346,615,,1,,1,1,2,1,0,0,1
1013,2352,316,,6,aquatic plants only,1,1,2,0,1,0,0
1014,2363,150,,1,"invasive only, so automatically naturalized",1,1,2,1,0,0,1
1015,2364,526,,1,,1,2,2,0,1,0,0
1016,2325,909,,1,"angios and gymnos included, pteridos not clear whether considered.",1,2,2,0,0,0,0
1017,2331,184,,1,"According to http://www.env.gov.bc.ca/soe/indicators/plants-and-animals/invasive_species.html, all species have established, and 175 are invasive.",1,3,2,0,0,0,0
1052,2345,523,,1,"Although 166 IPS are identified in Nepal (Tiwari et al. 2005), a large number of IPS are naturalized in Nepal as permanent denizens of the native flora. Although it calls the species invasive, ""naturalized seems more appropriate"". Author wrote in email that all vascular plants were considered.",1,2,2,0,0,0,0
1053,2348,416,,1,,1,3,2,0,0,0,1
1054,26,446,,1,"Most likely all species are naturalized, but not provided. Estas listas no son definitivas ni exhaustivas.",2,2,0,0,0,0,1
1055,48,446,,7,We present a comprehensive inventory of naturalized non-native fl ora of the Baja California peninsula.,1,3,1,0,0,0,1
1056,2375,561,,1,naturalized species in GloNAF include also the Polynesian introductions.,1,2,2,0,0,1,0
1057,2375,562,,1,naturalized species in GloNAF include also the Polynesian introductions.,1,2,2,0,0,1,0
1058,2375,563,,1,naturalized species in GloNAF include also the Polynesian introductions.,1,2,2,0,0,1,0
1059,2375,564,,1,naturalized species in GloNAF include also the Polynesian introductions.,1,2,2,0,0,1,0
1060,2375,565,,1,naturalized species in GloNAF include also the Polynesian introductions.,1,2,2,0,0,1,0
1061,2375,566,,1,naturalized species in GloNAF include also the Polynesian introductions.,1,2,2,0,0,1,0
1062,2375,567,,1,naturalized species in GloNAF include also the Polynesian introductions.,1,2,2,0,0,1,0
1063,2375,568,,1,naturalized species in GloNAF include also the Polynesian introductions.,1,2,2,0,0,1,0
1064,2375,569,,1,naturalized species in GloNAF include also the Polynesian introductions.,1,2,2,0,0,1,0
1065,2375,570,,1,naturalized species in GloNAF include also the Polynesian introductions.,1,2,2,0,0,1,0
1067,101,812,,5,,1,2,2,0,0,0,0
1069,101,813,,5,,1,2,2,0,0,0,0
1070,40,291,,1,"original database is temporarily not accessible (13 July 2017), but INPN database that also uses the data classifies introduit as established or possibly established. Noelie contacted INPN curator, and he confirmed that the species are naturalized.",1,1,2,0,0,0,0
1072,40,292,,1,"original database is temporarily not accessible (13 July 2017), but INPN database that also uses the data classifies introduit as established or possibly established. Noelie contacted INPN curator, and he confirmed that the species are naturalized.",1,1,2,0,0,0,0
1074,40,293,,1,"original database is temporarily not accessible (13 July 2017), but INPN database that also uses the data classifies introduit as established or possibly established. Noelie contacted INPN curator, and he confirmed that the species are naturalized.",1,1,2,0,0,0,0
1076,40,294,,1,"original database is temporarily not accessible (13 July 2017), but INPN database that also uses the data classifies introduit as established or possibly established. Noelie contacted INPN curator, and he confirmed that the species are naturalized.",1,1,2,0,0,0,0
1078,40,297,,1,"original database is temporarily not accessible (13 July 2017), but INPN database that also uses the data classifies introduit as established or possibly established. Noelie contacted INPN curator, and he confirmed that the species are naturalized.",1,1,2,0,0,0,0
1082,40,301,,1,"original database is temporarily not accessible (13 July 2017), but INPN database that also uses the data classifies introduit as established or possibly established. Noelie contacted INPN curator, and he confirmed that the species are naturalized.",1,1,2,0,0,0,0
1084,40,302,,1,"original database is temporarily not accessible (13 July 2017), but INPN database that also uses the data classifies introduit as established or possibly established. Noelie contacted INPN curator, and he confirmed that the species are naturalized.",1,1,2,0,0,0,0
1086,40,304,,1,"original database is temporarily not accessible (13 July 2017), but INPN database that also uses the data classifies introduit as established or possibly established. Noelie contacted INPN curator, and he confirmed that the species are naturalized.",1,1,2,0,0,0,0
1088,40,576,,1,"original database is temporarily not accessible (13 July 2017), but INPN database that also uses the data classifies introduit as established or possibly established. Noelie contacted INPN curator, and he confirmed that the species are naturalized.",1,1,2,0,0,0,0
1090,49,686,,1,"Gerlach 2003 uses ""introduced"". In email (18 July 2017), he wrote""I have only listed species that are established as wild reporducing species.""",1,3,1,0,0,0,0
1091,53,686,,1,"All introduced species were included, but species that are cultivated only are indicated in source.  Scoring is based on removal of the cultivated species, and rare aiens (most likely casuals), so it seems fair to assign these species as naturalized.",1,2,2,0,0,1,0
1092,49,690,,1,"Gerlach 2003 uses ""introduced"". In email (18 July 2017), he wrote""I have only listed species that are established as wild reporducing species.""",1,3,1,0,0,0,0
1093,53,690,,1,"All introduced species were included, but species that are cultivated only are indicated in source.  Scoring is based on removal of the cultivated species, and rare aiens (most likely casuals), so it seems fair to assign these species as naturalized.",1,2,2,0,0,1,0
1094,49,692,,1,"Gerlach 2003 uses ""introduced"". In email (18 July 2017), he wrote""I have only listed species that are established as wild reporducing species.""",1,3,1,0,0,0,0
1095,53,692,,1,"All introduced species were included, but species that are cultivated only are indicated in source.  Scoring is based on removal of the cultivated species, and rare aiens (most likely casuals), so it seems fair to assign these species as naturalized.",1,2,2,0,0,1,0
1096,49,694,,1,"Gerlach 2003 uses ""introduced"". In email (18 July 2017), he wrote""I have only listed species that are established as wild reporducing species.""",1,3,1,0,0,0,0
1097,53,694,,1,"All introduced species were included, but species that are cultivated only are indicated in source.  Scoring is based on removal of the cultivated species, and rare aiens (most likely casuals), so it seems fair to assign these species as naturalized.",1,2,2,0,0,1,0
1098,49,696,,1,"Gerlach 2003 uses ""introduced"". In email (18 July 2017), he wrote""I have only listed species that are established as wild reporducing species.""",1,3,1,0,0,0,0
1099,53,696,,1,"All introduced species were included, but species that are cultivated only are indicated in source.  Scoring is based on removal of the cultivated species, and rare aiens (most likely casuals), so it seems fair to assign these species as naturalized.",1,2,2,0,0,1,0
1100,49,700,,1,"Gerlach 2003 uses ""introduced"". In email (18 July 2017), he wrote""I have only listed species that are established as wild reporducing species.""",1,3,1,0,0,0,0
1101,53,700,,1,"All introduced species were included, but species that are cultivated only are indicated in source.  Scoring is based on removal of the cultivated species, and rare aiens (most likely casuals), so it seems fair to assign these species as naturalized.",1,2,2,0,0,1,0
1102,49,702,,1,"Gerlach 2003 uses ""introduced"". In email (18 July 2017), he wrote""I have only listed species that are established as wild reporducing species.""",1,3,1,0,0,0,0
1103,53,702,,1,"All introduced species were included, but species that are cultivated only are indicated in source.  Scoring is based on removal of the cultivated species, and rare aiens (most likely casuals), so it seems fair to assign these species as naturalized.",1,2,2,0,0,1,0
1104,49,710,,1,"Gerlach 2003 uses ""introduced"". In email (18 July 2017), he wrote""I have only listed species that are established as wild reporducing species.""",1,3,1,0,0,0,0
1105,53,710,,1,"All introduced species were included, but species that are cultivated only are indicated in source.  Scoring is based on removal of the cultivated species, and rare aiens (most likely casuals), so it seems fair to assign these species as naturalized.",1,2,2,0,0,1,0
1106,49,712,,1,"Gerlach 2003 uses ""introduced"". In email (18 July 2017), he wrote""I have only listed species that are established as wild reporducing species.""",1,3,1,0,0,0,0
1107,53,712,,1,"All introduced species were included, but species that are cultivated only are indicated in source.  Scoring is based on removal of the cultivated species, and rare aiens (most likely casuals), so it seems fair to assign these species as naturalized.",1,2,2,0,0,1,0
1108,49,724,,1,"Gerlach 2003 uses ""introduced"". In email (18 July 2017), he wrote""I have only listed species that are established as wild reporducing species.""",1,3,1,0,0,0,0
1109,53,724,,1,"All introduced species were included, but species that are cultivated only are indicated in source.  Scoring is based on removal of the cultivated species, and rare aiens (most likely casuals), so it seems fair to assign these species as naturalized.",1,2,2,0,0,1,0
1110,102,199,,1,"Source uses ""exotics"", but from text it is clear that they are all established species.",2,3,2,0,0,0,0
1111,122,199,,1,,1,2,2,0,0,0,0
1112,2376,910,,1,,1,3,2,0,1,0,0
1113,2376,915,,1,,1,3,2,0,1,0,0
1114,2376,912,,1,,1,3,2,0,1,0,0
1115,2376,916,,1,,1,3,2,0,1,0,0
1116,2376,914,,1,,1,3,2,0,1,0,0
1117,2376,917,,1,,1,3,2,0,1,0,0
1118,2376,913,,1,,1,3,2,0,1,0,0
1119,2376,911,,1,,1,3,2,0,1,0,0
1120,2376,918,,1,,1,3,2,0,1,0,0
1121,2330,919,,1,"They include the categories introduced, adventive and naturalized, but it seems likely that all of them are naturalized. Christian Vogt confirmed this in email (5 Aug 2017).",1,2,2,0,0,0,0
1156,2334,2,,1,"according to Smith & Figueiredo 2017 (African Journal of Ecology 55, supplement), the following taxa listed as non-native in Rejmanek et al. 2016 are actually native. They had already been included in glonafdb, but should be checked or removed for an analysis: Ageratum conyzoides L., Bidens pilosa L., Cardiospermum grandiflorum Sw., Diodia spp., Drymaria cordata (L.) Willd. ex Schult., Epilobium hirsutum L., Indigofera suffruticosa Mill., Mimosa pigra L., Mollugo verticillata, Scabiosa columbaria L., Sida cordifolia L., Sida rhombifolia L., Sonchus asper (L.) Hill, Sonchus oleraceus L., Vicia hirsuta (L.) Gray",1,1,2,0,0,0,1
1158,2336,431,,1,,1,2,2,0,1,1,1
1159,2336,534,,1,,1,2,2,0,1,1,1
1160,2337,513,,8,This is a complete list of the plant species (indigenous and naturalized) of,1,3,0,0,1,0,1
1163,2349,416,,6,aquatic plants only,1,1,2,0,0,0,0
1164,2350,533,,7,"invasive only, so automatically naturalized",1,1,2,1,0,0,1
1165,2350,800,,7,"invasive only, so automatically naturalized",1,1,2,1,0,0,1
1166,2351,659,,1,,1,2,2,0,0,0,1
1167,2355,677,,1,,1,3,2,0,0,0,0
1168,2356,920,,1,"It does not use ""vascular"" but given that the source considered all kinds of organims, all vascular plants must have been considered.",1,1,2,1,0,0,0
1169,2357,732,,1,"although it does not use naturalized or established explicitly, it seems fair to consider all species as naturalized as they are considered alien weeds.",2,1,2,0,0,0,0
1170,2358,523,,1,"An attempt has been made
to cover only the plant species naturalized in certain geographical ranges (Terai to mid-hills) of Nepal.",1,1,2,0,0,0,1
1171,2359,412,,1,,1,3,2,0,1,0,1
1172,2360,921,,1,status was assigned for us by Barry Conn (curator of database),1,2,2,0,0,0,0
1173,2361,417,,1,,1,1,2,0,0,0,1
1174,2361,732,,1,,1,1,2,0,0,0,1
1175,2361,733,,1,,1,1,2,0,0,0,1
1177,2365,922,,6,"herbaceous weeds; invasive only, so automatically naturalized",1,1,2,1,0,0,1
1178,2366,922,,7,"invasive only, so automatically naturalized",1,1,2,1,0,1,0
1179,2370,445,,1,"Jose:: Most of them are already naturalized, but I am not sure how many are casuals and escaped from cultivation but growing nearby human settlements. At least the number published in our 2004 paper we could assure they are fully naturalized. The others I have recorded more recently have not been confidently verified about their status, recorded mostly from published reports (especially checklists). Pehaps several of them are cultivated and reported as casulas but without naturalized populations. Mark: Seems fair to call them all naturalized.",1,2,2,0,0,0,0
1180,2370,923,,1,"Jose:: Most of them are already naturalized, but I am not sure how many are casuals and escaped from cultivation but growing nearby human settlements. At least the number published in our 2004 paper we could assure they are fully naturalized. The others I have recorded more recently have not been confidently verified about their status, recorded mostly from published reports (especially checklists). Pehaps several of them are cultivated and reported as casulas but without naturalized populations. Mark: Seems fair to call them all naturalized.",1,2,2,0,0,0,0
1181,2370,924,,1,"Jose:: Most of them are already naturalized, but I am not sure how many are casuals and escaped from cultivation but growing nearby human settlements. At least the number published in our 2004 paper we could assure they are fully naturalized. The others I have recorded more recently have not been confidently verified about their status, recorded mostly from published reports (especially checklists). Pehaps several of them are cultivated and reported as casulas but without naturalized populations. Mark: Seems fair to call them all naturalized.",1,2,2,0,0,0,0
1182,2370,447,,1,"Jose:: Most of them are already naturalized, but I am not sure how many are casuals and escaped from cultivation but growing nearby human settlements. At least the number published in our 2004 paper we could assure they are fully naturalized. The others I have recorded more recently have not been confidently verified about their status, recorded mostly from published reports (especially checklists). Pehaps several of them are cultivated and reported as casulas but without naturalized populations. Mark: Seems fair to call them all naturalized.",1,2,2,0,0,0,0
1183,2370,448,,1,"Jose:: Most of them are already naturalized, but I am not sure how many are casuals and escaped from cultivation but growing nearby human settlements. At least the number published in our 2004 paper we could assure they are fully naturalized. The others I have recorded more recently have not been confidently verified about their status, recorded mostly from published reports (especially checklists). Pehaps several of them are cultivated and reported as casulas but without naturalized populations. Mark: Seems fair to call them all naturalized.",1,2,2,0,0,0,0
1184,2370,449,,1,"Jose:: Most of them are already naturalized, but I am not sure how many are casuals and escaped from cultivation but growing nearby human settlements. At least the number published in our 2004 paper we could assure they are fully naturalized. The others I have recorded more recently have not been confidently verified about their status, recorded mostly from published reports (especially checklists). Pehaps several of them are cultivated and reported as casulas but without naturalized populations. Mark: Seems fair to call them all naturalized.",1,2,2,0,0,0,0
1185,2370,450,,1,"Jose:: Most of them are already naturalized, but I am not sure how many are casuals and escaped from cultivation but growing nearby human settlements. At least the number published in our 2004 paper we could assure they are fully naturalized. The others I have recorded more recently have not been confidently verified about their status, recorded mostly from published reports (especially checklists). Pehaps several of them are cultivated and reported as casulas but without naturalized populations. Mark: Seems fair to call them all naturalized.",1,2,2,0,0,0,0
1186,2370,451,,1,"Jose:: Most of them are already naturalized, but I am not sure how many are casuals and escaped from cultivation but growing nearby human settlements. At least the number published in our 2004 paper we could assure they are fully naturalized. The others I have recorded more recently have not been confidently verified about their status, recorded mostly from published reports (especially checklists). Pehaps several of them are cultivated and reported as casulas but without naturalized populations. Mark: Seems fair to call them all naturalized.",1,2,2,0,0,0,0
1187,2370,452,,1,"Jose:: Most of them are already naturalized, but I am not sure how many are casuals and escaped from cultivation but growing nearby human settlements. At least the number published in our 2004 paper we could assure they are fully naturalized. The others I have recorded more recently have not been confidently verified about their status, recorded mostly from published reports (especially checklists). Pehaps several of them are cultivated and reported as casulas but without naturalized populations. Mark: Seems fair to call them all naturalized.",1,2,2,0,0,0,0
1188,2370,453,,1,"Jose:: Most of them are already naturalized, but I am not sure how many are casuals and escaped from cultivation but growing nearby human settlements. At least the number published in our 2004 paper we could assure they are fully naturalized. The others I have recorded more recently have not been confidently verified about their status, recorded mostly from published reports (especially checklists). Pehaps several of them are cultivated and reported as casulas but without naturalized populations. Mark: Seems fair to call them all naturalized.",1,2,2,0,0,0,0
1189,2370,454,,1,"Jose:: Most of them are already naturalized, but I am not sure how many are casuals and escaped from cultivation but growing nearby human settlements. At least the number published in our 2004 paper we could assure they are fully naturalized. The others I have recorded more recently have not been confidently verified about their status, recorded mostly from published reports (especially checklists). Pehaps several of them are cultivated and reported as casulas but without naturalized populations. Mark: Seems fair to call them all naturalized.",1,2,2,0,0,0,0
1190,2370,455,,1,"Jose:: Most of them are already naturalized, but I am not sure how many are casuals and escaped from cultivation but growing nearby human settlements. At least the number published in our 2004 paper we could assure they are fully naturalized. The others I have recorded more recently have not been confidently verified about their status, recorded mostly from published reports (especially checklists). Pehaps several of them are cultivated and reported as casulas but without naturalized populations. Mark: Seems fair to call them all naturalized.",1,2,2,0,0,0,0
1191,2370,456,,1,"Jose:: Most of them are already naturalized, but I am not sure how many are casuals and escaped from cultivation but growing nearby human settlements. At least the number published in our 2004 paper we could assure they are fully naturalized. The others I have recorded more recently have not been confidently verified about their status, recorded mostly from published reports (especially checklists). Pehaps several of them are cultivated and reported as casulas but without naturalized populations. Mark: Seems fair to call them all naturalized.",1,2,2,0,0,0,0
1192,2370,457,,1,"Jose:: Most of them are already naturalized, but I am not sure how many are casuals and escaped from cultivation but growing nearby human settlements. At least the number published in our 2004 paper we could assure they are fully naturalized. The others I have recorded more recently have not been confidently verified about their status, recorded mostly from published reports (especially checklists). Pehaps several of them are cultivated and reported as casulas but without naturalized populations. Mark: Seems fair to call them all naturalized.",1,2,2,0,0,0,0
1193,2370,458,,1,"Jose:: Most of them are already naturalized, but I am not sure how many are casuals and escaped from cultivation but growing nearby human settlements. At least the number published in our 2004 paper we could assure they are fully naturalized. The others I have recorded more recently have not been confidently verified about their status, recorded mostly from published reports (especially checklists). Pehaps several of them are cultivated and reported as casulas but without naturalized populations. Mark: Seems fair to call them all naturalized.",1,2,2,0,0,0,0
1194,2370,459,,1,"Jose:: Most of them are already naturalized, but I am not sure how many are casuals and escaped from cultivation but growing nearby human settlements. At least the number published in our 2004 paper we could assure they are fully naturalized. The others I have recorded more recently have not been confidently verified about their status, recorded mostly from published reports (especially checklists). Pehaps several of them are cultivated and reported as casulas but without naturalized populations. Mark: Seems fair to call them all naturalized.",1,2,2,0,0,0,0
1195,2370,460,,1,"Jose:: Most of them are already naturalized, but I am not sure how many are casuals and escaped from cultivation but growing nearby human settlements. At least the number published in our 2004 paper we could assure they are fully naturalized. The others I have recorded more recently have not been confidently verified about their status, recorded mostly from published reports (especially checklists). Pehaps several of them are cultivated and reported as casulas but without naturalized populations. Mark: Seems fair to call them all naturalized.",1,2,2,0,0,0,0
1196,2370,461,,1,"Jose:: Most of them are already naturalized, but I am not sure how many are casuals and escaped from cultivation but growing nearby human settlements. At least the number published in our 2004 paper we could assure they are fully naturalized. The others I have recorded more recently have not been confidently verified about their status, recorded mostly from published reports (especially checklists). Pehaps several of them are cultivated and reported as casulas but without naturalized populations. Mark: Seems fair to call them all naturalized.",1,2,2,0,0,0,0
1197,2370,462,,1,"Jose:: Most of them are already naturalized, but I am not sure how many are casuals and escaped from cultivation but growing nearby human settlements. At least the number published in our 2004 paper we could assure they are fully naturalized. The others I have recorded more recently have not been confidently verified about their status, recorded mostly from published reports (especially checklists). Pehaps several of them are cultivated and reported as casulas but without naturalized populations. Mark: Seems fair to call them all naturalized.",1,2,2,0,0,0,0
1198,2370,463,,1,"Jose:: Most of them are already naturalized, but I am not sure how many are casuals and escaped from cultivation but growing nearby human settlements. At least the number published in our 2004 paper we could assure they are fully naturalized. The others I have recorded more recently have not been confidently verified about their status, recorded mostly from published reports (especially checklists). Pehaps several of them are cultivated and reported as casulas but without naturalized populations. Mark: Seems fair to call them all naturalized.",1,2,2,0,0,0,0
1199,2370,464,,1,"Jose:: Most of them are already naturalized, but I am not sure how many are casuals and escaped from cultivation but growing nearby human settlements. At least the number published in our 2004 paper we could assure they are fully naturalized. The others I have recorded more recently have not been confidently verified about their status, recorded mostly from published reports (especially checklists). Pehaps several of them are cultivated and reported as casulas but without naturalized populations. Mark: Seems fair to call them all naturalized.",1,2,2,0,0,0,0
1200,2370,465,,1,"Jose:: Most of them are already naturalized, but I am not sure how many are casuals and escaped from cultivation but growing nearby human settlements. At least the number published in our 2004 paper we could assure they are fully naturalized. The others I have recorded more recently have not been confidently verified about their status, recorded mostly from published reports (especially checklists). Pehaps several of them are cultivated and reported as casulas but without naturalized populations. Mark: Seems fair to call them all naturalized.",1,2,2,0,0,0,0
1201,2370,466,,1,"Jose:: Most of them are already naturalized, but I am not sure how many are casuals and escaped from cultivation but growing nearby human settlements. At least the number published in our 2004 paper we could assure they are fully naturalized. The others I have recorded more recently have not been confidently verified about their status, recorded mostly from published reports (especially checklists). Pehaps several of them are cultivated and reported as casulas but without naturalized populations. Mark: Seems fair to call them all naturalized.",1,2,2,0,0,0,0
1202,2370,467,,1,"Jose:: Most of them are already naturalized, but I am not sure how many are casuals and escaped from cultivation but growing nearby human settlements. At least the number published in our 2004 paper we could assure they are fully naturalized. The others I have recorded more recently have not been confidently verified about their status, recorded mostly from published reports (especially checklists). Pehaps several of them are cultivated and reported as casulas but without naturalized populations. Mark: Seems fair to call them all naturalized.",1,2,2,0,0,0,0
1203,2370,468,,1,"Jose:: Most of them are already naturalized, but I am not sure how many are casuals and escaped from cultivation but growing nearby human settlements. At least the number published in our 2004 paper we could assure they are fully naturalized. The others I have recorded more recently have not been confidently verified about their status, recorded mostly from published reports (especially checklists). Pehaps several of them are cultivated and reported as casulas but without naturalized populations. Mark: Seems fair to call them all naturalized.",1,2,2,0,0,0,0
1204,2370,470,,1,"Jose:: Most of them are already naturalized, but I am not sure how many are casuals and escaped from cultivation but growing nearby human settlements. At least the number published in our 2004 paper we could assure they are fully naturalized. The others I have recorded more recently have not been confidently verified about their status, recorded mostly from published reports (especially checklists). Pehaps several of them are cultivated and reported as casulas but without naturalized populations. Mark: Seems fair to call them all naturalized.",1,2,2,0,0,0,0
1205,2370,471,,1,"Jose:: Most of them are already naturalized, but I am not sure how many are casuals and escaped from cultivation but growing nearby human settlements. At least the number published in our 2004 paper we could assure they are fully naturalized. The others I have recorded more recently have not been confidently verified about their status, recorded mostly from published reports (especially checklists). Pehaps several of them are cultivated and reported as casulas but without naturalized populations. Mark: Seems fair to call them all naturalized.",1,2,2,0,0,0,0
1206,2370,472,,1,"Jose:: Most of them are already naturalized, but I am not sure how many are casuals and escaped from cultivation but growing nearby human settlements. At least the number published in our 2004 paper we could assure they are fully naturalized. The others I have recorded more recently have not been confidently verified about their status, recorded mostly from published reports (especially checklists). Pehaps several of them are cultivated and reported as casulas but without naturalized populations. Mark: Seems fair to call them all naturalized.",1,2,2,0,0,0,0
1207,2370,473,,1,"Jose:: Most of them are already naturalized, but I am not sure how many are casuals and escaped from cultivation but growing nearby human settlements. At least the number published in our 2004 paper we could assure they are fully naturalized. The others I have recorded more recently have not been confidently verified about their status, recorded mostly from published reports (especially checklists). Pehaps several of them are cultivated and reported as casulas but without naturalized populations. Mark: Seems fair to call them all naturalized.",1,2,2,0,0,0,0
1208,2370,474,,1,"Jose:: Most of them are already naturalized, but I am not sure how many are casuals and escaped from cultivation but growing nearby human settlements. At least the number published in our 2004 paper we could assure they are fully naturalized. The others I have recorded more recently have not been confidently verified about their status, recorded mostly from published reports (especially checklists). Pehaps several of them are cultivated and reported as casulas but without naturalized populations. Mark: Seems fair to call them all naturalized.",1,2,2,0,0,0,0
1209,2370,475,,1,"Jose:: Most of them are already naturalized, but I am not sure how many are casuals and escaped from cultivation but growing nearby human settlements. At least the number published in our 2004 paper we could assure they are fully naturalized. The others I have recorded more recently have not been confidently verified about their status, recorded mostly from published reports (especially checklists). Pehaps several of them are cultivated and reported as casulas but without naturalized populations. Mark: Seems fair to call them all naturalized.",1,2,2,0,0,0,0
1210,2370,476,,1,"Jose:: Most of them are already naturalized, but I am not sure how many are casuals and escaped from cultivation but growing nearby human settlements. At least the number published in our 2004 paper we could assure they are fully naturalized. The others I have recorded more recently have not been confidently verified about their status, recorded mostly from published reports (especially checklists). Pehaps several of them are cultivated and reported as casulas but without naturalized populations. Mark: Seems fair to call them all naturalized.",1,2,2,0,0,0,0
1211,2377,412,,1,,1,1,2,0,0,0,0
1212,2378,925,,6,woody species only,1,1,2,0,0,0,0
1213,52,979,,1,,1,3,2,0,1,1,0
1214,52,980,,1,,1,3,2,0,1,1,0
1215,52,971,,1,,1,3,2,0,1,1,0
1216,52,972,,1,,1,3,2,0,1,1,0
1217,52,973,,1,,1,3,2,0,1,1,0
1218,52,974,,1,,1,3,2,0,1,1,0
1219,52,975,,1,,1,3,2,0,1,1,0
1220,52,977,,1,,1,3,2,0,1,1,0
1221,52,978,,1,,1,3,2,0,1,1,0
1222,52,982,,1,,1,3,2,0,1,1,0
1223,52,981,,1,,1,3,2,0,1,1,0
1224,2341,644,,7,,1,2,2,0,1,0,1
1225,2379,643,,7,,1,2,1,0,1,0,0
1226,2379,644,,7,,1,2,1,0,1,0,0
1227,2379,647,,7,,1,2,1,0,1,0,0
1228,2379,653,,7,,1,2,1,0,1,0,0
1229,2353,734,,1,,1,2,2,0,1,0,1
1230,2380,902,,1,,1,1,2,0,0,0,0
1231,2381,343,,1,,1,2,2,0,0,0,0
1232,2327,992,,1,,1,3,2,0,0,0,0
1233,2327,990,,1,,1,3,2,0,0,0,0
1234,2327,991,,1,,1,3,2,0,0,0,0
1235,2327,987,,1,,1,3,2,0,0,0,0
1236,2327,988,,1,,1,3,2,0,0,0,0
1237,2327,984,,1,,1,3,2,0,0,0,0
1238,2327,985,,1,,1,3,2,0,0,0,0
1239,2327,989,,1,,1,3,2,0,0,0,0
1240,2327,986,,1,,1,3,2,0,0,0,0
1241,2367,922,,1,,1,1,2,0,0,0,1
1243,2382,732,,1,,1,1,2,0,0,0,0
1244,2383,732,,1,,1,1,2,0,0,0,0
1246,2384,482,Mali,1,"status for many taxa inferred from descriptions in the book as a temptative interpretation, i.e. needs to be taken with caution",1,1,2,0,1,1,0
1247,8,615,,3,"Antonova wrote that only Angiosperms were included, although there are alien ferns and gymnos. Therefore, I downgraded completeness from 3 to 2.",1,2,1,0,1,1,1
1248,147,615,,1,"Asked Pergl. Although naturalized not used explicitly, they use ""adventive"" in English abstract. Seems reasonable to consider them naturalized.",2,1,2,0,1,0,1
1249,29,537,,1,,1,2,2,0,1,0,0
1250,6,523,,2,,1,2,1,0,0,0,0
1251,85,514,,1,,1,1,2,1,0,0,0
1253,2,140,,1,naturalisee,1,1,2,0,1,1,0
1259,75,317,,1,,1,1,2,0,1,1,0
1260,74,507,,1,,1,1,2,0,0,0,0
1262,144,727,,1,"status information is a bit vague, but as they talk mainly about invasive species, and mention ""establish"", it seems fair to call them all naturalized",2,1,2,0,0,0,1
1263,145,727,,1,,1,1,2,1,0,0,1
1273,142,727,,7,,1,1,2,0,0,0,0
1274,143,727,,1,"Status is not explicitly mentioned (based on English translation), but as they describe the different habitat types, it seems reasonable to consider them naturalized.",2,1,0,0,0,0,0
1275,148,727,,1,,1,1,2,0,0,0,0
1276,87,641,,1,,1,2,2,0,1,0,1
1277,3,2,,1,,1,1,2,0,0,0,0
1278,3,138,,1,,1,1,2,0,0,0,0
1279,3,140,,1,,1,1,2,0,0,0,0
1280,3,144,,1,,1,1,2,0,0,0,0
1281,3,181,,1,,1,2,2,0,0,0,0
1282,3,182,,1,,1,1,2,0,0,0,0
1283,3,287,,1,,1,1,2,0,0,0,0
1284,3,288,,1,,1,1,2,0,0,0,0
1285,3,289,,1,,1,1,2,0,0,0,0
1286,3,290,,1,,1,1,2,0,0,0,0
1287,3,308,,1,,1,1,2,0,0,0,0
1288,3,317,,1,,1,1,2,0,0,0,0
1289,3,321,,1,,1,1,2,0,0,0,0
1290,3,324,,1,,1,1,2,0,0,0,0
1291,3,325,,1,,1,1,2,0,0,0,0
1292,3,993,,1,,1,1,2,0,0,0,0
1293,3,327,,1,,1,1,2,0,0,0,0
1294,3,330,,1,,1,1,2,0,0,0,0
1295,3,343,,1,,1,1,2,0,0,0,0
1296,3,994,,1,,1,1,2,0,0,0,0
1297,3,350,,1,,1,1,2,0,0,0,0
1298,3,351,,1,,1,1,2,0,0,0,0
1299,3,356,,1,,1,1,2,0,0,0,0
1300,3,417,,1,,1,1,2,0,0,0,0
1301,3,433,,1,,1,1,2,0,0,0,0
1302,3,434,,1,,1,1,2,0,0,0,0
1303,3,438,,1,,1,2,2,0,0,0,0
1304,3,442,,1,,1,1,2,0,0,0,0
1305,3,444,,1,,1,1,2,0,0,0,0
1306,3,482,,1,,1,1,2,0,0,0,0
1307,3,507,,1,,1,1,2,0,0,0,0
1308,3,511,,1,,1,1,2,0,0,0,0
1309,3,513,,1,,1,1,2,0,0,0,0
1310,3,515,,1,,1,1,2,0,0,0,0
1312,3,537,,1,,1,1,2,0,0,0,0
1313,3,658,,1,,1,1,2,0,0,0,0
1315,3,661,,1,,1,1,2,0,0,0,0
1316,3,670,,1,,1,1,2,0,0,0,0
1317,3,671,,1,,1,1,2,0,0,0,0
1318,3,673,,1,,1,1,2,0,0,0,0
1319,3,678,,1,,1,1,2,0,0,0,0
1320,3,725,,1,,1,1,2,0,0,0,0
1321,3,726,,1,,1,1,2,0,0,0,0
1322,3,729,,1,,1,1,2,0,0,0,0
1323,3,732,,1,,1,1,2,0,0,0,0
1324,3,733,,1,,1,1,2,0,0,0,0
1325,3,818,,1,,1,1,2,0,0,0,0
1377,2388,992,,1,"Introduced species, are those believed to be present in the archipelago as a result of human activities, some of them having a cosmopolitan distribution. This suggests they are naturalized.",2,3,2,0,0,0,0
1378,2388,991,,1,"Introduced species, are those believed to be present in the archipelago as a result of human activities, some of them having a cosmopolitan distribution. This suggests they are naturalized.",2,3,2,0,0,0,0
1379,2388,990,,1,"Introduced species, are those believed to be present in the archipelago as a result of human activities, some of them having a cosmopolitan distribution. This suggests they are naturalized.",2,3,2,0,0,0,0
1380,2388,989,,1,"Introduced species, are those believed to be present in the archipelago as a result of human activities, some of them having a cosmopolitan distribution. This suggests they are naturalized.",2,3,2,0,0,0,0
1381,2388,987,,1,"Introduced species, are those believed to be present in the archipelago as a result of human activities, some of them having a cosmopolitan distribution. This suggests they are naturalized.",2,3,2,0,0,0,0
1382,2388,988,,1,"Introduced species, are those believed to be present in the archipelago as a result of human activities, some of them having a cosmopolitan distribution. This suggests they are naturalized.",2,3,2,0,0,0,0
1383,2388,986,,1,"Introduced species, are those believed to be present in the archipelago as a result of human activities, some of them having a cosmopolitan distribution. This suggests they are naturalized.",2,3,2,0,0,0,0
1384,2388,985,,1,"Introduced species, are those believed to be present in the archipelago as a result of human activities, some of them having a cosmopolitan distribution. This suggests they are naturalized.",2,3,2,0,0,0,0
1385,2388,984,,1,"Introduced species, are those believed to be present in the archipelago as a result of human activities, some of them having a cosmopolitan distribution. This suggests they are naturalized.",2,3,2,0,0,0,0
1386,2393,1413,,1,,1,3,2,0,0,1,1
1387,2393,925,,1,,1,3,2,0,0,1,1
1388,2393,1233,,1,,1,3,2,0,0,1,1
1389,2344,1136,"San Andrés, Providencia y Santa Catalina",8,,1,2,2,0,0,1,0
1390,2389,1174,,1,"checklist includes only 2 introduced species, both are likely naturalized, but it is not explicitly said so. Given that the introduction mentions that weeds and non-native species are one of the threats and only 2 species are listed, the list must be very incomplete.",2,1,1,0,0,0,0
1391,2391,72,,1,Status based on the 2010 census Bostock and Holland. There they say that list only includes natives and naturalised.,1,3,2,0,0,0,0
1392,2391,73,,1,Status based on the 2010 census Bostock and Holland. There they say that list only includes natives and naturalised.,1,3,2,0,0,0,0
1393,2391,74,,1,Status based on the 2010 census Bostock and Holland. There they say that list only includes natives and naturalised.,1,3,2,0,0,0,0
1394,2391,75,,1,Status based on the 2010 census Bostock and Holland. There they say that list only includes natives and naturalised.,1,3,2,0,0,0,0
1395,2391,76,,1,Status based on the 2010 census Bostock and Holland. There they say that list only includes natives and naturalised.,1,3,2,0,0,0,0
1396,2391,77,,1,Status based on the 2010 census Bostock and Holland. There they say that list only includes natives and naturalised.,1,3,2,0,0,0,0
1397,2391,78,,1,Status based on the 2010 census Bostock and Holland. There they say that list only includes natives and naturalised.,1,3,2,0,0,0,0
1398,2391,79,,1,Status based on the 2010 census Bostock and Holland. There they say that list only includes natives and naturalised.,1,3,2,0,0,0,0
1399,2391,80,,1,Status based on the 2010 census Bostock and Holland. There they say that list only includes natives and naturalised.,1,3,2,0,0,0,0
1400,2391,81,,1,Status based on the 2010 census Bostock and Holland. There they say that list only includes natives and naturalised.,1,3,2,0,0,0,0
1401,2391,82,,1,Status based on the 2010 census Bostock and Holland. There they say that list only includes natives and naturalised.,1,3,2,0,0,0,0
1402,2391,83,,1,Status based on the 2010 census Bostock and Holland. There they say that list only includes natives and naturalised.,1,3,2,0,0,0,0
1403,2391,84,,1,Status based on the 2010 census Bostock and Holland. There they say that list only includes natives and naturalised.,1,3,2,0,0,0,0
1404,2391,85,,1,Status based on the 2010 census Bostock and Holland. There they say that list only includes natives and naturalised.,1,3,2,0,0,0,0
1405,2391,86,,1,Status based on the 2010 census Bostock and Holland. There they say that list only includes natives and naturalised.,1,3,2,0,0,0,0
1406,2397,1249,,1,"List includes adventive, introduced and naturalized categories. Only the 1 naturalized species was included.",1,1,2,0,0,0,0
1407,2397,1248,,1,"List includes adventive, introduced and naturalized categories. Only the 1 naturalized species was included.",1,1,2,0,0,0,0
1408,2397,1250,,1,"List includes adventive, introduced and naturalized categories. Only the 1 naturalized species was included.",1,1,2,0,0,0,0
1409,2387,328,,1,"In distribution maps, they use ""aloctono"", but in description of some of the species also ""naturalizada"". Carlos Aedo (aedo@rjb.csic.es) wrote ""They are usually well-established species in more or less natural habitats. "". So, seems ok to call all of them naturalized.",1,3,2,0,0,0,0
1410,2387,538,,1,"In distribution maps, they use ""aloctono"", but in description of some of the species also ""naturalizada"". Carlos Aedo (aedo@rjb.csic.es) wrote ""They are usually well-established species in more or less natural habitats. "". So, seems ok to call all of them naturalized.",1,3,2,0,0,0,0
1424,2385,5,,1,"Naturalizada. Numbers are much lower than Fuentes data, therefore completeness seems to be low for this data source.",1,1,2,0,0,0,0
1425,2385,6,,1,"Naturalizada. Numbers are much lower than Fuentes data, therefore completeness seems to be low for this data source.",1,1,2,0,0,0,0
1426,2385,7,,1,"Naturalizada. Numbers are much lower than Fuentes data, therefore completeness seems to be low for this data source.",1,1,2,0,0,0,0
1427,2385,8,,1,"Naturalizada. Numbers are much lower than Fuentes data, therefore completeness seems to be low for this data source.",1,1,2,0,0,0,0
1428,2385,10,,1,"Naturalizada. Numbers are much lower than Fuentes data, therefore completeness seems to be low for this data source.",1,1,2,0,0,0,0
1429,2385,9,,1,"Naturalizada. Numbers are much lower than Fuentes data, therefore completeness seems to be low for this data source.",1,1,2,0,0,0,0
1430,2385,11,,1,"Naturalizada. Numbers are much lower than Fuentes data, therefore completeness seems to be low for this data source.",1,1,2,0,0,0,0
1431,2385,12,,1,"Naturalizada. Numbers are much lower than Fuentes data, therefore completeness seems to be low for this data source.",1,1,2,0,0,0,0
1432,2385,13,,1,"Naturalizada. Numbers are much lower than Fuentes data, therefore completeness seems to be low for this data source.",1,1,2,0,0,0,0
1433,2385,14,,1,"Naturalizada. Numbers are much lower than Fuentes data, therefore completeness seems to be low for this data source.",1,1,2,0,0,0,0
1434,2385,15,,1,"Naturalizada. Numbers are much lower than Fuentes data, therefore completeness seems to be low for this data source.",1,1,2,0,0,0,0
1435,2385,16,,1,"Naturalizada. Numbers are much lower than Fuentes data, therefore completeness seems to be low for this data source.",1,1,2,0,0,0,0
1436,2385,17,,1,"Naturalizada. Numbers are much lower than Fuentes data, therefore completeness seems to be low for this data source.",1,1,2,0,0,0,0
1437,2385,18,,1,"Naturalizada. Numbers are much lower than Fuentes data, therefore completeness seems to be low for this data source.",1,1,2,0,0,0,0
1438,2385,19,,1,"Naturalizada. Numbers are much lower than Fuentes data, therefore completeness seems to be low for this data source.",1,1,2,0,0,0,0
1439,2385,20,,1,"Naturalizada. Numbers are much lower than Fuentes data, therefore completeness seems to be low for this data source.",1,1,2,0,0,0,0
1440,2385,21,,1,"Naturalizada. Numbers are much lower than Fuentes data, therefore completeness seems to be low for this data source.",1,1,2,0,0,0,0
1441,2385,22,,1,"Naturalizada. Numbers are much lower than Fuentes data, therefore completeness seems to be low for this data source.",1,1,2,0,0,0,0
1442,2385,980,,1,"Naturalizada. Numbers are much lower than Fuentes data, therefore completeness seems to be low for this data source.",1,1,2,0,0,0,0
1443,2385,23,,1,"Naturalizada. Numbers are much lower than Fuentes data, therefore completeness seems to be low for this data source.",1,1,2,0,0,0,0
1444,2385,24,,1,"Naturalizada. Numbers are much lower than Fuentes data, therefore completeness seems to be low for this data source.",1,1,2,0,0,0,0
1445,2385,25,,1,"Naturalizada. Numbers are much lower than Fuentes data, therefore completeness seems to be low for this data source.",1,1,2,0,0,0,0
1446,2385,26,,1,"Naturalizada. Numbers are much lower than Fuentes data, therefore completeness seems to be low for this data source.",1,1,2,0,0,0,0
1447,2385,27,,1,"Naturalizada. Numbers are much lower than Fuentes data, therefore completeness seems to be low for this data source.",1,1,2,0,0,0,0
1448,2385,249,,1,"Naturalizada. Numbers are much lower than Fuentes data, therefore completeness seems to be low for this data source.",1,1,2,0,0,0,0
1449,2385,28,,1,"Naturalizada. Numbers are much lower than Fuentes data, therefore completeness seems to be low for this data source.",1,1,2,0,0,0,0
1450,2385,170,,1,"Naturalizada. Numbers are much lower than Fuentes data, therefore completeness seems to be low for this data source.",1,1,2,0,0,0,0
1451,2385,175,,1,"Naturalizada. Numbers are much lower than Fuentes data, therefore completeness seems to be low for this data source.",1,1,2,0,0,0,0
1452,2385,176,,1,"Naturalizada. Numbers are much lower than Fuentes data, therefore completeness seems to be low for this data source.",1,1,2,0,0,0,0
1453,2385,1220,,1,"Naturalizada. Numbers are much lower than Fuentes data, therefore completeness seems to be low for this data source.",1,1,2,0,0,0,0
1454,2385,1221,,1,"Naturalizada. Numbers are much lower than Fuentes data, therefore completeness seems to be low for this data source.",1,1,2,0,0,0,0
1455,2385,1222,,1,"Naturalizada. Numbers are much lower than Fuentes data, therefore completeness seems to be low for this data source.",1,1,2,0,0,0,0
1456,2385,1223,,1,"Naturalizada. Numbers are much lower than Fuentes data, therefore completeness seems to be low for this data source.",1,1,2,0,0,0,0
1457,2385,1224,,1,"Naturalizada. Numbers are much lower than Fuentes data, therefore completeness seems to be low for this data source.",1,1,2,0,0,0,0
1458,2385,1225,,1,"Naturalizada. Numbers are much lower than Fuentes data, therefore completeness seems to be low for this data source.",1,1,2,0,0,0,0
1459,2385,1226,,1,"Naturalizada. Numbers are much lower than Fuentes data, therefore completeness seems to be low for this data source.",1,1,2,0,0,0,0
1460,2385,1227,,1,"Naturalizada. Numbers are much lower than Fuentes data, therefore completeness seems to be low for this data source.",1,1,2,0,0,0,0
1461,2385,1228,,1,"Naturalizada. Numbers are much lower than Fuentes data, therefore completeness seems to be low for this data source.",1,1,2,0,0,0,0
1462,2385,1229,,1,"Naturalizada. Numbers are much lower than Fuentes data, therefore completeness seems to be low for this data source.",1,1,2,0,0,0,0
1463,2385,1230,,1,"Naturalizada. Numbers are much lower than Fuentes data, therefore completeness seems to be low for this data source.",1,1,2,0,0,0,0
1464,2385,1231,,1,"Naturalizada. Numbers are much lower than Fuentes data, therefore completeness seems to be low for this data source.",1,1,2,0,0,0,0
1465,2385,1232,,1,"Naturalizada. Numbers are much lower than Fuentes data, therefore completeness seems to be low for this data source.",1,1,2,0,0,0,0
1466,2385,1164,,1,"Naturalizada. Numbers are much lower than Fuentes data, therefore completeness seems to be low for this data source.",1,1,2,0,0,0,0
1467,2385,1163,,1,"Naturalizada. Numbers are much lower than Fuentes data, therefore completeness seems to be low for this data source.",1,1,2,0,0,0,0
1468,2385,1249,,1,"Naturalizada. Numbers are much lower than Fuentes data, therefore completeness seems to be low for this data source.",1,1,2,0,0,0,0
1470,2385,1166,,1,"Naturalizada. Numbers are much lower than Fuentes data, therefore completeness seems to be low for this data source.",1,1,2,0,0,0,0
1471,2385,1167,,1,"Naturalizada. Numbers are much lower than Fuentes data, therefore completeness seems to be low for this data source.",1,1,2,0,0,0,0
1472,2385,1165,,1,"Naturalizada. Numbers are much lower than Fuentes data, therefore completeness seems to be low for this data source.",1,1,2,0,0,0,0
1473,2385,1168,,1,"Naturalizada. Numbers are much lower than Fuentes data, therefore completeness seems to be low for this data source.",1,1,2,0,0,0,0
1474,2385,1170,,1,"Naturalizada. Numbers are much lower than Fuentes data, therefore completeness seems to be low for this data source.",1,1,2,0,0,0,0
1475,2385,1169,,1,"Naturalizada. Numbers are much lower than Fuentes data, therefore completeness seems to be low for this data source.",1,1,2,0,0,0,0
1476,2385,1171,,1,"Naturalizada. Numbers are much lower than Fuentes data, therefore completeness seems to be low for this data source.",1,1,2,0,0,0,0
1479,2385,1174,,1,"Naturalizada. Numbers are much lower than Fuentes data, therefore completeness seems to be low for this data source.",1,1,2,0,0,0,0
1480,2385,1175,,1,"Naturalizada. Numbers are much lower than Fuentes data, therefore completeness seems to be low for this data source.",1,1,2,0,0,0,0
1482,2385,1176,,1,"Naturalizada. Numbers are much lower than Fuentes data, therefore completeness seems to be low for this data source.",1,1,2,0,0,0,0
1484,2385,1202,,1,"Naturalizada. Numbers are much lower than Fuentes data, therefore completeness seems to be low for this data source.",1,1,2,0,0,0,0
1485,2385,1203,,1,"Naturalizada. Numbers are much lower than Fuentes data, therefore completeness seems to be low for this data source.",1,1,2,0,0,0,0
1486,2385,1204,,1,"Naturalizada. Numbers are much lower than Fuentes data, therefore completeness seems to be low for this data source.",1,1,2,0,0,0,0
1487,2385,1205,,1,"Naturalizada. Numbers are much lower than Fuentes data, therefore completeness seems to be low for this data source.",1,1,2,0,0,0,0
1488,2385,1207,,1,"Naturalizada. Numbers are much lower than Fuentes data, therefore completeness seems to be low for this data source.",1,1,2,0,0,0,0
1490,2385,1208,,1,"Naturalizada. Numbers are much lower than Fuentes data, therefore completeness seems to be low for this data source.",1,1,2,0,0,0,0
1491,2385,1209,,1,"Naturalizada. Numbers are much lower than Fuentes data, therefore completeness seems to be low for this data source.",1,1,2,0,0,0,0
1492,2385,1210,,1,"Naturalizada. Numbers are much lower than Fuentes data, therefore completeness seems to be low for this data source.",1,1,2,0,0,0,0
1493,2385,1211,,1,"Naturalizada. Numbers are much lower than Fuentes data, therefore completeness seems to be low for this data source.",1,1,2,0,0,0,0
1494,2385,1213,,1,"Naturalizada. Numbers are much lower than Fuentes data, therefore completeness seems to be low for this data source.",1,1,2,0,0,0,0
1495,2385,1212,,1,"Naturalizada. Numbers are much lower than Fuentes data, therefore completeness seems to be low for this data source.",1,1,2,0,0,0,0
1496,2385,1214,,1,"Naturalizada. Numbers are much lower than Fuentes data, therefore completeness seems to be low for this data source.",1,1,2,0,0,0,0
1498,2385,1216,,1,"Naturalizada. Numbers are much lower than Fuentes data, therefore completeness seems to be low for this data source.",1,1,2,0,0,0,0
1499,2385,1217,,1,"Naturalizada. Numbers are much lower than Fuentes data, therefore completeness seems to be low for this data source.",1,1,2,0,0,0,0
1500,2385,1219,,1,"Naturalizada. Numbers are much lower than Fuentes data, therefore completeness seems to be low for this data source.",1,1,2,0,0,0,0
1503,2385,1252,,1,"Naturalizada. Numbers are much lower than Fuentes data, therefore completeness seems to be low for this data source.",1,1,2,0,0,0,0
1504,2385,1234,,1,"Naturalizada. Numbers are much lower than Fuentes data, therefore completeness seems to be low for this data source.",1,1,2,0,0,0,0
1505,2390,1236,,1,293 (2.2%) are estimated to be introduced and naturalized in Guyana Shield as a whole,1,2,2,0,0,0,0
1506,2390,1235,,1,293 (2.2%) are estimated to be introduced and naturalized in Guyana Shield as a whole,1,2,2,0,0,0,0
1507,2390,1237,,1,293 (2.2%) are estimated to be introduced and naturalized in Guyana Shield as a whole,1,2,2,0,0,0,0
1508,2390,360,,1,293 (2.2%) are estimated to be introduced and naturalized in Guyana Shield as a whole,1,2,2,0,0,0,0
1509,2390,362,,1,293 (2.2%) are estimated to be introduced and naturalized in Guyana Shield as a whole,1,2,2,0,0,0,0
1510,2390,674,,1,293 (2.2%) are estimated to be introduced and naturalized in Guyana Shield as a whole,1,2,2,0,0,0,0
1511,2394,1239,,1,GloNAF includes species marked as alien only and species marked as naturalized. Quality scoring is for naturalized only.,1,2,2,0,0,1,0
1512,2394,1245,,1,GloNAF includes species marked as alien only and species marked as naturalized. Quality scoring is for naturalized only.,1,2,2,0,0,1,0
1513,2394,1243,,1,GloNAF includes species marked as alien only and species marked as naturalized. Quality scoring is for naturalized only.,1,2,2,0,0,1,0
1514,2394,1240,,1,GloNAF includes species marked as alien only and species marked as naturalized. Quality scoring is for naturalized only.,1,2,2,0,0,1,0
1515,2394,1244,,1,GloNAF includes species marked as alien only and species marked as naturalized. Quality scoring is for naturalized only.,1,2,2,0,0,1,0
1516,2394,1242,,1,GloNAF includes species marked as alien only and species marked as naturalized. Quality scoring is for naturalized only.,1,2,2,0,0,1,0
1517,2394,1241,,1,GloNAF includes species marked as alien only and species marked as naturalized. Quality scoring is for naturalized only.,1,2,2,0,0,1,0
1518,2394,1238,,1,GloNAF includes species marked as alien only and species marked as naturalized. Quality scoring is for naturalized only.,1,2,2,0,0,1,0
1519,2394,1246,,1,GloNAF includes species marked as alien only and species marked as naturalized. Quality scoring is for naturalized only.,1,2,2,0,0,1,0
1568,2344,1112,Antioquia,8,,1,2,2,0,0,1,0
1569,2344,1111,Amazonas,8,,1,2,2,0,0,1,0
1570,2344,1114,Atlántico,8,,1,2,2,0,0,1,0
1571,2344,1113,Arauca,8,,1,2,2,0,0,1,0
1572,2344,1115,Bolívar,8,,1,2,2,0,0,1,0
1573,2344,1116,Boyacá,8,,1,2,2,0,0,1,0
1574,2344,1117,Caldas,8,,1,2,2,0,0,1,0
1575,2344,1118,Caquetá,8,,1,2,2,0,0,1,0
1576,2344,1119,Casanare,8,,1,2,2,0,0,1,0
1577,2344,1120,Cauca,8,,1,2,2,0,0,1,0
1578,2344,1121,Cesar,8,,1,2,2,0,0,1,0
1579,2344,1122,Chocó,8,,1,2,2,0,0,1,0
1580,2344,1123,Córdoba,8,,1,2,2,0,0,1,0
1581,2344,1124,Cundinamarca,8,,1,2,2,0,0,1,0
1582,2344,1125,Guainía,8,,1,2,2,0,0,1,0
1583,2344,1126,Guaviare,8,,1,2,2,0,0,1,0
1584,2344,1127,Huila,8,,1,2,2,0,0,1,0
1585,2344,1128,La Guajira,8,,1,2,2,0,0,1,0
1586,2344,1129,Magdalena,8,,1,2,2,0,0,1,0
1587,2344,1130,Meta,8,,1,2,2,0,0,1,0
1588,2344,1131,Nariño,8,,1,2,2,0,0,1,0
1589,2344,1132,Norte de Santander,8,,1,2,2,0,0,1,0
1590,2344,1133,Putumayo,8,,1,2,2,0,0,1,0
1591,2344,1134,Quindío,8,,1,2,2,0,0,1,0
1592,2344,1135,Risaralda,8,,1,2,2,0,0,1,0
1593,2344,1137,Santander,8,,1,2,2,0,0,1,0
1594,2344,1138,Sucre,8,,1,2,2,0,0,1,0
1595,2344,1139,Tolima,8,,1,2,2,0,0,1,0
1596,2344,1140,Valle del Cauca,8,,1,2,2,0,0,1,0
1597,2344,1141,Vaupés,8,,1,2,2,0,0,1,0
1598,2344,1142,Vichada,8,,1,2,2,0,0,1,0
1599,2344,306,Colombia,8,,1,2,2,0,0,1,0
1600,2398,107,"Victoria, Australia",1,of a taxon native outside Victoria but now freely reproducing in well established populations in this State. Such taxa are prefixed with an asterisk (*),1,3,2,0,0,0,0
1601,2399,889,,1,compiling the first comprehensive list of alien plants in Turkey,1,3,0,0,1,0,0
1602,2400,527,,1,It holds a list of all native and all naturalised higher plant species.  ,1,3,0,0,0,0,0
1603,2400,901,,1,It holds a list of all native and all naturalised higher plant species.  ,1,3,0,0,0,0,0
1604,2400,1256,,1,It holds a list of all native and all naturalised higher plant species.  ,1,3,0,0,0,0,0
1605,2400,1257,,1,It holds a list of all native and all naturalised higher plant species.  ,1,3,0,0,0,0,0
1606,2400,1258,,1,It holds a list of all native and all naturalised higher plant species.  ,1,3,0,0,0,0,0
1607,2401,321,,1,"based on the original sources, I infer that all vascular species were considered",1,2,2,0,1,0,0
1628,2403,364,,1,,1,2,2,0,1,1,1
1704,2407,725,,1,,1,2,2,0,1,0,0
1706,2409,410,,1,follows Richardson et al. 2000,1,1,2,0,1,0,1
1707,2410,138,,1,"This selection is undoubtedly an underestimate, given that many parts of the region were not surveyed",1,2,0,0,0,0,1
1708,2410,330,,1,"This selection is undoubtedly an underestimate, given that many parts of the region were not surveyed",1,2,0,0,0,0,1
1709,2410,417,,1,"This selection is undoubtedly an underestimate, given that many parts of the region were not surveyed",1,2,0,0,0,0,1
1710,2410,658,,1,"This selection is undoubtedly an underestimate, given that many parts of the region were not surveyed",1,2,0,0,0,0,1
1711,2410,732,,1,"This selection is undoubtedly an underestimate, given that many parts of the region were not surveyed",1,2,0,0,0,0,1
1712,2410,733,,1,"This selection is undoubtedly an underestimate, given that many parts of the region were not surveyed",1,2,0,0,0,0,1
1713,101,533,,5,"naturalization status was not available in worldfloras (Goettingen database), but extracted from original source by Mark van Kleunen",1,2,2,0,0,0,0
1714,101,1301,,5,"naturalization status was not available in worldfloras (Goettingen database), but extracted from original source by Mark van Kleunen",1,2,2,0,0,0,0
1715,101,1302,,5,"naturalization status was not available in worldfloras (Goettingen database), but extracted from original source by Mark van Kleunen",1,2,2,0,0,0,0
1716,101,1303,,5,"naturalization status was not available in worldfloras (Goettingen database), but extracted from original source by Mark van Kleunen",1,2,2,0,0,0,0
1745,2411,55,Central Coast,1,"Source uses introduced in regional lists, but naturalised for individual species. Curator Seanna McCune refers to them as naturalized.",1,3,2,0,0,0,0
1746,2411,56,Central Tablelands,1,"Source uses introduced in regional lists, but naturalised for individual species. Curator Seanna McCune refers to them as naturalized.",1,3,2,0,0,0,0
1747,2411,57,Central Western Slopes,1,"Source uses introduced in regional lists, but naturalised for individual species. Curator Seanna McCune refers to them as naturalized.",1,3,2,0,0,0,0
1748,2411,58,Lord Howe Island,1,"Source uses introduced in regional lists, but naturalised for individual species. Curator Seanna McCune refers to them as naturalized.",1,3,2,0,0,0,0
1749,2411,59,North Coast,1,"Source uses introduced in regional lists, but naturalised for individual species. Curator Seanna McCune refers to them as naturalized.",1,3,2,0,0,0,0
1750,2411,60,North Far Western Plains,1,"Source uses introduced in regional lists, but naturalised for individual species. Curator Seanna McCune refers to them as naturalized.",1,3,2,0,0,0,0
1751,2411,61,Northern Tablelands,1,"Source uses introduced in regional lists, but naturalised for individual species. Curator Seanna McCune refers to them as naturalized.",1,3,2,0,0,0,0
1752,2411,62,North Western Plains,1,"Source uses introduced in regional lists, but naturalised for individual species. Curator Seanna McCune refers to them as naturalized.",1,3,2,0,0,0,0
1753,2411,63,North Western Slopes,1,"Source uses introduced in regional lists, but naturalised for individual species. Curator Seanna McCune refers to them as naturalized.",1,3,2,0,0,0,0
1754,2411,64,South Coast,1,"Source uses introduced in regional lists, but naturalised for individual species. Curator Seanna McCune refers to them as naturalized.",1,3,2,0,0,0,0
1755,2411,65,South Far Western Plains,1,"Source uses introduced in regional lists, but naturalised for individual species. Curator Seanna McCune refers to them as naturalized.",1,3,2,0,0,0,0
1756,2411,66,Southern Tablelands,1,"Source uses introduced in regional lists, but naturalised for individual species. Curator Seanna McCune refers to them as naturalized.",1,3,2,0,0,0,0
1757,2411,67,South Western Plains,1,"Source uses introduced in regional lists, but naturalised for individual species. Curator Seanna McCune refers to them as naturalized.",1,3,2,0,0,0,0
1758,2411,68,South Western Slopes,1,"Source uses introduced in regional lists, but naturalised for individual species. Curator Seanna McCune refers to them as naturalized.",1,3,2,0,0,0,0
1759,2412,108,Avon Wheatbelt,1,"Alien icon Indicates that the associated taxon name is considered to be alien to Western Australia. This means it is a weed, or it is naturalised.",1,3,2,0,0,0,0
1760,2412,109,Carnarvon,1,"Alien icon Indicates that the associated taxon name is considered to be alien to Western Australia. This means it is a weed, or it is naturalised.",1,3,2,0,0,0,0
1761,2412,110,Central Kimberley,1,"Alien icon Indicates that the associated taxon name is considered to be alien to Western Australia. This means it is a weed, or it is naturalised.",1,3,2,0,0,0,0
1762,2412,111,Coolgardie,1,"Alien icon Indicates that the associated taxon name is considered to be alien to Western Australia. This means it is a weed, or it is naturalised.",1,3,2,0,0,0,0
1763,2412,112,Central Ranges,1,"Alien icon Indicates that the associated taxon name is considered to be alien to Western Australia. This means it is a weed, or it is naturalised.",1,3,2,0,0,0,0
1764,2412,113,Dampierland,1,"Alien icon Indicates that the associated taxon name is considered to be alien to Western Australia. This means it is a weed, or it is naturalised.",1,3,2,0,0,0,0
1765,2412,114,Esperance Plains,1,"Alien icon Indicates that the associated taxon name is considered to be alien to Western Australia. This means it is a weed, or it is naturalised.",1,3,2,0,0,0,0
1766,2412,115,Gascoyne,1,"Alien icon Indicates that the associated taxon name is considered to be alien to Western Australia. This means it is a weed, or it is naturalised.",1,3,2,0,0,0,0
1767,2412,116,Gibson Desert,1,"Alien icon Indicates that the associated taxon name is considered to be alien to Western Australia. This means it is a weed, or it is naturalised.",1,3,2,0,0,0,0
1768,2412,117,Great Sandy Desert,1,"Alien icon Indicates that the associated taxon name is considered to be alien to Western Australia. This means it is a weed, or it is naturalised.",1,3,2,0,0,0,0
1769,2412,118,Geraldton Sandplains,1,"Alien icon Indicates that the associated taxon name is considered to be alien to Western Australia. This means it is a weed, or it is naturalised.",1,3,2,0,0,0,0
1770,2412,119,Great Victoria Desert,1,"Alien icon Indicates that the associated taxon name is considered to be alien to Western Australia. This means it is a weed, or it is naturalised.",1,3,2,0,0,0,0
1771,2412,120,Hampton,1,"Alien icon Indicates that the associated taxon name is considered to be alien to Western Australia. This means it is a weed, or it is naturalised.",1,3,2,0,0,0,0
1772,2412,121,Jarrah Forest,1,"Alien icon Indicates that the associated taxon name is considered to be alien to Western Australia. This means it is a weed, or it is naturalised.",1,3,2,0,0,0,0
1773,2412,122,Little Sandy Desert,1,"Alien icon Indicates that the associated taxon name is considered to be alien to Western Australia. This means it is a weed, or it is naturalised.",1,3,2,0,0,0,0
1774,2412,123,Mallee,1,"Alien icon Indicates that the associated taxon name is considered to be alien to Western Australia. This means it is a weed, or it is naturalised.",1,3,2,0,0,0,0
1775,2412,124,Murchison,1,"Alien icon Indicates that the associated taxon name is considered to be alien to Western Australia. This means it is a weed, or it is naturalised.",1,3,2,0,0,0,0
1776,2412,125,Northern Kimberley,1,"Alien icon Indicates that the associated taxon name is considered to be alien to Western Australia. This means it is a weed, or it is naturalised.",1,3,2,0,0,0,0
1777,2412,126,Nullarbor,1,"Alien icon Indicates that the associated taxon name is considered to be alien to Western Australia. This means it is a weed, or it is naturalised.",1,3,2,0,0,0,0
1778,2412,127,Ord Victoria Plain,1,"Alien icon Indicates that the associated taxon name is considered to be alien to Western Australia. This means it is a weed, or it is naturalised.",1,3,2,0,0,0,0
1779,2412,128,Pilbara,1,"Alien icon Indicates that the associated taxon name is considered to be alien to Western Australia. This means it is a weed, or it is naturalised.",1,3,2,0,0,0,0
1780,2412,129,Swan Coastal Plain,1,"Alien icon Indicates that the associated taxon name is considered to be alien to Western Australia. This means it is a weed, or it is naturalised.",1,3,2,0,0,0,0
1781,2412,130,Tanami,1,"Alien icon Indicates that the associated taxon name is considered to be alien to Western Australia. This means it is a weed, or it is naturalised.",1,3,2,0,0,0,0
1782,2412,131,Victoria Bonaparte,1,"Alien icon Indicates that the associated taxon name is considered to be alien to Western Australia. This means it is a weed, or it is naturalised.",1,3,2,0,0,0,0
1783,2412,132,Warren,1,"Alien icon Indicates that the associated taxon name is considered to be alien to Western Australia. This means it is a weed, or it is naturalised.",1,3,2,0,0,0,0
1784,2412,133,Yalgoo,1,"Alien icon Indicates that the associated taxon name is considered to be alien to Western Australia. This means it is a weed, or it is naturalised.",1,3,2,0,0,0,0
1785,2413,152,,1,the list focusses on invasive species but also includes a few species that are only naturalized,1,1,1,0,0,0,1
1786,2413,153,,1,the list focusses on invasive species but also includes a few species that are only naturalized,1,1,1,0,0,0,1
1787,2413,154,,1,the list focusses on invasive species but also includes a few species that are only naturalized,1,1,1,0,0,0,1
1788,2413,155,,1,the list focusses on invasive species but also includes a few species that are only naturalized,1,1,1,0,0,0,1
1789,2413,156,,1,the list focusses on invasive species but also includes a few species that are only naturalized,1,1,1,0,0,0,1
1790,2413,157,,1,the list focusses on invasive species but also includes a few species that are only naturalized,1,1,1,0,0,0,1
1791,2413,158,,1,the list focusses on invasive species but also includes a few species that are only naturalized,1,1,1,0,0,0,1
1792,2413,159,,1,the list focusses on invasive species but also includes a few species that are only naturalized,1,1,1,0,0,0,1
1793,2413,161,,1,the list focusses on invasive species but also includes a few species that are only naturalized,1,1,1,0,0,0,1
1794,2413,162,,1,the list focusses on invasive species but also includes a few species that are only naturalized,1,1,1,0,0,0,1
1795,2413,163,,1,the list focusses on invasive species but also includes a few species that are only naturalized,1,1,1,0,0,0,1
1796,2413,164,,1,the list focusses on invasive species but also includes a few species that are only naturalized,1,1,1,0,0,0,1
1797,2413,165,,1,the list focusses on invasive species but also includes a few species that are only naturalized,1,1,1,0,0,0,1
1798,2413,166,,1,the list focusses on invasive species but also includes a few species that are only naturalized,1,1,1,0,0,0,1
1799,2413,167,,1,the list focusses on invasive species but also includes a few species that are only naturalized,1,1,1,0,0,0,1
1800,2413,168,,1,the list focusses on invasive species but also includes a few species that are only naturalized,1,1,1,0,0,0,1
1801,2413,169,,1,the list focusses on invasive species but also includes a few species that are only naturalized,1,1,1,0,0,0,1
1802,2413,170,,1,the list focusses on invasive species but also includes a few species that are only naturalized,1,1,1,0,0,0,1
1803,2413,171,,1,the list focusses on invasive species but also includes a few species that are only naturalized,1,1,1,0,0,0,1
1804,2413,172,,1,the list focusses on invasive species but also includes a few species that are only naturalized,1,1,1,0,0,0,1
1805,2413,173,,1,the list focusses on invasive species but also includes a few species that are only naturalized,1,1,1,0,0,0,1
1806,2413,174,,1,the list focusses on invasive species but also includes a few species that are only naturalized,1,1,1,0,0,0,1
1807,2413,175,,1,the list focusses on invasive species but also includes a few species that are only naturalized,1,1,1,0,0,0,1
1808,2413,176,,1,the list focusses on invasive species but also includes a few species that are only naturalized,1,1,1,0,0,0,1
1809,2413,177,,1,the list focusses on invasive species but also includes a few species that are only naturalized,1,1,1,0,0,0,1
1810,2413,178,,1,the list focusses on invasive species but also includes a few species that are only naturalized,1,1,1,0,0,0,1
1811,2413,179,,1,the list focusses on invasive species but also includes a few species that are only naturalized,1,1,1,0,0,0,1
1812,2414,615,,1,,1,3,2,0,0,0,0
1813,2415,370,,1,,1,2,2,0,0,0,0
1814,2415,371,,1,,1,2,2,0,0,0,0
1815,2415,372,,1,,1,2,2,0,0,0,0
1816,2415,373,,1,,1,2,2,0,0,0,0
1817,2415,374,,1,,1,2,2,0,0,0,0
1818,2415,375,,1,,1,2,2,0,0,0,0
1819,2415,376,,1,,1,2,2,0,0,0,0
1820,2415,377,,1,,1,2,2,0,0,0,0
1821,2415,378,,1,,1,2,2,0,0,0,0
1822,2415,379,,1,,1,2,2,0,0,0,0
1823,2415,380,,1,,1,2,2,0,0,0,0
1824,2415,381,,1,,1,2,2,0,0,0,0
1825,2415,382,,1,,1,2,2,0,0,0,0
1826,2415,383,,1,,1,2,2,0,0,0,0
1827,2415,384,,1,,1,2,2,0,0,0,0
1828,2415,385,,1,,1,2,2,0,0,0,0
1829,2415,386,,1,,1,2,2,0,0,0,0
1830,2415,387,,1,,1,2,2,0,0,0,0
1831,2415,388,,1,,1,2,2,0,0,0,0
1832,2415,389,,1,,1,2,2,0,0,0,0
1833,2415,390,,1,,1,2,2,0,0,0,0
1834,2415,391,,1,,1,2,2,0,0,0,0
1835,2415,392,,1,,1,2,2,0,0,0,0
1836,2415,393,,1,,1,2,2,0,0,0,0
1837,2415,394,,1,,1,2,2,0,0,0,0
1838,2415,395,,1,,1,2,2,0,0,0,0
1839,2415,396,,1,,1,2,2,0,0,0,0
1840,2415,397,,1,,1,2,2,0,0,0,0
1841,2415,398,,1,,1,2,2,0,0,0,0
1842,2415,399,,1,,1,2,2,0,0,0,0
1843,2415,400,,1,,1,2,2,0,0,0,0
1844,2415,401,,1,,1,2,2,0,0,0,0
1845,2415,402,,1,,1,2,2,0,0,0,0
1846,2416,676,,1,some of the species are rare but not transient,1,3,2,0,1,0,1
1847,2418,645,,1,,1,2,2,0,0,0,0
1848,2418,648,,1,,1,2,2,0,0,0,0
1849,2418,650,,1,,1,2,2,0,0,0,0
1850,2418,651,,1,,1,2,2,0,0,0,0
1851,2417,350,,1,,1,2,2,0,0,0,1
1852,2392,1247,,1,,1,2,2,0,1,1,1
1853,2419,291,,1,,1,2,2,0,0,1,0
1854,2419,292,,1,,1,2,2,0,0,1,0
1855,2419,293,,1,,1,2,2,0,0,1,0
1856,2419,294,,1,,1,2,2,0,0,1,0
1857,2419,295,,1,,1,2,2,0,0,1,0
1858,2419,296,,1,,1,2,2,0,0,1,0
1859,2419,297,,1,,1,2,2,0,0,1,0
1860,2419,298,,1,,1,2,2,0,0,1,0
1861,2419,299,,1,,1,2,2,0,0,1,0
1862,2419,300,,1,,1,2,2,0,0,1,0
1863,2419,301,,1,,1,2,2,0,0,1,0
1864,2419,302,,1,,1,2,2,0,0,1,0
1865,2419,303,,1,,1,2,2,0,0,1,0
1866,2419,304,,1,,1,2,2,0,0,1,0
1867,2419,305,,1,,1,2,2,0,0,1,0
1869,2421,1259,Kuram,1,Arek wrote:  I think this is reliable and comprehensive register. He also wrote that neophyte=naturalized.,1,2,1,0,1,1,0
1870,2421,1260,Mogoltausian,1,Arek wrote:  I think this is reliable and comprehensive register. He also wrote that neophyte=naturalized.,1,2,1,0,1,1,0
1871,2421,1261,Prisyrdarian,1,Arek wrote:  I think this is reliable and comprehensive register. He also wrote that neophyte=naturalized.,1,2,1,0,1,1,0
1872,2421,1262,Turkestanian A,1,Arek wrote:  I think this is reliable and comprehensive register. He also wrote that neophyte=naturalized.,1,2,1,0,1,1,0
1873,2421,1263,Turkestanian B,1,Arek wrote:  I think this is reliable and comprehensive register. He also wrote that neophyte=naturalized.,1,2,1,0,1,1,0
1874,2421,1264,Zeravshanian A,1,Arek wrote:  I think this is reliable and comprehensive register. He also wrote that neophyte=naturalized.,1,2,1,0,1,1,0
1875,2421,1265,Zeravshanian B,1,Arek wrote:  I think this is reliable and comprehensive register. He also wrote that neophyte=naturalized.,1,2,1,0,1,1,0
1876,2421,1266,Zeravshanian C,1,Arek wrote:  I think this is reliable and comprehensive register. He also wrote that neophyte=naturalized.,1,2,1,0,1,1,0
1877,2421,1267,Hissaro-Darvasian A ,1,Arek wrote:  I think this is reliable and comprehensive register. He also wrote that neophyte=naturalized.,1,2,1,0,1,1,0
1878,2421,1268,Hissaro-Darvasian B ,1,Arek wrote:  I think this is reliable and comprehensive register. He also wrote that neophyte=naturalized.,1,2,1,0,1,1,0
1879,2421,1269,Hissaro-Darvasian C,1,Arek wrote:  I think this is reliable and comprehensive register. He also wrote that neophyte=naturalized.,1,2,1,0,1,1,0
1880,2421,1270,Hissaro-Darvasian D,1,Arek wrote:  I think this is reliable and comprehensive register. He also wrote that neophyte=naturalized.,1,2,1,0,1,1,0
1881,2421,1271,Hissaro-Darvasian E,1,Arek wrote:  I think this is reliable and comprehensive register. He also wrote that neophyte=naturalized.,1,2,1,0,1,1,0
1882,2421,1272,Hissaro-Darvasian F,1,Arek wrote:  I think this is reliable and comprehensive register. He also wrote that neophyte=naturalized.,1,2,1,0,1,1,0
1883,2421,1273,South Tajikistanian A ,1,Arek wrote:  I think this is reliable and comprehensive register. He also wrote that neophyte=naturalized.,1,2,1,0,1,1,0
1884,2421,1274,South Tajikistanian B,1,Arek wrote:  I think this is reliable and comprehensive register. He also wrote that neophyte=naturalized.,1,2,1,0,1,1,0
1885,2421,1275,South Tajikistanian C,1,Arek wrote:  I think this is reliable and comprehensive register. He also wrote that neophyte=naturalized.,1,2,1,0,1,1,0
1886,2421,1276,South Tajikistanian D,1,Arek wrote:  I think this is reliable and comprehensive register. He also wrote that neophyte=naturalized.,1,2,1,0,1,1,0
1887,2421,1277,Eastern Tajikistanian A,1,Arek wrote:  I think this is reliable and comprehensive register. He also wrote that neophyte=naturalized.,1,2,1,0,1,1,0
1888,2421,1278,Eastern Tajikistanian B,1,Arek wrote:  I think this is reliable and comprehensive register. He also wrote that neophyte=naturalized.,1,2,1,0,1,1,0
1889,2421,1279,Eastern Tajikistanian C,1,Arek wrote:  I think this is reliable and comprehensive register. He also wrote that neophyte=naturalized.,1,2,1,0,1,1,0
1890,2421,1280,Western Pamirian A,1,Arek wrote:  I think this is reliable and comprehensive register. He also wrote that neophyte=naturalized.,1,2,1,0,1,1,0
1891,2421,1281,Western Pamirian B,1,Arek wrote:  I think this is reliable and comprehensive register. He also wrote that neophyte=naturalized.,1,2,1,0,1,1,0
1892,2421,1282,Western Pamirian C,1,Arek wrote:  I think this is reliable and comprehensive register. He also wrote that neophyte=naturalized.,1,2,1,0,1,1,0
1893,2421,1283,Eastern Pamirian ,1,Arek wrote:  I think this is reliable and comprehensive register. He also wrote that neophyte=naturalized.,1,2,1,0,1,1,0
1894,2421,1284,Alayan,1,Arek wrote:  I think this is reliable and comprehensive register. He also wrote that neophyte=naturalized.,1,2,1,0,1,1,0
1896,2423,437,Sri Lanka,1,"invasive: ""species whose introduction and/or spread outside their natural habitats 
threaten biological diversity""; listed are some common IAS and some IAS introduced through botanic gardens. Source also contains a few potentially invasive species, but some of them are seemingly so far known from cultivation only or might not be naturalized (not totally clear from source) and are not included here",1,1,0,1,1,1,1
1897,2425,382,Srinagar city in Jammu and Kashmir,7,"the study is about alien species in Srinagar city region, but according to the author (pers. comm.), ""An alien plant in Srinagar means non-native to Kashmir region but can be native to rest of India"", i.e. the alien status refers to the whole state",1,2,2,0,1,1,1
1898,2426,283,,1,"only naturalized species; species with doubtful status (like ""garden escapes"") are not included",1,2,2,0,0,0,0
1899,2426,662,,1,"only naturalized species; species with doubtful status (like ""garden escapes"") are not included",1,2,2,0,0,0,0
1900,2427,445,,1,"native and exotic invasive (and thus naturalized) plants; IUCN definition ""una especie invasora es aquella especie exótica o traslocada que ha sido introducida accidental o intencionalmente fuera de su distribución natural, que tiene la capacidad de colonizar, invadir y persistir, y cuya introducción y dispersión amenazan la diversidad biológica, causando daños al ambiente, a la economía y a la salud humana""",1,1,0,1,0,0,1
1901,2427,923,,1,"native and exotic invasive (and thus naturalized) plants; IUCN definition ""una especie invasora es aquella especie exótica o traslocada que ha sido introducida accidental o intencionalmente fuera de su distribución natural, que tiene la capacidad de colonizar, invadir y persistir, y cuya introducción y dispersión amenazan la diversidad biológica, causando daños al ambiente, a la economía y a la salud humana""",1,1,0,1,0,0,1
1902,2427,924,,1,"native and exotic invasive (and thus naturalized) plants; IUCN definition ""una especie invasora es aquella especie exótica o traslocada que ha sido introducida accidental o intencionalmente fuera de su distribución natural, que tiene la capacidad de colonizar, invadir y persistir, y cuya introducción y dispersión amenazan la diversidad biológica, causando daños al ambiente, a la economía y a la salud humana""",1,1,0,1,0,0,1
1903,2427,447,,1,"native and exotic invasive (and thus naturalized) plants; IUCN definition ""una especie invasora es aquella especie exótica o traslocada que ha sido introducida accidental o intencionalmente fuera de su distribución natural, que tiene la capacidad de colonizar, invadir y persistir, y cuya introducción y dispersión amenazan la diversidad biológica, causando daños al ambiente, a la economía y a la salud humana""",1,1,0,1,0,0,1
1904,2427,448,,1,"native and exotic invasive (and thus naturalized) plants; IUCN definition ""una especie invasora es aquella especie exótica o traslocada que ha sido introducida accidental o intencionalmente fuera de su distribución natural, que tiene la capacidad de colonizar, invadir y persistir, y cuya introducción y dispersión amenazan la diversidad biológica, causando daños al ambiente, a la economía y a la salud humana""",1,1,0,1,0,0,1
1905,2427,449,,1,"native and exotic invasive (and thus naturalized) plants; IUCN definition ""una especie invasora es aquella especie exótica o traslocada que ha sido introducida accidental o intencionalmente fuera de su distribución natural, que tiene la capacidad de colonizar, invadir y persistir, y cuya introducción y dispersión amenazan la diversidad biológica, causando daños al ambiente, a la economía y a la salud humana""",1,1,0,1,0,0,1
1906,2427,450,,1,"native and exotic invasive (and thus naturalized) plants; IUCN definition ""una especie invasora es aquella especie exótica o traslocada que ha sido introducida accidental o intencionalmente fuera de su distribución natural, que tiene la capacidad de colonizar, invadir y persistir, y cuya introducción y dispersión amenazan la diversidad biológica, causando daños al ambiente, a la economía y a la salud humana""",1,1,0,1,0,0,1
1907,2427,451,,1,"native and exotic invasive (and thus naturalized) plants; IUCN definition ""una especie invasora es aquella especie exótica o traslocada que ha sido introducida accidental o intencionalmente fuera de su distribución natural, que tiene la capacidad de colonizar, invadir y persistir, y cuya introducción y dispersión amenazan la diversidad biológica, causando daños al ambiente, a la economía y a la salud humana""",1,1,0,1,0,0,1
1908,2427,452,,1,"native and exotic invasive (and thus naturalized) plants; IUCN definition ""una especie invasora es aquella especie exótica o traslocada que ha sido introducida accidental o intencionalmente fuera de su distribución natural, que tiene la capacidad de colonizar, invadir y persistir, y cuya introducción y dispersión amenazan la diversidad biológica, causando daños al ambiente, a la economía y a la salud humana""",1,1,0,1,0,0,1
1909,2427,453,,1,"native and exotic invasive (and thus naturalized) plants; IUCN definition ""una especie invasora es aquella especie exótica o traslocada que ha sido introducida accidental o intencionalmente fuera de su distribución natural, que tiene la capacidad de colonizar, invadir y persistir, y cuya introducción y dispersión amenazan la diversidad biológica, causando daños al ambiente, a la economía y a la salud humana""",1,1,0,1,0,0,1
1910,2427,454,,1,"native and exotic invasive (and thus naturalized) plants; IUCN definition ""una especie invasora es aquella especie exótica o traslocada que ha sido introducida accidental o intencionalmente fuera de su distribución natural, que tiene la capacidad de colonizar, invadir y persistir, y cuya introducción y dispersión amenazan la diversidad biológica, causando daños al ambiente, a la economía y a la salud humana""",1,1,0,1,0,0,1
1911,2427,455,,1,"native and exotic invasive (and thus naturalized) plants; IUCN definition ""una especie invasora es aquella especie exótica o traslocada que ha sido introducida accidental o intencionalmente fuera de su distribución natural, que tiene la capacidad de colonizar, invadir y persistir, y cuya introducción y dispersión amenazan la diversidad biológica, causando daños al ambiente, a la economía y a la salud humana""",1,1,0,1,0,0,1
1912,2427,456,,1,"native and exotic invasive (and thus naturalized) plants; IUCN definition ""una especie invasora es aquella especie exótica o traslocada que ha sido introducida accidental o intencionalmente fuera de su distribución natural, que tiene la capacidad de colonizar, invadir y persistir, y cuya introducción y dispersión amenazan la diversidad biológica, causando daños al ambiente, a la economía y a la salud humana""",1,1,0,1,0,0,1
1913,2427,457,,1,"native and exotic invasive (and thus naturalized) plants; IUCN definition ""una especie invasora es aquella especie exótica o traslocada que ha sido introducida accidental o intencionalmente fuera de su distribución natural, que tiene la capacidad de colonizar, invadir y persistir, y cuya introducción y dispersión amenazan la diversidad biológica, causando daños al ambiente, a la economía y a la salud humana""",1,1,0,1,0,0,1
1914,2427,458,,1,"native and exotic invasive (and thus naturalized) plants; IUCN definition ""una especie invasora es aquella especie exótica o traslocada que ha sido introducida accidental o intencionalmente fuera de su distribución natural, que tiene la capacidad de colonizar, invadir y persistir, y cuya introducción y dispersión amenazan la diversidad biológica, causando daños al ambiente, a la economía y a la salud humana""",1,1,0,1,0,0,1
1915,2427,459,,1,"native and exotic invasive (and thus naturalized) plants; IUCN definition ""una especie invasora es aquella especie exótica o traslocada que ha sido introducida accidental o intencionalmente fuera de su distribución natural, que tiene la capacidad de colonizar, invadir y persistir, y cuya introducción y dispersión amenazan la diversidad biológica, causando daños al ambiente, a la economía y a la salud humana""",1,1,0,1,0,0,1
1916,2427,460,,1,"native and exotic invasive (and thus naturalized) plants; IUCN definition ""una especie invasora es aquella especie exótica o traslocada que ha sido introducida accidental o intencionalmente fuera de su distribución natural, que tiene la capacidad de colonizar, invadir y persistir, y cuya introducción y dispersión amenazan la diversidad biológica, causando daños al ambiente, a la economía y a la salud humana""",1,1,0,1,0,0,1
1917,2427,461,,1,"native and exotic invasive (and thus naturalized) plants; IUCN definition ""una especie invasora es aquella especie exótica o traslocada que ha sido introducida accidental o intencionalmente fuera de su distribución natural, que tiene la capacidad de colonizar, invadir y persistir, y cuya introducción y dispersión amenazan la diversidad biológica, causando daños al ambiente, a la economía y a la salud humana""",1,1,0,1,0,0,1
1918,2427,462,,1,"native and exotic invasive (and thus naturalized) plants; IUCN definition ""una especie invasora es aquella especie exótica o traslocada que ha sido introducida accidental o intencionalmente fuera de su distribución natural, que tiene la capacidad de colonizar, invadir y persistir, y cuya introducción y dispersión amenazan la diversidad biológica, causando daños al ambiente, a la economía y a la salud humana""",1,1,0,1,0,0,1
1919,2427,463,,1,"native and exotic invasive (and thus naturalized) plants; IUCN definition ""una especie invasora es aquella especie exótica o traslocada que ha sido introducida accidental o intencionalmente fuera de su distribución natural, que tiene la capacidad de colonizar, invadir y persistir, y cuya introducción y dispersión amenazan la diversidad biológica, causando daños al ambiente, a la economía y a la salud humana""",1,1,0,1,0,0,1
1920,2427,464,,1,"native and exotic invasive (and thus naturalized) plants; IUCN definition ""una especie invasora es aquella especie exótica o traslocada que ha sido introducida accidental o intencionalmente fuera de su distribución natural, que tiene la capacidad de colonizar, invadir y persistir, y cuya introducción y dispersión amenazan la diversidad biológica, causando daños al ambiente, a la economía y a la salud humana""",1,1,0,1,0,0,1
1921,2427,465,,1,"native and exotic invasive (and thus naturalized) plants; IUCN definition ""una especie invasora es aquella especie exótica o traslocada que ha sido introducida accidental o intencionalmente fuera de su distribución natural, que tiene la capacidad de colonizar, invadir y persistir, y cuya introducción y dispersión amenazan la diversidad biológica, causando daños al ambiente, a la economía y a la salud humana""",1,1,0,1,0,0,1
1922,2427,466,,1,"native and exotic invasive (and thus naturalized) plants; IUCN definition ""una especie invasora es aquella especie exótica o traslocada que ha sido introducida accidental o intencionalmente fuera de su distribución natural, que tiene la capacidad de colonizar, invadir y persistir, y cuya introducción y dispersión amenazan la diversidad biológica, causando daños al ambiente, a la economía y a la salud humana""",1,1,0,1,0,0,1
1923,2427,467,,1,"native and exotic invasive (and thus naturalized) plants; IUCN definition ""una especie invasora es aquella especie exótica o traslocada que ha sido introducida accidental o intencionalmente fuera de su distribución natural, que tiene la capacidad de colonizar, invadir y persistir, y cuya introducción y dispersión amenazan la diversidad biológica, causando daños al ambiente, a la economía y a la salud humana""",1,1,0,1,0,0,1
1924,2427,468,,1,"native and exotic invasive (and thus naturalized) plants; IUCN definition ""una especie invasora es aquella especie exótica o traslocada que ha sido introducida accidental o intencionalmente fuera de su distribución natural, que tiene la capacidad de colonizar, invadir y persistir, y cuya introducción y dispersión amenazan la diversidad biológica, causando daños al ambiente, a la economía y a la salud humana""",1,1,0,1,0,0,1
1925,2427,470,,1,"native and exotic invasive (and thus naturalized) plants; IUCN definition ""una especie invasora es aquella especie exótica o traslocada que ha sido introducida accidental o intencionalmente fuera de su distribución natural, que tiene la capacidad de colonizar, invadir y persistir, y cuya introducción y dispersión amenazan la diversidad biológica, causando daños al ambiente, a la economía y a la salud humana""",1,1,0,1,0,0,1
1926,2427,471,,1,"native and exotic invasive (and thus naturalized) plants; IUCN definition ""una especie invasora es aquella especie exótica o traslocada que ha sido introducida accidental o intencionalmente fuera de su distribución natural, que tiene la capacidad de colonizar, invadir y persistir, y cuya introducción y dispersión amenazan la diversidad biológica, causando daños al ambiente, a la economía y a la salud humana""",1,1,0,1,0,0,1
1927,2427,472,,1,"native and exotic invasive (and thus naturalized) plants; IUCN definition ""una especie invasora es aquella especie exótica o traslocada que ha sido introducida accidental o intencionalmente fuera de su distribución natural, que tiene la capacidad de colonizar, invadir y persistir, y cuya introducción y dispersión amenazan la diversidad biológica, causando daños al ambiente, a la economía y a la salud humana""",1,1,0,1,0,0,1
1928,2427,473,,1,"native and exotic invasive (and thus naturalized) plants; IUCN definition ""una especie invasora es aquella especie exótica o traslocada que ha sido introducida accidental o intencionalmente fuera de su distribución natural, que tiene la capacidad de colonizar, invadir y persistir, y cuya introducción y dispersión amenazan la diversidad biológica, causando daños al ambiente, a la economía y a la salud humana""",1,1,0,1,0,0,1
1929,2427,474,,1,"native and exotic invasive (and thus naturalized) plants; IUCN definition ""una especie invasora es aquella especie exótica o traslocada que ha sido introducida accidental o intencionalmente fuera de su distribución natural, que tiene la capacidad de colonizar, invadir y persistir, y cuya introducción y dispersión amenazan la diversidad biológica, causando daños al ambiente, a la economía y a la salud humana""",1,1,0,1,0,0,1
1930,2427,475,,1,"native and exotic invasive (and thus naturalized) plants; IUCN definition ""una especie invasora es aquella especie exótica o traslocada que ha sido introducida accidental o intencionalmente fuera de su distribución natural, que tiene la capacidad de colonizar, invadir y persistir, y cuya introducción y dispersión amenazan la diversidad biológica, causando daños al ambiente, a la economía y a la salud humana""",1,1,0,1,0,0,1
1931,2427,476,,1,"native and exotic invasive (and thus naturalized) plants; IUCN definition ""una especie invasora es aquella especie exótica o traslocada que ha sido introducida accidental o intencionalmente fuera de su distribución natural, que tiene la capacidad de colonizar, invadir y persistir, y cuya introducción y dispersión amenazan la diversidad biológica, causando daños al ambiente, a la economía y a la salud humana""",1,1,0,1,0,0,1
1932,2428,523,Nepal,1,,1,1,0,1,0,0,1
1955,2434,876,,1,"records for ""doubtfully occurring"", ""data deficient"", ""no longer recorded"", ""extinct or possibly extinct"" taxa were excluded",1,3,2,0,1,0,1
1956,2434,1398,,1,"records for ""doubtfully occurring"", ""data deficient"", ""no longer recorded"", ""extinct or possibly extinct"" taxa were excluded",1,3,2,0,1,0,1
1957,2434,1399,,1,"records for ""doubtfully occurring"", ""data deficient"", ""no longer recorded"", ""extinct or possibly extinct"" taxa were excluded",1,3,2,0,1,0,1
1958,2434,1395,,1,"records for ""doubtfully occurring"", ""data deficient"", ""no longer recorded"", ""extinct or possibly extinct"" taxa were excluded",1,3,2,0,1,0,1
1959,2434,1396,,1,"records for ""doubtfully occurring"", ""data deficient"", ""no longer recorded"", ""extinct or possibly extinct"" taxa were excluded",1,3,2,0,1,0,1
1960,2434,1391,,1,"records for ""doubtfully occurring"", ""data deficient"", ""no longer recorded"", ""extinct or possibly extinct"" taxa were excluded",1,3,2,0,1,0,1
1961,2434,1402,,1,"records for ""doubtfully occurring"", ""data deficient"", ""no longer recorded"", ""extinct or possibly extinct"" taxa were excluded",1,3,2,0,1,0,1
1962,2434,1394,,1,"records for ""doubtfully occurring"", ""data deficient"", ""no longer recorded"", ""extinct or possibly extinct"" taxa were excluded",1,3,2,0,1,0,1
1963,2434,1403,,1,"records for ""doubtfully occurring"", ""data deficient"", ""no longer recorded"", ""extinct or possibly extinct"" taxa were excluded",1,3,2,0,1,0,1
1964,2434,1389,,1,"records for ""doubtfully occurring"", ""data deficient"", ""no longer recorded"", ""extinct or possibly extinct"" taxa were excluded",1,3,2,0,1,0,1
1965,2434,1400,,1,"records for ""doubtfully occurring"", ""data deficient"", ""no longer recorded"", ""extinct or possibly extinct"" taxa were excluded",1,3,2,0,1,0,1
1966,2434,1404,,1,"records for ""doubtfully occurring"", ""data deficient"", ""no longer recorded"", ""extinct or possibly extinct"" taxa were excluded",1,3,2,0,1,0,1
1967,2434,1388,,1,"records for ""doubtfully occurring"", ""data deficient"", ""no longer recorded"", ""extinct or possibly extinct"" taxa were excluded",1,3,2,0,1,0,1
1968,2434,1392,,1,"records for ""doubtfully occurring"", ""data deficient"", ""no longer recorded"", ""extinct or possibly extinct"" taxa were excluded",1,3,2,0,1,0,1
1969,2434,412,,1,"records for ""doubtfully occurring"", ""data deficient"", ""no longer recorded"", ""extinct or possibly extinct"" taxa were excluded",1,3,2,0,1,0,1
1970,2434,413,,1,"records for ""doubtfully occurring"", ""data deficient"", ""no longer recorded"", ""extinct or possibly extinct"" taxa were excluded",1,3,2,0,1,0,1
1971,2434,1397,,1,"records for ""doubtfully occurring"", ""data deficient"", ""no longer recorded"", ""extinct or possibly extinct"" taxa were excluded",1,3,2,0,1,0,1
1972,2434,1390,,1,"records for ""doubtfully occurring"", ""data deficient"", ""no longer recorded"", ""extinct or possibly extinct"" taxa were excluded",1,3,2,0,1,0,1
1973,2434,1401,,1,"records for ""doubtfully occurring"", ""data deficient"", ""no longer recorded"", ""extinct or possibly extinct"" taxa were excluded",1,3,2,0,1,0,1
1974,2434,1405,,1,"records for ""doubtfully occurring"", ""data deficient"", ""no longer recorded"", ""extinct or possibly extinct"" taxa were excluded",1,3,2,0,1,0,1
1975,2434,1393,,1,"records for ""doubtfully occurring"", ""data deficient"", ""no longer recorded"", ""extinct or possibly extinct"" taxa were excluded",1,3,2,0,1,0,1
1976,2436,1398,,1,"records for ""doubtfully occurring"", ""data deficient"", ""no longer recorded"", ""extinct or possibly extinct"" taxa were excluded",1,1,2,0,1,0,1
1977,2436,1399,,1,"records for ""doubtfully occurring"", ""data deficient"", ""no longer recorded"", ""extinct or possibly extinct"" taxa were excluded",1,1,2,0,1,0,1
1978,2436,1395,,1,"records for ""doubtfully occurring"", ""data deficient"", ""no longer recorded"", ""extinct or possibly extinct"" taxa were excluded",1,1,2,0,1,0,1
1979,2436,1396,,1,"records for ""doubtfully occurring"", ""data deficient"", ""no longer recorded"", ""extinct or possibly extinct"" taxa were excluded",1,1,2,0,1,0,1
1980,2436,1391,,1,"records for ""doubtfully occurring"", ""data deficient"", ""no longer recorded"", ""extinct or possibly extinct"" taxa were excluded",1,1,2,0,1,0,1
1981,2436,1402,,1,"records for ""doubtfully occurring"", ""data deficient"", ""no longer recorded"", ""extinct or possibly extinct"" taxa were excluded",1,1,2,0,1,0,1
1982,2436,1394,,1,"records for ""doubtfully occurring"", ""data deficient"", ""no longer recorded"", ""extinct or possibly extinct"" taxa were excluded",1,1,2,0,1,0,1
1983,2436,1403,,1,"records for ""doubtfully occurring"", ""data deficient"", ""no longer recorded"", ""extinct or possibly extinct"" taxa were excluded",1,1,2,0,1,0,1
1984,2436,1389,,1,"records for ""doubtfully occurring"", ""data deficient"", ""no longer recorded"", ""extinct or possibly extinct"" taxa were excluded",1,1,2,0,1,0,1
1985,2436,1400,,1,"records for ""doubtfully occurring"", ""data deficient"", ""no longer recorded"", ""extinct or possibly extinct"" taxa were excluded",1,1,2,0,1,0,1
1986,2436,1404,,1,"records for ""doubtfully occurring"", ""data deficient"", ""no longer recorded"", ""extinct or possibly extinct"" taxa were excluded",1,1,2,0,1,0,1
1987,2436,1388,,1,"records for ""doubtfully occurring"", ""data deficient"", ""no longer recorded"", ""extinct or possibly extinct"" taxa were excluded",1,1,2,0,1,0,1
1988,2436,1392,,1,"records for ""doubtfully occurring"", ""data deficient"", ""no longer recorded"", ""extinct or possibly extinct"" taxa were excluded",1,1,2,0,1,0,1
1989,2436,412,,1,"records for ""doubtfully occurring"", ""data deficient"", ""no longer recorded"", ""extinct or possibly extinct"" taxa were excluded",1,1,2,0,1,0,1
1990,2436,413,,1,"records for ""doubtfully occurring"", ""data deficient"", ""no longer recorded"", ""extinct or possibly extinct"" taxa were excluded",1,1,2,0,1,0,1
1991,2436,1397,,1,"records for ""doubtfully occurring"", ""data deficient"", ""no longer recorded"", ""extinct or possibly extinct"" taxa were excluded",1,1,2,0,1,0,1
1992,2436,1390,,1,"records for ""doubtfully occurring"", ""data deficient"", ""no longer recorded"", ""extinct or possibly extinct"" taxa were excluded",1,1,2,0,1,0,1
1993,2436,1401,,1,"records for ""doubtfully occurring"", ""data deficient"", ""no longer recorded"", ""extinct or possibly extinct"" taxa were excluded",1,1,2,0,1,0,1
1994,2436,1405,,1,"records for ""doubtfully occurring"", ""data deficient"", ""no longer recorded"", ""extinct or possibly extinct"" taxa were excluded",1,1,2,0,1,0,1
1995,2436,1393,,1,"records for ""doubtfully occurring"", ""data deficient"", ""no longer recorded"", ""extinct or possibly extinct"" taxa were excluded",1,1,2,0,1,0,1
1996,2441,1406,Timor-Leste,1,"contains mainly naturalized plants, but might contain some casual aliens, as author ""adopted a fairly inclusive approach to capture plants known to be weeds elsewhere"" (pers. comm.)",1,2,0,0,0,0,0
1997,2442,920,United Arab Emirates,1,"It is supposed to be a comprehensive flora of the wild plants, and includes introduced species. I would nevertheless estimate it as low completeness.",2,1,2,0,1,1,0
1998,2443,851,Vietnam,7,"""Species listed as IAS [invasive alien species, assigned status invasive in glonafdb] meet the following criteria: (1) non-native in Vietnam; (2) having biological potential for rapid and widespread dispersal and establishment in minimally managed habitats, for dispersing over spatial gaps, and for existing in high number; (3) be naturalized in the parks; (4) be common in a region of habitat types or widespread in Vietnam; (5) have high number of individual forming stands in minimal managed habitats; (6) be able to out-compete other species; and (7) have the potential for rapid growth, high seed or propagule production and dissemination, and establishment in natural plant communities. Likely invasive species (L.IAS) [assigned status naturalized in glonafdb] meet first three criteria plus at least one occurrence in parks that has high individual numbers and is known to be invasive elsewhere. Potentially invasive species (P.IAS) [assigned status alien in glonafdb] meet first two criteria above plus pose an imminent threat to biodiversity and naturalization is anticipated.""",1,1,1,0,0,0,1
1999,2444,734,Ukraine,1,"Some of the species marked as casual might be naturalized, as the information is not clear.",1,1,2,0,1,1,1
2000,2445,2,Angola,6,,1,1,1,0,0,0,0
2002,2448,844,Pakistan,1,,1,1,1,1,0,0,1
2003,2447,145,Bulgaria,6,,1,1,1,1,0,0,1
2005,2451,329,Estonia,1,,1,3,0,0,0,0,0
2006,2450,1409,Kazakhstan,6,,1,1,1,0,,0,1
2007,2452,824,,8,status categories based on Blackburn et al. 2011 TREE provided,1,3,0,0,1,0,1
2008,2452,828,,8,status categories based on Blackburn et al. 2011 TREE provided,1,3,0,0,1,0,1
2012,2454,734,"National Park ""Samarsky Bir""",1,"species marked as ""alien"" are likely naturalized, but information is not clear. data include entry ""Cultus""/cultural next to entries like ""Stepposus"", ""Ruderatus"" etc. - not sure if cultivated species are included, i.e. if ""Parthenocyssus quinquefolia (L.) Planch."" is cultivated only",1,1,2,0,0,0,1
2013,2458,534,North Korea,1,,1,3,0,0,1,0,1
2014,2458,1410,Russian Far East,1,source further distinguishes transformers from the other invasives,1,3,0,0,1,0,1
2015,2458,431,South Korea,1,"invasive status: authors ""designated 3 to 5 as invasive and 1 to 2 as naturalized from SH Park criteria"" (1-rare; 2-regional and not abundant; 3-broad and not abundant; 4-regional and abundant; 5-broad and abundant);  ""added invasives from the noxious weeds listed in KEI""",1,3,0,0,0,0,1
2016,2459,519,Netherlands,1,,1,3,2,0,1,1,0
2017,2460,514,Nouvelle-Calédonie,1,,1,1,2,1,0,0,1
2018,2461,200,Schweiz,1,"There might be a few taxa among those included as ""casual"" that are only cultivated (listed in the original source as ""AC""/""kultivierte Archaeophyten"" and ""NC""/""kultivierte Neophyten"", with the addition received from infoflora via email that they sometimes occur in the wild but cannot persist without human assistance).",1,3,1,0,1,0,1
2020,2463,200,Schweiz,1,,1,1,1,1,0,0,1
2021,2464,643,СИБИРИ,1,source contains discrepancies regarding status between text and maps,1,1,2,0,1,0,1
2022,2464,644,СИБИРИ,1,source contains discrepancies regarding status between text and maps,1,1,2,0,1,0,1
2023,2464,645,СИБИРИ,1,source contains discrepancies regarding status between text and maps,1,1,2,0,1,0,1
2024,2464,646,СИБИРИ,1,source contains discrepancies regarding status between text and maps,1,1,2,0,1,0,1
2025,2464,647,СИБИРИ,1,source contains discrepancies regarding status between text and maps,1,1,2,0,1,0,1
2026,2464,648,СИБИРИ,1,source contains discrepancies regarding status between text and maps,1,1,2,0,1,0,1
2027,2464,649,СИБИРИ,1,source contains discrepancies regarding status between text and maps,1,1,2,0,1,0,1
2028,2464,650,СИБИРИ,1,source contains discrepancies regarding status between text and maps,1,1,2,0,1,0,1
2029,2464,651,СИБИРИ,1,source contains discrepancies regarding status between text and maps,1,1,2,0,1,0,1
2030,2464,652,СИБИРИ,1,source contains discrepancies regarding status between text and maps,1,1,2,0,1,0,1
2031,2464,653,СИБИРИ,1,source contains discrepancies regarding status between text and maps,1,1,2,0,1,0,1
2032,2464,654,СИБИРИ,1,source contains discrepancies regarding status between text and maps,1,1,2,0,1,0,1
2033,2465,431,South Korea,2,For archaeophytes the year 1876 (opening of ports) is used as cut-off,1,3,2,0,1,1,0
2034,2466,1412,Vojvodina,1,"source includes only ""invasive"" species, i.e. explicitly does not contain non-invasive naturalized taxa, but separates the invasive species into ""casual"" (inserted into glonafdb as casual), ""naturalized"" (inserted into db as invasive) and ""no data"" (inserted into db as alien)",1,1,2,1,1,0,1
2035,2467,663,South Georgia,7,further information on casual/naturalized status for taxa listed here as introduced might be deduced from the pdf or from the author,1,3,1,0,0,0,0
2036,2469,510,Mauritius and Rodrigues,1,invasive status of all taxa not fully clear,1,1,2,1,0,0,1
2037,2469,1413,Mauritius and Rodrigues,1,invasive status of all taxa not fully clear,1,1,2,1,0,0,1
2038,2469,1233,Mauritius and Rodrigues,1,invasive status of all taxa not fully clear,1,1,2,1,0,0,1
2039,2471,529,,1,"taxa listed as both cultivated and introduced were entered into glonafdb as cultivated; ""casuals_included"" refers to taxa marked as ""introduced"", i.e. taxa marked as ""naturalized"" should not include casual aliens",1,1,2,0,0,1,0
2040,2471,1427,,1,"taxa listed as both cultivated and introduced were entered into glonafdb as cultivated; ""casuals_included"" refers to taxa marked as ""introduced"", i.e. taxa marked as ""naturalized"" should not include casual aliens",1,1,2,0,0,1,0
2041,2471,1419,,1,"taxa listed as both cultivated and introduced were entered into glonafdb as cultivated; ""casuals_included"" refers to taxa marked as ""introduced"", i.e. taxa marked as ""naturalized"" should not include casual aliens",1,1,2,0,0,1,0
2042,2471,1420,,1,"taxa listed as both cultivated and introduced were entered into glonafdb as cultivated; ""casuals_included"" refers to taxa marked as ""introduced"", i.e. taxa marked as ""naturalized"" should not include casual aliens",1,1,2,0,0,1,0
2043,2471,1421,,1,"taxa listed as both cultivated and introduced were entered into glonafdb as cultivated; ""casuals_included"" refers to taxa marked as ""introduced"", i.e. taxa marked as ""naturalized"" should not include casual aliens",1,1,2,0,0,1,0
2044,2471,1422,,1,"taxa listed as both cultivated and introduced were entered into glonafdb as cultivated; ""casuals_included"" refers to taxa marked as ""introduced"", i.e. taxa marked as ""naturalized"" should not include casual aliens",1,1,2,0,0,1,0
2045,2471,1423,,1,"taxa listed as both cultivated and introduced were entered into glonafdb as cultivated; ""casuals_included"" refers to taxa marked as ""introduced"", i.e. taxa marked as ""naturalized"" should not include casual aliens",1,1,2,0,0,1,0
2046,2471,1424,,1,"taxa listed as both cultivated and introduced were entered into glonafdb as cultivated; ""casuals_included"" refers to taxa marked as ""introduced"", i.e. taxa marked as ""naturalized"" should not include casual aliens",1,1,2,0,0,1,0
2047,2471,1425,,1,"taxa listed as both cultivated and introduced were entered into glonafdb as cultivated; ""casuals_included"" refers to taxa marked as ""introduced"", i.e. taxa marked as ""naturalized"" should not include casual aliens",1,1,2,0,0,1,0
2048,2471,1426,,1,"taxa listed as both cultivated and introduced were entered into glonafdb as cultivated; ""casuals_included"" refers to taxa marked as ""introduced"", i.e. taxa marked as ""naturalized"" should not include casual aliens",1,1,2,0,0,1,0
2049,2471,1428,,1,"taxa listed as both cultivated and introduced were entered into glonafdb as cultivated; ""casuals_included"" refers to taxa marked as ""introduced"", i.e. taxa marked as ""naturalized"" should not include casual aliens",1,1,2,0,0,1,0
2050,2472,1430,Sachalina i Kurilskich,1,status inferred from descriptions (some of which are poor and inconsistent); status refers to Sakhalin and Kuril islands combined,1,1,2,0,1,1,0
2051,2472,1429,Sachalina i Kurilskich,1,status inferred from descriptions (some of which are poor and inconsistent); status refers to Sakhalin and Kuril islands combined,1,1,2,0,1,1,0
2052,2470,1414,Polynésie  française,1,"source distinguishes six classes of invasiveness - classes 0 - 2 were entered into glonafdb as naturalized, classes 3-5 were entered as invasive",1,3,1,0,0,0,1
2053,2470,1415,Polynésie  française,1,"source distinguishes six classes of invasiveness - classes 0 - 2 were entered into glonafdb as naturalized, classes 3-5 were entered as invasive",1,3,1,0,0,0,1
2054,2470,1416,Polynésie  française,1,"source distinguishes six classes of invasiveness - classes 0 - 2 were entered into glonafdb as naturalized, classes 3-5 were entered as invasive",1,3,1,0,0,0,1
2055,2470,1417,Polynésie  française,1,"source distinguishes six classes of invasiveness - classes 0 - 2 were entered into glonafdb as naturalized, classes 3-5 were entered as invasive",1,3,1,0,0,0,1
2056,2470,1418,Polynésie  française,1,"source distinguishes six classes of invasiveness - classes 0 - 2 were entered into glonafdb as naturalized, classes 3-5 were entered as invasive",1,3,1,0,0,0,1
2057,2473,147,,1,"casuals_included_id refers to taxa that were included as ""alien"", not ""naturalized""; source distinguishes ""envahissant"" and ""envahissant principalement dans les milieux perturbés"", both of which were included in glonafdb as ""invasive""",1,1,1,0,0,1,1
2058,2473,999,,1,"casuals_included_id refers to taxa that were included as ""alien"", not ""naturalized""; source distinguishes ""envahissant"" and ""envahissant principalement dans les milieux perturbés"", both of which were included in glonafdb as ""invasive""",1,1,1,0,0,1,1
2059,2473,925,,1,"casuals_included_id refers to taxa that were included as ""alien"", not ""naturalized""; source distinguishes ""envahissant"" and ""envahissant principalement dans les milieux perturbés"", both of which were included in glonafdb as ""invasive""",1,1,1,0,0,1,1
2060,2473,1440,,1,"casuals_included_id refers to taxa that were included as ""alien"", not ""naturalized""; source distinguishes ""envahissant"" and ""envahissant principalement dans les milieux perturbés"", both of which were included in glonafdb as ""invasive""",1,1,1,0,0,1,1
2061,2473,1439,,1,"casuals_included_id refers to taxa that were included as ""alien"", not ""naturalized""; source distinguishes ""envahissant"" and ""envahissant principalement dans les milieux perturbés"", both of which were included in glonafdb as ""invasive""",1,1,1,0,0,1,1
2062,2473,869,,1,"casuals_included_id refers to taxa that were included as ""alien"", not ""naturalized""; source distinguishes ""envahissant"" and ""envahissant principalement dans les milieux perturbés"", both of which were included in glonafdb as ""invasive""",1,1,1,0,0,1,1
2063,2473,360,,1,"casuals_included_id refers to taxa that were included as ""alien"", not ""naturalized""; source distinguishes ""envahissant"" and ""envahissant principalement dans les milieux perturbés"", both of which were included in glonafdb as ""invasive""",1,1,1,0,0,1,1
2064,2473,1435,,1,"casuals_included_id refers to taxa that were included as ""alien"", not ""naturalized""; source distinguishes ""envahissant"" and ""envahissant principalement dans les milieux perturbés"", both of which were included in glonafdb as ""invasive""",1,1,1,0,0,1,1
2065,2473,509,,1,"casuals_included_id refers to taxa that were included as ""alien"", not ""naturalized""; source distinguishes ""envahissant"" and ""envahissant principalement dans les milieux perturbés"", both of which were included in glonafdb as ""invasive""",1,1,1,0,0,1,1
2066,2473,514,,1,"casuals_included_id refers to taxa that were included as ""alien"", not ""naturalized""; source distinguishes ""envahissant"" and ""envahissant principalement dans les milieux perturbés"", both of which were included in glonafdb as ""invasive""",1,1,1,0,0,1,1
2067,2473,883,,1,"casuals_included_id refers to taxa that were included as ""alien"", not ""naturalized""; source distinguishes ""envahissant"" and ""envahissant principalement dans les milieux perturbés"", both of which were included in glonafdb as ""invasive""",1,1,1,0,0,1,1
2068,2473,672,,1,"casuals_included_id refers to taxa that were included as ""alien"", not ""naturalized""; source distinguishes ""envahissant"" and ""envahissant principalement dans les milieux perturbés"", both of which were included in glonafdb as ""invasive""",1,1,1,0,0,1,1
2069,2473,1431,,1,"casuals_included_id refers to taxa that were included as ""alien"", not ""naturalized""; source distinguishes ""envahissant"" and ""envahissant principalement dans les milieux perturbés"", both of which were included in glonafdb as ""invasive""",1,1,1,0,0,1,1
2070,2474,147,France métropolitaine et d’outre-mer,8,,1,2,1,0,1,0,1
2071,2474,1441,France métropolitaine et d’outre-mer,8,,1,2,1,0,1,0,1
2072,2474,338,France métropolitaine et d’outre-mer,8,,1,2,1,0,1,0,1
2073,2474,999,France métropolitaine et d’outre-mer,8,,1,2,1,0,1,0,1
2074,2474,925,France métropolitaine et d’outre-mer,8,,1,2,1,0,1,0,1
2075,2474,1440,France métropolitaine et d’outre-mer,8,,1,2,1,0,1,0,1
2076,2474,1439,France métropolitaine et d’outre-mer,8,,1,2,1,0,1,0,1
2077,2474,1443,France métropolitaine et d’outre-mer,8,,1,2,1,0,1,0,1
2078,2474,360,France métropolitaine et d’outre-mer,8,,1,2,1,0,1,0,1
2079,2474,1435,France métropolitaine et d’outre-mer,8,,1,2,1,0,1,0,1
2080,2474,509,France métropolitaine et d’outre-mer,8,,1,2,1,0,1,0,1
2081,2474,514,France métropolitaine et d’outre-mer,8,,1,2,1,0,1,0,1
2082,2474,883,France métropolitaine et d’outre-mer,8,,1,2,1,0,1,0,1
2083,2474,672,France métropolitaine et d’outre-mer,8,,1,2,1,0,1,0,1
2084,2474,1431,France métropolitaine et d’outre-mer,8,,1,2,1,0,1,0,1
2092,2468,1447,Comoros Archipelago,1,"coded ""main invasive [] species"" as invasive, and ""potentially invasive [] species"" as naturalized",1,1,2,1,0,0,1
2093,2468,1450,Comoros Archipelago,1,"coded ""main invasive [] species"" as invasive, and ""potentially invasive [] species"" as naturalized",1,1,2,1,0,0,1
2094,2468,1448,Comoros Archipelago,1,"coded ""main invasive [] species"" as invasive, and ""potentially invasive [] species"" as naturalized",1,1,2,1,0,0,1
2095,2468,1449,Comoros Archipelago,1,"coded ""main invasive [] species"" as invasive, and ""potentially invasive [] species"" as naturalized",1,1,2,1,0,0,1
2096,2468,999,Comoros Archipelago,1,"coded ""main invasive [] species"" as invasive, and ""potentially invasive [] species"" as naturalized",1,1,2,1,0,0,1
2097,2475,1,,8,,1,1,2,0,0,0,1
2099,2475,3,,8,,1,1,2,0,0,0,1
2105,2475,857,,8,,1,1,2,0,0,0,1
2112,2475,141,,8,,1,1,2,0,0,0,1
2118,2475,150,,8,,1,1,2,0,0,0,1
2129,2475,1252,,8,,1,1,2,0,0,0,1
2130,2475,1234,,8,,1,1,2,0,0,0,1
2226,2475,731,,8,,1,1,2,0,0,0,1
2240,2476,1703,,2,"according to Pavel Krestov, the data ""must be critically evaluated before use, because there are different treatments of alien plants in different floras"". He also wrote that ""information for cultivated plants is provided consistently in Flora of Kazakhstan only, in other floras cultivated plants are ignored"", but entries for cultivated plants also exist in his data in regions other than Kazakhstan",1,2,2,0,0,1,1
2241,2476,1704,,2,"according to Pavel Krestov, the data ""must be critically evaluated before use, because there are different treatments of alien plants in different floras"". He also wrote that ""information for cultivated plants is provided consistently in Flora of Kazakhstan only, in other floras cultivated plants are ignored"", but entries for cultivated plants also exist in his data in regions other than Kazakhstan",1,2,2,0,0,1,1
2242,2476,1705,,2,"according to Pavel Krestov, the data ""must be critically evaluated before use, because there are different treatments of alien plants in different floras"". He also wrote that ""information for cultivated plants is provided consistently in Flora of Kazakhstan only, in other floras cultivated plants are ignored"", but entries for cultivated plants also exist in his data in regions other than Kazakhstan",1,2,2,0,0,1,1
2243,2476,1706,,2,"according to Pavel Krestov, the data ""must be critically evaluated before use, because there are different treatments of alien plants in different floras"". He also wrote that ""information for cultivated plants is provided consistently in Flora of Kazakhstan only, in other floras cultivated plants are ignored"", but entries for cultivated plants also exist in his data in regions other than Kazakhstan",1,2,2,0,0,1,1
2244,2476,1707,,2,"according to Pavel Krestov, the data ""must be critically evaluated before use, because there are different treatments of alien plants in different floras"". He also wrote that ""information for cultivated plants is provided consistently in Flora of Kazakhstan only, in other floras cultivated plants are ignored"", but entries for cultivated plants also exist in his data in regions other than Kazakhstan",1,2,2,0,0,1,1
2245,2476,1708,,2,"according to Pavel Krestov, the data ""must be critically evaluated before use, because there are different treatments of alien plants in different floras"". He also wrote that ""information for cultivated plants is provided consistently in Flora of Kazakhstan only, in other floras cultivated plants are ignored"", but entries for cultivated plants also exist in his data in regions other than Kazakhstan",1,2,2,0,0,1,1
2246,2476,1709,,2,"according to Pavel Krestov, the data ""must be critically evaluated before use, because there are different treatments of alien plants in different floras"". He also wrote that ""information for cultivated plants is provided consistently in Flora of Kazakhstan only, in other floras cultivated plants are ignored"", but entries for cultivated plants also exist in his data in regions other than Kazakhstan",1,2,2,0,0,1,1
2247,2476,1710,,2,"according to Pavel Krestov, the data ""must be critically evaluated before use, because there are different treatments of alien plants in different floras"". He also wrote that ""information for cultivated plants is provided consistently in Flora of Kazakhstan only, in other floras cultivated plants are ignored"", but entries for cultivated plants also exist in his data in regions other than Kazakhstan",1,2,2,0,0,1,1
2248,2476,1711,,2,"according to Pavel Krestov, the data ""must be critically evaluated before use, because there are different treatments of alien plants in different floras"". He also wrote that ""information for cultivated plants is provided consistently in Flora of Kazakhstan only, in other floras cultivated plants are ignored"", but entries for cultivated plants also exist in his data in regions other than Kazakhstan",1,2,2,0,0,1,1
2249,2476,1712,,2,"according to Pavel Krestov, the data ""must be critically evaluated before use, because there are different treatments of alien plants in different floras"". He also wrote that ""information for cultivated plants is provided consistently in Flora of Kazakhstan only, in other floras cultivated plants are ignored"", but entries for cultivated plants also exist in his data in regions other than Kazakhstan",1,2,2,0,0,1,1
2250,2476,1713,,2,"according to Pavel Krestov, the data ""must be critically evaluated before use, because there are different treatments of alien plants in different floras"". He also wrote that ""information for cultivated plants is provided consistently in Flora of Kazakhstan only, in other floras cultivated plants are ignored"", but entries for cultivated plants also exist in his data in regions other than Kazakhstan",1,2,2,0,0,1,1
2251,2476,1714,,2,"according to Pavel Krestov, the data ""must be critically evaluated before use, because there are different treatments of alien plants in different floras"". He also wrote that ""information for cultivated plants is provided consistently in Flora of Kazakhstan only, in other floras cultivated plants are ignored"", but entries for cultivated plants also exist in his data in regions other than Kazakhstan",1,2,2,0,0,1,1
2252,2476,1715,,2,"according to Pavel Krestov, the data ""must be critically evaluated before use, because there are different treatments of alien plants in different floras"". He also wrote that ""information for cultivated plants is provided consistently in Flora of Kazakhstan only, in other floras cultivated plants are ignored"", but entries for cultivated plants also exist in his data in regions other than Kazakhstan",1,2,2,0,0,1,1
2253,2476,1716,,2,"according to Pavel Krestov, the data ""must be critically evaluated before use, because there are different treatments of alien plants in different floras"". He also wrote that ""information for cultivated plants is provided consistently in Flora of Kazakhstan only, in other floras cultivated plants are ignored"", but entries for cultivated plants also exist in his data in regions other than Kazakhstan",1,2,2,0,0,1,1
2254,2476,1717,,2,"according to Pavel Krestov, the data ""must be critically evaluated before use, because there are different treatments of alien plants in different floras"". He also wrote that ""information for cultivated plants is provided consistently in Flora of Kazakhstan only, in other floras cultivated plants are ignored"", but entries for cultivated plants also exist in his data in regions other than Kazakhstan",1,2,2,0,0,1,1
2255,2476,1718,,2,"according to Pavel Krestov, the data ""must be critically evaluated before use, because there are different treatments of alien plants in different floras"". He also wrote that ""information for cultivated plants is provided consistently in Flora of Kazakhstan only, in other floras cultivated plants are ignored"", but entries for cultivated plants also exist in his data in regions other than Kazakhstan",1,2,2,0,0,1,1
2256,2476,1719,,2,"according to Pavel Krestov, the data ""must be critically evaluated before use, because there are different treatments of alien plants in different floras"". He also wrote that ""information for cultivated plants is provided consistently in Flora of Kazakhstan only, in other floras cultivated plants are ignored"", but entries for cultivated plants also exist in his data in regions other than Kazakhstan",1,2,2,0,0,1,1
2257,2476,1720,,2,"according to Pavel Krestov, the data ""must be critically evaluated before use, because there are different treatments of alien plants in different floras"". He also wrote that ""information for cultivated plants is provided consistently in Flora of Kazakhstan only, in other floras cultivated plants are ignored"", but entries for cultivated plants also exist in his data in regions other than Kazakhstan",1,2,2,0,0,1,1
2258,2476,1721,,2,"according to Pavel Krestov, the data ""must be critically evaluated before use, because there are different treatments of alien plants in different floras"". He also wrote that ""information for cultivated plants is provided consistently in Flora of Kazakhstan only, in other floras cultivated plants are ignored"", but entries for cultivated plants also exist in his data in regions other than Kazakhstan",1,2,2,0,0,1,1
2259,2476,1722,,2,"according to Pavel Krestov, the data ""must be critically evaluated before use, because there are different treatments of alien plants in different floras"". He also wrote that ""information for cultivated plants is provided consistently in Flora of Kazakhstan only, in other floras cultivated plants are ignored"", but entries for cultivated plants also exist in his data in regions other than Kazakhstan",1,2,2,0,0,1,1
2260,2476,1723,,2,"according to Pavel Krestov, the data ""must be critically evaluated before use, because there are different treatments of alien plants in different floras"". He also wrote that ""information for cultivated plants is provided consistently in Flora of Kazakhstan only, in other floras cultivated plants are ignored"", but entries for cultivated plants also exist in his data in regions other than Kazakhstan",1,2,2,0,0,1,1
2261,2476,1724,,2,"according to Pavel Krestov, the data ""must be critically evaluated before use, because there are different treatments of alien plants in different floras"". He also wrote that ""information for cultivated plants is provided consistently in Flora of Kazakhstan only, in other floras cultivated plants are ignored"", but entries for cultivated plants also exist in his data in regions other than Kazakhstan",1,2,2,0,0,1,1
2262,2476,1725,,2,"according to Pavel Krestov, the data ""must be critically evaluated before use, because there are different treatments of alien plants in different floras"". He also wrote that ""information for cultivated plants is provided consistently in Flora of Kazakhstan only, in other floras cultivated plants are ignored"", but entries for cultivated plants also exist in his data in regions other than Kazakhstan",1,2,2,0,0,1,1
2263,2476,1726,,2,"according to Pavel Krestov, the data ""must be critically evaluated before use, because there are different treatments of alien plants in different floras"". He also wrote that ""information for cultivated plants is provided consistently in Flora of Kazakhstan only, in other floras cultivated plants are ignored"", but entries for cultivated plants also exist in his data in regions other than Kazakhstan",1,2,2,0,0,1,1
2264,2476,1727,,2,"according to Pavel Krestov, the data ""must be critically evaluated before use, because there are different treatments of alien plants in different floras"". He also wrote that ""information for cultivated plants is provided consistently in Flora of Kazakhstan only, in other floras cultivated plants are ignored"", but entries for cultivated plants also exist in his data in regions other than Kazakhstan",1,2,2,0,0,1,1
2265,2476,1728,,2,"according to Pavel Krestov, the data ""must be critically evaluated before use, because there are different treatments of alien plants in different floras"". He also wrote that ""information for cultivated plants is provided consistently in Flora of Kazakhstan only, in other floras cultivated plants are ignored"", but entries for cultivated plants also exist in his data in regions other than Kazakhstan",1,2,2,0,0,1,1
2266,2476,1729,,2,"according to Pavel Krestov, the data ""must be critically evaluated before use, because there are different treatments of alien plants in different floras"". He also wrote that ""information for cultivated plants is provided consistently in Flora of Kazakhstan only, in other floras cultivated plants are ignored"", but entries for cultivated plants also exist in his data in regions other than Kazakhstan",1,2,2,0,0,1,1
2267,2476,1730,,2,"according to Pavel Krestov, the data ""must be critically evaluated before use, because there are different treatments of alien plants in different floras"". He also wrote that ""information for cultivated plants is provided consistently in Flora of Kazakhstan only, in other floras cultivated plants are ignored"", but entries for cultivated plants also exist in his data in regions other than Kazakhstan",1,2,2,0,0,1,1
2268,2476,1731,,2,"according to Pavel Krestov, the data ""must be critically evaluated before use, because there are different treatments of alien plants in different floras"". He also wrote that ""information for cultivated plants is provided consistently in Flora of Kazakhstan only, in other floras cultivated plants are ignored"", but entries for cultivated plants also exist in his data in regions other than Kazakhstan",1,2,2,0,0,1,1
2269,2476,1745,,2,"according to Pavel Krestov, the data ""must be critically evaluated before use, because there are different treatments of alien plants in different floras"". He also wrote that ""information for cultivated plants is provided consistently in Flora of Kazakhstan only, in other floras cultivated plants are ignored"", but entries for cultivated plants also exist in his data in regions other than Kazakhstan",1,2,2,0,0,1,1
2270,2476,1742,,2,"according to Pavel Krestov, the data ""must be critically evaluated before use, because there are different treatments of alien plants in different floras"". He also wrote that ""information for cultivated plants is provided consistently in Flora of Kazakhstan only, in other floras cultivated plants are ignored"", but entries for cultivated plants also exist in his data in regions other than Kazakhstan",1,2,2,0,0,1,1
2271,2476,1747,,2,"according to Pavel Krestov, the data ""must be critically evaluated before use, because there are different treatments of alien plants in different floras"". He also wrote that ""information for cultivated plants is provided consistently in Flora of Kazakhstan only, in other floras cultivated plants are ignored"", but entries for cultivated plants also exist in his data in regions other than Kazakhstan",1,2,2,0,0,1,1
2272,2476,1736,,2,"according to Pavel Krestov, the data ""must be critically evaluated before use, because there are different treatments of alien plants in different floras"". He also wrote that ""information for cultivated plants is provided consistently in Flora of Kazakhstan only, in other floras cultivated plants are ignored"", but entries for cultivated plants also exist in his data in regions other than Kazakhstan",1,2,2,0,0,1,1
2273,2476,1741,,2,"according to Pavel Krestov, the data ""must be critically evaluated before use, because there are different treatments of alien plants in different floras"". He also wrote that ""information for cultivated plants is provided consistently in Flora of Kazakhstan only, in other floras cultivated plants are ignored"", but entries for cultivated plants also exist in his data in regions other than Kazakhstan",1,2,2,0,0,1,1
2274,2476,1740,,2,"according to Pavel Krestov, the data ""must be critically evaluated before use, because there are different treatments of alien plants in different floras"". He also wrote that ""information for cultivated plants is provided consistently in Flora of Kazakhstan only, in other floras cultivated plants are ignored"", but entries for cultivated plants also exist in his data in regions other than Kazakhstan",1,2,2,0,0,1,1
2275,2476,1744,,2,"according to Pavel Krestov, the data ""must be critically evaluated before use, because there are different treatments of alien plants in different floras"". He also wrote that ""information for cultivated plants is provided consistently in Flora of Kazakhstan only, in other floras cultivated plants are ignored"", but entries for cultivated plants also exist in his data in regions other than Kazakhstan",1,2,2,0,0,1,1
2276,2476,1732,,2,"according to Pavel Krestov, the data ""must be critically evaluated before use, because there are different treatments of alien plants in different floras"". He also wrote that ""information for cultivated plants is provided consistently in Flora of Kazakhstan only, in other floras cultivated plants are ignored"", but entries for cultivated plants also exist in his data in regions other than Kazakhstan",1,2,2,0,0,1,1
2277,2476,1743,,2,"according to Pavel Krestov, the data ""must be critically evaluated before use, because there are different treatments of alien plants in different floras"". He also wrote that ""information for cultivated plants is provided consistently in Flora of Kazakhstan only, in other floras cultivated plants are ignored"", but entries for cultivated plants also exist in his data in regions other than Kazakhstan",1,2,2,0,0,1,1
2278,2476,1683,,2,"according to Pavel Krestov, the data ""must be critically evaluated before use, because there are different treatments of alien plants in different floras"". He also wrote that ""information for cultivated plants is provided consistently in Flora of Kazakhstan only, in other floras cultivated plants are ignored"", but entries for cultivated plants also exist in his data in regions other than Kazakhstan",1,2,2,0,0,1,1
2279,2476,1684,,2,"according to Pavel Krestov, the data ""must be critically evaluated before use, because there are different treatments of alien plants in different floras"". He also wrote that ""information for cultivated plants is provided consistently in Flora of Kazakhstan only, in other floras cultivated plants are ignored"", but entries for cultivated plants also exist in his data in regions other than Kazakhstan",1,2,2,0,0,1,1
2280,2476,1685,,2,"according to Pavel Krestov, the data ""must be critically evaluated before use, because there are different treatments of alien plants in different floras"". He also wrote that ""information for cultivated plants is provided consistently in Flora of Kazakhstan only, in other floras cultivated plants are ignored"", but entries for cultivated plants also exist in his data in regions other than Kazakhstan",1,2,2,0,0,1,1
2281,2476,1686,,2,"according to Pavel Krestov, the data ""must be critically evaluated before use, because there are different treatments of alien plants in different floras"". He also wrote that ""information for cultivated plants is provided consistently in Flora of Kazakhstan only, in other floras cultivated plants are ignored"", but entries for cultivated plants also exist in his data in regions other than Kazakhstan",1,2,2,0,0,1,1
2282,2476,1687,,2,"according to Pavel Krestov, the data ""must be critically evaluated before use, because there are different treatments of alien plants in different floras"". He also wrote that ""information for cultivated plants is provided consistently in Flora of Kazakhstan only, in other floras cultivated plants are ignored"", but entries for cultivated plants also exist in his data in regions other than Kazakhstan",1,2,2,0,0,1,1
2283,2476,1688,,2,"according to Pavel Krestov, the data ""must be critically evaluated before use, because there are different treatments of alien plants in different floras"". He also wrote that ""information for cultivated plants is provided consistently in Flora of Kazakhstan only, in other floras cultivated plants are ignored"", but entries for cultivated plants also exist in his data in regions other than Kazakhstan",1,2,2,0,0,1,1
2284,2476,1689,,2,"according to Pavel Krestov, the data ""must be critically evaluated before use, because there are different treatments of alien plants in different floras"". He also wrote that ""information for cultivated plants is provided consistently in Flora of Kazakhstan only, in other floras cultivated plants are ignored"", but entries for cultivated plants also exist in his data in regions other than Kazakhstan",1,2,2,0,0,1,1
2285,2476,1690,,2,"according to Pavel Krestov, the data ""must be critically evaluated before use, because there are different treatments of alien plants in different floras"". He also wrote that ""information for cultivated plants is provided consistently in Flora of Kazakhstan only, in other floras cultivated plants are ignored"", but entries for cultivated plants also exist in his data in regions other than Kazakhstan",1,2,2,0,0,1,1
2286,2476,1691,,2,"according to Pavel Krestov, the data ""must be critically evaluated before use, because there are different treatments of alien plants in different floras"". He also wrote that ""information for cultivated plants is provided consistently in Flora of Kazakhstan only, in other floras cultivated plants are ignored"", but entries for cultivated plants also exist in his data in regions other than Kazakhstan",1,2,2,0,0,1,1
2287,2476,1692,,2,"according to Pavel Krestov, the data ""must be critically evaluated before use, because there are different treatments of alien plants in different floras"". He also wrote that ""information for cultivated plants is provided consistently in Flora of Kazakhstan only, in other floras cultivated plants are ignored"", but entries for cultivated plants also exist in his data in regions other than Kazakhstan",1,2,2,0,0,1,1
2288,2476,1693,,2,"according to Pavel Krestov, the data ""must be critically evaluated before use, because there are different treatments of alien plants in different floras"". He also wrote that ""information for cultivated plants is provided consistently in Flora of Kazakhstan only, in other floras cultivated plants are ignored"", but entries for cultivated plants also exist in his data in regions other than Kazakhstan",1,2,2,0,0,1,1
2289,2476,1694,,2,"according to Pavel Krestov, the data ""must be critically evaluated before use, because there are different treatments of alien plants in different floras"". He also wrote that ""information for cultivated plants is provided consistently in Flora of Kazakhstan only, in other floras cultivated plants are ignored"", but entries for cultivated plants also exist in his data in regions other than Kazakhstan",1,2,2,0,0,1,1
2290,2476,1695,,2,"according to Pavel Krestov, the data ""must be critically evaluated before use, because there are different treatments of alien plants in different floras"". He also wrote that ""information for cultivated plants is provided consistently in Flora of Kazakhstan only, in other floras cultivated plants are ignored"", but entries for cultivated plants also exist in his data in regions other than Kazakhstan",1,2,2,0,0,1,1
2291,2476,1696,,2,"according to Pavel Krestov, the data ""must be critically evaluated before use, because there are different treatments of alien plants in different floras"". He also wrote that ""information for cultivated plants is provided consistently in Flora of Kazakhstan only, in other floras cultivated plants are ignored"", but entries for cultivated plants also exist in his data in regions other than Kazakhstan",1,2,2,0,0,1,1
2292,2476,1697,,2,"according to Pavel Krestov, the data ""must be critically evaluated before use, because there are different treatments of alien plants in different floras"". He also wrote that ""information for cultivated plants is provided consistently in Flora of Kazakhstan only, in other floras cultivated plants are ignored"", but entries for cultivated plants also exist in his data in regions other than Kazakhstan",1,2,2,0,0,1,1
2293,2476,1698,,2,"according to Pavel Krestov, the data ""must be critically evaluated before use, because there are different treatments of alien plants in different floras"". He also wrote that ""information for cultivated plants is provided consistently in Flora of Kazakhstan only, in other floras cultivated plants are ignored"", but entries for cultivated plants also exist in his data in regions other than Kazakhstan",1,2,2,0,0,1,1
2294,2476,1699,,2,"according to Pavel Krestov, the data ""must be critically evaluated before use, because there are different treatments of alien plants in different floras"". He also wrote that ""information for cultivated plants is provided consistently in Flora of Kazakhstan only, in other floras cultivated plants are ignored"", but entries for cultivated plants also exist in his data in regions other than Kazakhstan",1,2,2,0,0,1,1
2295,2476,1700,,2,"according to Pavel Krestov, the data ""must be critically evaluated before use, because there are different treatments of alien plants in different floras"". He also wrote that ""information for cultivated plants is provided consistently in Flora of Kazakhstan only, in other floras cultivated plants are ignored"", but entries for cultivated plants also exist in his data in regions other than Kazakhstan",1,2,2,0,0,1,1
2296,2476,1701,,2,"according to Pavel Krestov, the data ""must be critically evaluated before use, because there are different treatments of alien plants in different floras"". He also wrote that ""information for cultivated plants is provided consistently in Flora of Kazakhstan only, in other floras cultivated plants are ignored"", but entries for cultivated plants also exist in his data in regions other than Kazakhstan",1,2,2,0,0,1,1
2297,2476,1702,,2,"according to Pavel Krestov, the data ""must be critically evaluated before use, because there are different treatments of alien plants in different floras"". He also wrote that ""information for cultivated plants is provided consistently in Flora of Kazakhstan only, in other floras cultivated plants are ignored"", but entries for cultivated plants also exist in his data in regions other than Kazakhstan",1,2,2,0,0,1,1
2298,2476,643,,2,"according to Pavel Krestov, the data ""must be critically evaluated before use, because there are different treatments of alien plants in different floras"". He also wrote that ""information for cultivated plants is provided consistently in Flora of Kazakhstan only, in other floras cultivated plants are ignored"", but entries for cultivated plants also exist in his data in regions other than Kazakhstan",1,2,2,0,0,1,1
2299,2476,1762,,2,"according to Pavel Krestov, the data ""must be critically evaluated before use, because there are different treatments of alien plants in different floras"". He also wrote that ""information for cultivated plants is provided consistently in Flora of Kazakhstan only, in other floras cultivated plants are ignored"", but entries for cultivated plants also exist in his data in regions other than Kazakhstan",1,2,2,0,0,1,1
2300,2476,644,,2,"according to Pavel Krestov, the data ""must be critically evaluated before use, because there are different treatments of alien plants in different floras"". He also wrote that ""information for cultivated plants is provided consistently in Flora of Kazakhstan only, in other floras cultivated plants are ignored"", but entries for cultivated plants also exist in his data in regions other than Kazakhstan",1,2,2,0,0,1,1
2301,2476,1752,,2,"according to Pavel Krestov, the data ""must be critically evaluated before use, because there are different treatments of alien plants in different floras"". He also wrote that ""information for cultivated plants is provided consistently in Flora of Kazakhstan only, in other floras cultivated plants are ignored"", but entries for cultivated plants also exist in his data in regions other than Kazakhstan",1,2,2,0,0,1,1
2302,2476,1748,,2,"according to Pavel Krestov, the data ""must be critically evaluated before use, because there are different treatments of alien plants in different floras"". He also wrote that ""information for cultivated plants is provided consistently in Flora of Kazakhstan only, in other floras cultivated plants are ignored"", but entries for cultivated plants also exist in his data in regions other than Kazakhstan",1,2,2,0,0,1,1
2303,2476,1749,,2,"according to Pavel Krestov, the data ""must be critically evaluated before use, because there are different treatments of alien plants in different floras"". He also wrote that ""information for cultivated plants is provided consistently in Flora of Kazakhstan only, in other floras cultivated plants are ignored"", but entries for cultivated plants also exist in his data in regions other than Kazakhstan",1,2,2,0,0,1,1
2304,2476,1759,,2,"according to Pavel Krestov, the data ""must be critically evaluated before use, because there are different treatments of alien plants in different floras"". He also wrote that ""information for cultivated plants is provided consistently in Flora of Kazakhstan only, in other floras cultivated plants are ignored"", but entries for cultivated plants also exist in his data in regions other than Kazakhstan",1,2,2,0,0,1,1
2305,2476,1750,,2,"according to Pavel Krestov, the data ""must be critically evaluated before use, because there are different treatments of alien plants in different floras"". He also wrote that ""information for cultivated plants is provided consistently in Flora of Kazakhstan only, in other floras cultivated plants are ignored"", but entries for cultivated plants also exist in his data in regions other than Kazakhstan",1,2,2,0,0,1,1
2306,2476,1764,,2,"according to Pavel Krestov, the data ""must be critically evaluated before use, because there are different treatments of alien plants in different floras"". He also wrote that ""information for cultivated plants is provided consistently in Flora of Kazakhstan only, in other floras cultivated plants are ignored"", but entries for cultivated plants also exist in his data in regions other than Kazakhstan",1,2,2,0,0,1,1
2307,2476,647,,2,"according to Pavel Krestov, the data ""must be critically evaluated before use, because there are different treatments of alien plants in different floras"". He also wrote that ""information for cultivated plants is provided consistently in Flora of Kazakhstan only, in other floras cultivated plants are ignored"", but entries for cultivated plants also exist in his data in regions other than Kazakhstan",1,2,2,0,0,1,1
2308,2476,1758,,2,"according to Pavel Krestov, the data ""must be critically evaluated before use, because there are different treatments of alien plants in different floras"". He also wrote that ""information for cultivated plants is provided consistently in Flora of Kazakhstan only, in other floras cultivated plants are ignored"", but entries for cultivated plants also exist in his data in regions other than Kazakhstan",1,2,2,0,0,1,1
2309,2476,1753,,2,"according to Pavel Krestov, the data ""must be critically evaluated before use, because there are different treatments of alien plants in different floras"". He also wrote that ""information for cultivated plants is provided consistently in Flora of Kazakhstan only, in other floras cultivated plants are ignored"", but entries for cultivated plants also exist in his data in regions other than Kazakhstan",1,2,2,0,0,1,1
2310,2476,648,,2,"according to Pavel Krestov, the data ""must be critically evaluated before use, because there are different treatments of alien plants in different floras"". He also wrote that ""information for cultivated plants is provided consistently in Flora of Kazakhstan only, in other floras cultivated plants are ignored"", but entries for cultivated plants also exist in his data in regions other than Kazakhstan",1,2,2,0,0,1,1
2311,2476,1765,,2,"according to Pavel Krestov, the data ""must be critically evaluated before use, because there are different treatments of alien plants in different floras"". He also wrote that ""information for cultivated plants is provided consistently in Flora of Kazakhstan only, in other floras cultivated plants are ignored"", but entries for cultivated plants also exist in his data in regions other than Kazakhstan",1,2,2,0,0,1,1
2312,2476,649,,2,"according to Pavel Krestov, the data ""must be critically evaluated before use, because there are different treatments of alien plants in different floras"". He also wrote that ""information for cultivated plants is provided consistently in Flora of Kazakhstan only, in other floras cultivated plants are ignored"", but entries for cultivated plants also exist in his data in regions other than Kazakhstan",1,2,2,0,0,1,1
2313,2476,1754,,2,"according to Pavel Krestov, the data ""must be critically evaluated before use, because there are different treatments of alien plants in different floras"". He also wrote that ""information for cultivated plants is provided consistently in Flora of Kazakhstan only, in other floras cultivated plants are ignored"", but entries for cultivated plants also exist in his data in regions other than Kazakhstan",1,2,2,0,0,1,1
2314,2476,651,,2,"according to Pavel Krestov, the data ""must be critically evaluated before use, because there are different treatments of alien plants in different floras"". He also wrote that ""information for cultivated plants is provided consistently in Flora of Kazakhstan only, in other floras cultivated plants are ignored"", but entries for cultivated plants also exist in his data in regions other than Kazakhstan",1,2,2,0,0,1,1
2315,2476,652,,2,"according to Pavel Krestov, the data ""must be critically evaluated before use, because there are different treatments of alien plants in different floras"". He also wrote that ""information for cultivated plants is provided consistently in Flora of Kazakhstan only, in other floras cultivated plants are ignored"", but entries for cultivated plants also exist in his data in regions other than Kazakhstan",1,2,2,0,0,1,1
2316,2476,1751,,2,"according to Pavel Krestov, the data ""must be critically evaluated before use, because there are different treatments of alien plants in different floras"". He also wrote that ""information for cultivated plants is provided consistently in Flora of Kazakhstan only, in other floras cultivated plants are ignored"", but entries for cultivated plants also exist in his data in regions other than Kazakhstan",1,2,2,0,0,1,1
2317,2476,1755,,2,"according to Pavel Krestov, the data ""must be critically evaluated before use, because there are different treatments of alien plants in different floras"". He also wrote that ""information for cultivated plants is provided consistently in Flora of Kazakhstan only, in other floras cultivated plants are ignored"", but entries for cultivated plants also exist in his data in regions other than Kazakhstan",1,2,2,0,0,1,1
2318,2476,1760,,2,"according to Pavel Krestov, the data ""must be critically evaluated before use, because there are different treatments of alien plants in different floras"". He also wrote that ""information for cultivated plants is provided consistently in Flora of Kazakhstan only, in other floras cultivated plants are ignored"", but entries for cultivated plants also exist in his data in regions other than Kazakhstan",1,2,2,0,0,1,1
2319,2476,1756,,2,"according to Pavel Krestov, the data ""must be critically evaluated before use, because there are different treatments of alien plants in different floras"". He also wrote that ""information for cultivated plants is provided consistently in Flora of Kazakhstan only, in other floras cultivated plants are ignored"", but entries for cultivated plants also exist in his data in regions other than Kazakhstan",1,2,2,0,0,1,1
2320,2476,653,,2,"according to Pavel Krestov, the data ""must be critically evaluated before use, because there are different treatments of alien plants in different floras"". He also wrote that ""information for cultivated plants is provided consistently in Flora of Kazakhstan only, in other floras cultivated plants are ignored"", but entries for cultivated plants also exist in his data in regions other than Kazakhstan",1,2,2,0,0,1,1
2321,2476,1757,,2,"according to Pavel Krestov, the data ""must be critically evaluated before use, because there are different treatments of alien plants in different floras"". He also wrote that ""information for cultivated plants is provided consistently in Flora of Kazakhstan only, in other floras cultivated plants are ignored"", but entries for cultivated plants also exist in his data in regions other than Kazakhstan",1,2,2,0,0,1,1
2322,2476,1766,,2,"according to Pavel Krestov, the data ""must be critically evaluated before use, because there are different treatments of alien plants in different floras"". He also wrote that ""information for cultivated plants is provided consistently in Flora of Kazakhstan only, in other floras cultivated plants are ignored"", but entries for cultivated plants also exist in his data in regions other than Kazakhstan",1,2,2,0,0,1,1
2323,2476,1763,,2,"according to Pavel Krestov, the data ""must be critically evaluated before use, because there are different treatments of alien plants in different floras"". He also wrote that ""information for cultivated plants is provided consistently in Flora of Kazakhstan only, in other floras cultivated plants are ignored"", but entries for cultivated plants also exist in his data in regions other than Kazakhstan",1,2,2,0,0,1,1
2324,2476,1767,,2,"according to Pavel Krestov, the data ""must be critically evaluated before use, because there are different treatments of alien plants in different floras"". He also wrote that ""information for cultivated plants is provided consistently in Flora of Kazakhstan only, in other floras cultivated plants are ignored"", but entries for cultivated plants also exist in his data in regions other than Kazakhstan",1,2,2,0,0,1,1
2325,2476,1761,,2,"according to Pavel Krestov, the data ""must be critically evaluated before use, because there are different treatments of alien plants in different floras"". He also wrote that ""information for cultivated plants is provided consistently in Flora of Kazakhstan only, in other floras cultivated plants are ignored"", but entries for cultivated plants also exist in his data in regions other than Kazakhstan",1,2,2,0,0,1,1
2326,2477,1840,,7,"""invasive plants, i.e. the subset of naturalized plants that rapidly spread over large distances from focal populations (Richardson et al. 2000; Blackburn et al. 2011)""",1,1,1,1,0,0,1
2327,2477,1841,,7,"""invasive plants, i.e. the subset of naturalized plants that rapidly spread over large distances from focal populations (Richardson et al. 2000; Blackburn et al. 2011)""",1,1,1,1,0,0,1
2328,2477,1842,,7,"""invasive plants, i.e. the subset of naturalized plants that rapidly spread over large distances from focal populations (Richardson et al. 2000; Blackburn et al. 2011)""",1,1,1,1,0,0,1
2329,2477,1843,,7,"""invasive plants, i.e. the subset of naturalized plants that rapidly spread over large distances from focal populations (Richardson et al. 2000; Blackburn et al. 2011)""",1,1,1,1,0,0,1
2330,2477,1844,,7,"""invasive plants, i.e. the subset of naturalized plants that rapidly spread over large distances from focal populations (Richardson et al. 2000; Blackburn et al. 2011)""",1,1,1,1,0,0,1
2331,2477,1845,,7,"""invasive plants, i.e. the subset of naturalized plants that rapidly spread over large distances from focal populations (Richardson et al. 2000; Blackburn et al. 2011)""",1,1,1,1,0,0,1
2332,2477,1846,,7,"""invasive plants, i.e. the subset of naturalized plants that rapidly spread over large distances from focal populations (Richardson et al. 2000; Blackburn et al. 2011)""",1,1,1,1,0,0,1
2333,2477,1847,,7,"""invasive plants, i.e. the subset of naturalized plants that rapidly spread over large distances from focal populations (Richardson et al. 2000; Blackburn et al. 2011)""",1,1,1,1,0,0,1
2334,2477,615,,7,"""invasive plants, i.e. the subset of naturalized plants that rapidly spread over large distances from focal populations (Richardson et al. 2000; Blackburn et al. 2011)""",1,1,1,1,0,0,1
2335,2477,1838,,7,"""invasive plants, i.e. the subset of naturalized plants that rapidly spread over large distances from focal populations (Richardson et al. 2000; Blackburn et al. 2011)""",1,1,1,1,0,0,1
2336,2477,1839,,7,"""invasive plants, i.e. the subset of naturalized plants that rapidly spread over large distances from focal populations (Richardson et al. 2000; Blackburn et al. 2011)""",1,1,1,1,0,0,1
2337,2477,1860,,7,"""invasive plants, i.e. the subset of naturalized plants that rapidly spread over large distances from focal populations (Richardson et al. 2000; Blackburn et al. 2011)""",1,1,1,1,0,0,1
2338,2477,1859,,7,"""invasive plants, i.e. the subset of naturalized plants that rapidly spread over large distances from focal populations (Richardson et al. 2000; Blackburn et al. 2011)""",1,1,1,1,0,0,1
2339,2477,639,,7,"""invasive plants, i.e. the subset of naturalized plants that rapidly spread over large distances from focal populations (Richardson et al. 2000; Blackburn et al. 2011)""",1,1,1,1,0,0,1
2340,2477,640,,7,"""invasive plants, i.e. the subset of naturalized plants that rapidly spread over large distances from focal populations (Richardson et al. 2000; Blackburn et al. 2011)""",1,1,1,1,0,0,1
2341,2477,641,,7,"""invasive plants, i.e. the subset of naturalized plants that rapidly spread over large distances from focal populations (Richardson et al. 2000; Blackburn et al. 2011)""",1,1,1,1,0,0,1
2342,2477,1861,,7,"""invasive plants, i.e. the subset of naturalized plants that rapidly spread over large distances from focal populations (Richardson et al. 2000; Blackburn et al. 2011)""",1,1,1,1,0,0,1
2343,2477,1848,,7,"""invasive plants, i.e. the subset of naturalized plants that rapidly spread over large distances from focal populations (Richardson et al. 2000; Blackburn et al. 2011)""",1,1,1,1,0,0,1
2344,2477,1849,,7,"""invasive plants, i.e. the subset of naturalized plants that rapidly spread over large distances from focal populations (Richardson et al. 2000; Blackburn et al. 2011)""",1,1,1,1,0,0,1
2345,2477,1850,,7,"""invasive plants, i.e. the subset of naturalized plants that rapidly spread over large distances from focal populations (Richardson et al. 2000; Blackburn et al. 2011)""",1,1,1,1,0,0,1
2346,2477,1852,,7,"""invasive plants, i.e. the subset of naturalized plants that rapidly spread over large distances from focal populations (Richardson et al. 2000; Blackburn et al. 2011)""",1,1,1,1,0,0,1
2347,2477,1853,,7,"""invasive plants, i.e. the subset of naturalized plants that rapidly spread over large distances from focal populations (Richardson et al. 2000; Blackburn et al. 2011)""",1,1,1,1,0,0,1
2348,2477,643,,7,"""invasive plants, i.e. the subset of naturalized plants that rapidly spread over large distances from focal populations (Richardson et al. 2000; Blackburn et al. 2011)""",1,1,1,1,0,0,1
2349,2477,644,,7,"""invasive plants, i.e. the subset of naturalized plants that rapidly spread over large distances from focal populations (Richardson et al. 2000; Blackburn et al. 2011)""",1,1,1,1,0,0,1
2350,2477,645,,7,"""invasive plants, i.e. the subset of naturalized plants that rapidly spread over large distances from focal populations (Richardson et al. 2000; Blackburn et al. 2011)""",1,1,1,1,0,0,1
2351,2477,647,,7,"""invasive plants, i.e. the subset of naturalized plants that rapidly spread over large distances from focal populations (Richardson et al. 2000; Blackburn et al. 2011)""",1,1,1,1,0,0,1
2352,2477,1858,,7,"""invasive plants, i.e. the subset of naturalized plants that rapidly spread over large distances from focal populations (Richardson et al. 2000; Blackburn et al. 2011)""",1,1,1,1,0,0,1
2353,2477,648,,7,"""invasive plants, i.e. the subset of naturalized plants that rapidly spread over large distances from focal populations (Richardson et al. 2000; Blackburn et al. 2011)""",1,1,1,1,0,0,1
2354,2477,649,,7,"""invasive plants, i.e. the subset of naturalized plants that rapidly spread over large distances from focal populations (Richardson et al. 2000; Blackburn et al. 2011)""",1,1,1,1,0,0,1
2355,2477,650,,7,"""invasive plants, i.e. the subset of naturalized plants that rapidly spread over large distances from focal populations (Richardson et al. 2000; Blackburn et al. 2011)""",1,1,1,1,0,0,1
2356,2477,651,,7,"""invasive plants, i.e. the subset of naturalized plants that rapidly spread over large distances from focal populations (Richardson et al. 2000; Blackburn et al. 2011)""",1,1,1,1,0,0,1
2357,2477,652,,7,"""invasive plants, i.e. the subset of naturalized plants that rapidly spread over large distances from focal populations (Richardson et al. 2000; Blackburn et al. 2011)""",1,1,1,1,0,0,1
2358,2477,653,,7,"""invasive plants, i.e. the subset of naturalized plants that rapidly spread over large distances from focal populations (Richardson et al. 2000; Blackburn et al. 2011)""",1,1,1,1,0,0,1
2359,2477,1851,,7,"""invasive plants, i.e. the subset of naturalized plants that rapidly spread over large distances from focal populations (Richardson et al. 2000; Blackburn et al. 2011)""",1,1,1,1,0,0,1
2360,2477,654,,7,"""invasive plants, i.e. the subset of naturalized plants that rapidly spread over large distances from focal populations (Richardson et al. 2000; Blackburn et al. 2011)""",1,1,1,1,0,0,1
2361,2477,1854,,7,"""invasive plants, i.e. the subset of naturalized plants that rapidly spread over large distances from focal populations (Richardson et al. 2000; Blackburn et al. 2011)""",1,1,1,1,0,0,1
2362,2477,655,,7,"""invasive plants, i.e. the subset of naturalized plants that rapidly spread over large distances from focal populations (Richardson et al. 2000; Blackburn et al. 2011)""",1,1,1,1,0,0,1
2363,2477,656,,7,"""invasive plants, i.e. the subset of naturalized plants that rapidly spread over large distances from focal populations (Richardson et al. 2000; Blackburn et al. 2011)""",1,1,1,1,0,0,1
2364,2477,1855,,7,"""invasive plants, i.e. the subset of naturalized plants that rapidly spread over large distances from focal populations (Richardson et al. 2000; Blackburn et al. 2011)""",1,1,1,1,0,0,1
2365,2477,1247,,7,"""invasive plants, i.e. the subset of naturalized plants that rapidly spread over large distances from focal populations (Richardson et al. 2000; Blackburn et al. 2011)""",1,1,1,1,0,0,1
2366,2477,1856,,7,"""invasive plants, i.e. the subset of naturalized plants that rapidly spread over large distances from focal populations (Richardson et al. 2000; Blackburn et al. 2011)""",1,1,1,1,0,0,1
2367,2477,657,,7,"""invasive plants, i.e. the subset of naturalized plants that rapidly spread over large distances from focal populations (Richardson et al. 2000; Blackburn et al. 2011)""",1,1,1,1,0,0,1
2368,2477,1857,,7,"""invasive plants, i.e. the subset of naturalized plants that rapidly spread over large distances from focal populations (Richardson et al. 2000; Blackburn et al. 2011)""",1,1,1,1,0,0,1
2369,2371,254,,8,invasiveness based on impact,1,1,1,1,0,0,1
2370,2371,255,,8,invasiveness based on impact,1,1,1,1,0,0,1
2371,2371,257,,8,invasiveness based on impact,1,1,1,1,0,0,1
2372,2371,258,,8,invasiveness based on impact,1,1,1,1,0,0,1
2373,2371,259,,8,invasiveness based on impact,1,1,1,1,0,0,1
2374,2371,260,,8,invasiveness based on impact,1,1,1,1,0,0,1
2375,2371,261,,8,invasiveness based on impact,1,1,1,1,0,0,1
2376,2371,262,,8,invasiveness based on impact,1,1,1,1,0,0,1
2377,2371,263,,8,invasiveness based on impact,1,1,1,1,0,0,1
2378,2371,264,,8,invasiveness based on impact,1,1,1,1,0,0,1
2379,2371,265,,8,invasiveness based on impact,1,1,1,1,0,0,1
2380,2371,266,,8,invasiveness based on impact,1,1,1,1,0,0,1
2381,2371,267,,8,invasiveness based on impact,1,1,1,1,0,0,1
2382,2371,268,,8,invasiveness based on impact,1,1,1,1,0,0,1
2383,2371,270,,8,invasiveness based on impact,1,1,1,1,0,0,1
2384,2371,271,,8,invasiveness based on impact,1,1,1,1,0,0,1
2385,2371,272,,8,invasiveness based on impact,1,1,1,1,0,0,1
2386,2371,273,,8,invasiveness based on impact,1,1,1,1,0,0,1
2387,2371,274,,8,invasiveness based on impact,1,1,1,1,0,0,1
2388,2371,275,,8,invasiveness based on impact,1,1,1,1,0,0,1
2389,2371,276,,8,invasiveness based on impact,1,1,1,1,0,0,1
2390,2371,277,,8,invasiveness based on impact,1,1,1,1,0,0,1
2391,2371,278,,8,invasiveness based on impact,1,1,1,1,0,0,1
2392,2371,279,,8,invasiveness based on impact,1,1,1,1,0,0,1
2393,2371,280,,8,invasiveness based on impact,1,1,1,1,0,0,1
2394,2371,281,,8,invasiveness based on impact,1,1,1,1,0,0,1
2395,2371,282,,8,invasiveness based on impact,1,1,1,1,0,0,1
2396,2371,283,,8,invasiveness based on impact,1,1,1,1,0,0,1
2397,2371,284,,8,invasiveness based on impact,1,1,1,1,0,0,1
2398,2371,285,,8,invasiveness based on impact,1,1,1,1,0,0,1
2399,2371,286,,8,invasiveness based on impact,1,1,1,1,0,0,1
2400,2371,731,,8,invasiveness based on impact,1,1,1,1,0,0,1
2401,2478,657,Voronezh,2,"naturalization level of some species might be incorrect, as the study""s main focus is on protected areas in Voronezh. But author Elena Starodubtseva confirmed that all species are alien to Voronezh as a whole and sent notes for some taxa where status differs between the protected areas and Voronezh region, and the status given for Voronezh was entered into glonafdb. Elena also marked perennial plants for which it is not clear yet whether they are naturalized or not - these were entered into glonafdb as casual.",1,1,1,0,1,0,1
2402,2481,1863,Sochi Black Sea region,1,,1,3,0,0,1,0,0
2473,2482,183,,1,,1,3,0,0,0,0,0
2474,2482,184,,1,,1,3,0,0,0,0,0
2475,2482,185,,1,,1,3,0,0,0,0,0
2476,2482,186,,1,,1,3,0,0,0,0,0
2477,2482,187,,1,,1,3,0,0,0,0,0
2478,2482,188,,1,,1,3,0,0,0,0,0
2479,2482,189,,1,,1,3,0,0,0,0,0
2480,2482,190,,1,,1,3,0,0,0,0,0
2481,2482,191,,1,,1,3,0,0,0,0,0
2482,2482,192,,1,,1,3,0,0,0,0,0
2483,2482,193,,1,,1,3,0,0,0,0,0
2484,2482,194,,1,,1,3,0,0,0,0,0
2485,2482,196,,1,,1,3,0,0,0,0,0
2486,2482,197,,1,,1,3,0,0,0,0,0
2487,2482,359,,1,,1,3,0,0,0,0,0
2488,2482,533,,1,,1,3,0,0,0,0,0
2489,2482,672,,1,,1,3,0,0,0,0,0
2490,2482,736,,1,,1,3,0,0,0,0,0
2491,2482,737,,1,,1,3,0,0,0,0,0
2492,2482,738,,1,,1,3,0,0,0,0,0
2493,2482,739,,1,,1,3,0,0,0,0,0
2494,2482,740,,1,,1,3,0,0,0,0,0
2495,2482,741,,1,,1,3,0,0,0,0,0
2496,2482,742,,1,,1,3,0,0,0,0,0
2497,2482,743,,1,,1,3,0,0,0,0,0
2498,2482,744,,1,,1,3,0,0,0,0,0
2499,2482,745,,1,,1,3,0,0,0,0,0
2500,2482,746,,1,,1,3,0,0,0,0,0
2501,2482,899,,1,,1,3,0,0,0,0,0
2502,2482,764,,1,,1,3,0,0,0,0,0
2503,2482,765,,1,,1,3,0,0,0,0,0
2504,2482,766,,1,,1,3,0,0,0,0,0
2505,2482,767,,1,,1,3,0,0,0,0,0
2506,2482,769,,1,,1,3,0,0,0,0,0
2507,2482,770,,1,,1,3,0,0,0,0,0
2508,2482,771,,1,,1,3,0,0,0,0,0
2509,2482,772,,1,,1,3,0,0,0,0,0
2510,2482,773,,1,,1,3,0,0,0,0,0
2511,2482,774,,1,,1,3,0,0,0,0,0
2512,2482,775,,1,,1,3,0,0,0,0,0
2513,2482,776,,1,,1,3,0,0,0,0,0
2514,2482,777,,1,,1,3,0,0,0,0,0
2515,2482,778,,1,,1,3,0,0,0,0,0
2516,2482,779,,1,,1,3,0,0,0,0,0
2517,2482,780,,1,,1,3,0,0,0,0,0
2518,2482,781,,1,,1,3,0,0,0,0,0
2519,2482,782,,1,,1,3,0,0,0,0,0
2520,2482,783,,1,,1,3,0,0,0,0,0
2521,2482,784,,1,,1,3,0,0,0,0,0
2522,2482,785,,1,,1,3,0,0,0,0,0
2523,2482,786,,1,,1,3,0,0,0,0,0
2524,2482,787,,1,,1,3,0,0,0,0,0
2525,2482,788,,1,,1,3,0,0,0,0,0
2526,2482,789,,1,,1,3,0,0,0,0,0
2527,2482,790,,1,,1,3,0,0,0,0,0
2528,2482,791,,1,,1,3,0,0,0,0,0
2529,2482,792,,1,,1,3,0,0,0,0,0
2530,2482,793,,1,,1,3,0,0,0,0,0
2531,2482,794,,1,,1,3,0,0,0,0,0
2532,2482,795,,1,,1,3,0,0,0,0,0
2533,2482,796,,1,,1,3,0,0,0,0,0
2534,2482,797,,1,,1,3,0,0,0,0,0
2535,2482,798,,1,,1,3,0,0,0,0,0
2536,2482,799,,1,,1,3,0,0,0,0,0
2537,2482,800,,1,,1,3,0,0,0,0,0
2538,2482,801,,1,,1,3,0,0,0,0,0
2539,2482,802,,1,,1,3,0,0,0,0,0
2540,2482,803,,1,,1,3,0,0,0,0,0
2541,2482,804,,1,,1,3,0,0,0,0,0
2542,2482,805,,1,,1,3,0,0,0,0,0
2577,2484,1288,Deutschland,1,"Status information based on FloraWeb's individual species sites and not on the FloraWeb Neophyte list, which is not up to date. Status for a few taxa was modified based on information from BiolFlora, Euro+Med and Wikipedia",1,3,2,0,1,1,0
2578,2484,1287,Deutschland,1,"Status information based on FloraWeb's individual species sites and not on the FloraWeb Neophyte list, which is not up to date. Status for a few taxa was modified based on information from BiolFlora, Euro+Med and Wikipedia",1,3,2,0,1,1,0
2579,2484,1285,Deutschland,1,"Status information based on FloraWeb's individual species sites and not on the FloraWeb Neophyte list, which is not up to date. Status for a few taxa was modified based on information from BiolFlora, Euro+Med and Wikipedia",1,3,2,0,1,1,0
2580,2484,1286,Deutschland,1,"Status information based on FloraWeb's individual species sites and not on the FloraWeb Neophyte list, which is not up to date. Status for a few taxa was modified based on information from BiolFlora, Euro+Med and Wikipedia",1,3,2,0,1,1,0
2581,2484,1289,Deutschland,1,"Status information based on FloraWeb's individual species sites and not on the FloraWeb Neophyte list, which is not up to date. Status for a few taxa was modified based on information from BiolFlora, Euro+Med and Wikipedia",1,3,2,0,1,1,0
2582,2484,1291,Deutschland,1,"Status information based on FloraWeb's individual species sites and not on the FloraWeb Neophyte list, which is not up to date. Status for a few taxa was modified based on information from BiolFlora, Euro+Med and Wikipedia",1,3,2,0,1,1,0
2583,2484,1290,Deutschland,1,"Status information based on FloraWeb's individual species sites and not on the FloraWeb Neophyte list, which is not up to date. Status for a few taxa was modified based on information from BiolFlora, Euro+Med and Wikipedia",1,3,2,0,1,1,0
2584,2484,1292,Deutschland,1,"Status information based on FloraWeb's individual species sites and not on the FloraWeb Neophyte list, which is not up to date. Status for a few taxa was modified based on information from BiolFlora, Euro+Med and Wikipedia",1,3,2,0,1,1,0
2585,2484,1293,Deutschland,1,"Status information based on FloraWeb's individual species sites and not on the FloraWeb Neophyte list, which is not up to date. Status for a few taxa was modified based on information from BiolFlora, Euro+Med and Wikipedia",1,3,2,0,1,1,0
2586,2484,1294,Deutschland,1,"Status information based on FloraWeb's individual species sites and not on the FloraWeb Neophyte list, which is not up to date. Status for a few taxa was modified based on information from BiolFlora, Euro+Med and Wikipedia",1,3,2,0,1,1,0
2587,2484,1295,Deutschland,1,"Status information based on FloraWeb's individual species sites and not on the FloraWeb Neophyte list, which is not up to date. Status for a few taxa was modified based on information from BiolFlora, Euro+Med and Wikipedia",1,3,2,0,1,1,0
2588,2484,1299,Deutschland,1,"Status information based on FloraWeb's individual species sites and not on the FloraWeb Neophyte list, which is not up to date. Status for a few taxa was modified based on information from BiolFlora, Euro+Med and Wikipedia",1,3,2,0,1,1,0
2589,2484,1296,Deutschland,1,"Status information based on FloraWeb's individual species sites and not on the FloraWeb Neophyte list, which is not up to date. Status for a few taxa was modified based on information from BiolFlora, Euro+Med and Wikipedia",1,3,2,0,1,1,0
2590,2484,1298,Deutschland,1,"Status information based on FloraWeb's individual species sites and not on the FloraWeb Neophyte list, which is not up to date. Status for a few taxa was modified based on information from BiolFlora, Euro+Med and Wikipedia",1,3,2,0,1,1,0
2591,2484,1297,Deutschland,1,"Status information based on FloraWeb's individual species sites and not on the FloraWeb Neophyte list, which is not up to date. Status for a few taxa was modified based on information from BiolFlora, Euro+Med and Wikipedia",1,3,2,0,1,1,0
2592,2484,1300,Deutschland,1,"Status information based on FloraWeb's individual species sites and not on the FloraWeb Neophyte list, which is not up to date. Status for a few taxa was modified based on information from BiolFlora, Euro+Med and Wikipedia",1,3,2,0,1,1,0
2593,2485,385,"Kerala State, India",1,"risk assessment with four ranks of invasiveness/threat available; all given taxa are listed as ""invasive alien plants"", but the ""insignificant"" and ""low risk"" taxa might not correspond to the ""invasive"" status used in other studies",1,1,1,1,0,0,1
2594,2486,385,"Kerala, south India",1,,1,1,1,1,0,0,1
2595,2487,523,"Annapurna Conservation Area, Nepal",1,,1,1,1,1,0,0,1
2596,2488,144,,1,"For cultivated species, if native/alien status was not clear from notes, Mark van Kleunen checked GRIN taxonomy and other web searches between 5 and 7 January 2020 to assign native/alien status",1,1,2,0,1,1,0
2597,2488,287,,1,"For cultivated species, if native/alien status was not clear from notes, Mark van Kleunen checked GRIN taxonomy and other web searches between 5 and 7 January 2020 to assign native/alien status",1,1,2,0,1,1,0
2598,2488,994,,1,"For cultivated species, if native/alien status was not clear from notes, Mark van Kleunen checked GRIN taxonomy and other web searches between 5 and 7 January 2020 to assign native/alien status",1,1,2,0,1,1,0
2599,2488,351,,1,"For cultivated species, if native/alien status was not clear from notes, Mark van Kleunen checked GRIN taxonomy and other web searches between 5 and 7 January 2020 to assign native/alien status",1,1,2,0,1,1,0
2600,2488,870,,1,"For cultivated species, if native/alien status was not clear from notes, Mark van Kleunen checked GRIN taxonomy and other web searches between 5 and 7 January 2020 to assign native/alien status",1,1,2,0,1,1,0
2601,2488,433,,1,"For cultivated species, if native/alien status was not clear from notes, Mark van Kleunen checked GRIN taxonomy and other web searches between 5 and 7 January 2020 to assign native/alien status",1,1,2,0,1,1,0
2602,2488,482,,1,"For cultivated species, if native/alien status was not clear from notes, Mark van Kleunen checked GRIN taxonomy and other web searches between 5 and 7 January 2020 to assign native/alien status",1,1,2,0,1,1,0
2603,2488,515,,1,"For cultivated species, if native/alien status was not clear from notes, Mark van Kleunen checked GRIN taxonomy and other web searches between 5 and 7 January 2020 to assign native/alien status",1,1,2,0,1,1,0
2605,2488,661,,1,"For cultivated species, if native/alien status was not clear from notes, Mark van Kleunen checked GRIN taxonomy and other web searches between 5 and 7 January 2020 to assign native/alien status",1,1,2,0,1,1,0
2606,2488,670,,1,"For cultivated species, if native/alien status was not clear from notes, Mark van Kleunen checked GRIN taxonomy and other web searches between 5 and 7 January 2020 to assign native/alien status",1,1,2,0,1,1,0
2607,2488,726,,1,"For cultivated species, if native/alien status was not clear from notes, Mark van Kleunen checked GRIN taxonomy and other web searches between 5 and 7 January 2020 to assign native/alien status",1,1,2,0,1,1,0
2608,2489,677,Sverige,1,Source includes as aliens only those taxa that were introduced ca after 1800. All others introduced before are considered as natives.,1,2,2,0,1,0,0
2609,2490,146,West Indies,2,invasive status based on spread and impact,1,,,1,0,0,1
2610,2490,310,West Indies,2,invasive status based on spread and impact,1,,,1,0,0,1
2611,2490,320,West Indies,2,invasive status based on spread and impact,1,,,1,0,0,1
2612,2490,414,West Indies,2,invasive status based on spread and impact,1,,,1,0,0,1
2613,2490,435,West Indies,2,invasive status based on spread and impact,1,,,1,0,0,1
2614,2490,533,West Indies,2,invasive status based on spread and impact,1,,,1,0,0,1
2615,2490,679,West Indies,2,invasive status based on spread and impact,1,,,1,0,0,1
2616,2490,850,West Indies,2,invasive status based on spread and impact,1,,,1,0,0,1
2617,2490,1864,West Indies,2,invasive status based on spread and impact,1,,,1,0,0,1
2618,2491,446,Baja California,1,"invasive can be inferred from verbal description; authors state that all * marked species are non-natives that have become naturalized but from verbal description it seems their classification may be different from standards, some species they mention as very rare",1,3,0,0,0,0,1
2635,2496,310,Cuba,1,"contains ""especies exóticas naturalizadas o en vías de naturalización"" - the naturalized species were marked in list, the others were coded as ""alien"" for glonafdb, as it is not certain if they are casual or naturalized",1,2,2,0,0,0,1
2636,2484,316,Deutschland,1,"Status information based on FloraWeb's individual species sites and not on the FloraWeb Neophyte list, which is not up to date. Status for a few taxa was modified based on information from BiolFlora, Euro+Med and Wikipedia",1,3,2,0,1,1,0
2637,2495,747,,1,"potentially casual aliens ('species not confirmed to be truly naturalized') were marked in the source as '?' and were added to glonafdb with status 'alien'
 (i.e. all taxa coded as naturalized are truly naturalized, and beyond these there are alien taxa that could be casual or naturalized)",1,3,2,0,0,0,0
2638,2495,748,,1,"potentially casual aliens ('species not confirmed to be truly naturalized') were marked in the source as '?' and were added to glonafdb with status 'alien'
 (i.e. all taxa coded as naturalized are truly naturalized, and beyond these there are alien taxa that could be casual or naturalized)",1,3,2,0,0,0,0
2639,2495,749,,1,"potentially casual aliens ('species not confirmed to be truly naturalized') were marked in the source as '?' and were added to glonafdb with status 'alien'
 (i.e. all taxa coded as naturalized are truly naturalized, and beyond these there are alien taxa that could be casual or naturalized)",1,3,2,0,0,0,0
2640,2495,750,,1,"potentially casual aliens ('species not confirmed to be truly naturalized') were marked in the source as '?' and were added to glonafdb with status 'alien'
 (i.e. all taxa coded as naturalized are truly naturalized, and beyond these there are alien taxa that could be casual or naturalized)",1,3,2,0,0,0,0
2641,2495,751,,1,"potentially casual aliens ('species not confirmed to be truly naturalized') were marked in the source as '?' and were added to glonafdb with status 'alien'
 (i.e. all taxa coded as naturalized are truly naturalized, and beyond these there are alien taxa that could be casual or naturalized)",1,3,2,0,0,0,0
2642,2495,752,,1,"potentially casual aliens ('species not confirmed to be truly naturalized') were marked in the source as '?' and were added to glonafdb with status 'alien'
 (i.e. all taxa coded as naturalized are truly naturalized, and beyond these there are alien taxa that could be casual or naturalized)",1,3,2,0,0,0,0
2643,2495,753,,1,"potentially casual aliens ('species not confirmed to be truly naturalized') were marked in the source as '?' and were added to glonafdb with status 'alien'
 (i.e. all taxa coded as naturalized are truly naturalized, and beyond these there are alien taxa that could be casual or naturalized)",1,3,2,0,0,0,0
2644,2495,754,,1,"potentially casual aliens ('species not confirmed to be truly naturalized') were marked in the source as '?' and were added to glonafdb with status 'alien'
 (i.e. all taxa coded as naturalized are truly naturalized, and beyond these there are alien taxa that could be casual or naturalized)",1,3,2,0,0,0,0
2645,2495,755,,1,"potentially casual aliens ('species not confirmed to be truly naturalized') were marked in the source as '?' and were added to glonafdb with status 'alien'
 (i.e. all taxa coded as naturalized are truly naturalized, and beyond these there are alien taxa that could be casual or naturalized)",1,3,2,0,0,0,0
2646,2495,756,,1,"potentially casual aliens ('species not confirmed to be truly naturalized') were marked in the source as '?' and were added to glonafdb with status 'alien'
 (i.e. all taxa coded as naturalized are truly naturalized, and beyond these there are alien taxa that could be casual or naturalized)",1,3,2,0,0,0,0
2647,2495,757,,1,"potentially casual aliens ('species not confirmed to be truly naturalized') were marked in the source as '?' and were added to glonafdb with status 'alien'
 (i.e. all taxa coded as naturalized are truly naturalized, and beyond these there are alien taxa that could be casual or naturalized)",1,3,2,0,0,0,0
2648,2495,758,,1,"potentially casual aliens ('species not confirmed to be truly naturalized') were marked in the source as '?' and were added to glonafdb with status 'alien'
 (i.e. all taxa coded as naturalized are truly naturalized, and beyond these there are alien taxa that could be casual or naturalized)",1,3,2,0,0,0,0
2649,2495,759,,1,"potentially casual aliens ('species not confirmed to be truly naturalized') were marked in the source as '?' and were added to glonafdb with status 'alien'
 (i.e. all taxa coded as naturalized are truly naturalized, and beyond these there are alien taxa that could be casual or naturalized)",1,3,2,0,0,0,0
2650,2495,760,,1,"potentially casual aliens ('species not confirmed to be truly naturalized') were marked in the source as '?' and were added to glonafdb with status 'alien'
 (i.e. all taxa coded as naturalized are truly naturalized, and beyond these there are alien taxa that could be casual or naturalized)",1,3,2,0,0,0,0
2651,2495,761,,1,"potentially casual aliens ('species not confirmed to be truly naturalized') were marked in the source as '?' and were added to glonafdb with status 'alien'
 (i.e. all taxa coded as naturalized are truly naturalized, and beyond these there are alien taxa that could be casual or naturalized)",1,3,2,0,0,0,0
2652,2495,762,,1,"potentially casual aliens ('species not confirmed to be truly naturalized') were marked in the source as '?' and were added to glonafdb with status 'alien'
 (i.e. all taxa coded as naturalized are truly naturalized, and beyond these there are alien taxa that could be casual or naturalized)",1,3,2,0,0,0,0
2653,2495,763,,1,"potentially casual aliens ('species not confirmed to be truly naturalized') were marked in the source as '?' and were added to glonafdb with status 'alien'
 (i.e. all taxa coded as naturalized are truly naturalized, and beyond these there are alien taxa that could be casual or naturalized)",1,3,2,0,0,0,0
2654,2598,1230,,1,,1,3,0,0,0,0,0
2655,2598,1221,,1,,1,3,0,0,0,0,0
2656,2598,1868,,1,,1,3,0,0,0,0,0
2657,2598,1228,,1,,1,3,0,0,0,0,0
2658,2598,1222,,1,,1,3,0,0,0,0,0
2659,2598,1227,,1,,1,3,0,0,0,0,0
2660,2598,1223,,1,,1,3,0,0,0,0,0
2661,2598,1225,,1,,1,3,0,0,0,0,0
2662,2598,1865,,,,,,,,,,
2663,2598,1870,,1,,1,3,0,0,0,0,0
2664,2598,1231,,1,,1,3,0,0,0,0,0
2665,2598,1226,,1,,1,3,0,0,0,0,0
2666,2598,1232,,1,,1,3,0,0,0,0,0
2667,2598,1869,,1,,1,3,0,0,0,0,0
2668,2598,1224,,1,,1,3,0,0,0,0,0
2684,2500,531,Philippines,1,"list might include a few casual species - Pieter Pelser: ""The list of names that I sent you are those that I listed as not native to the Philippines and for which I either know that they are naturalised, or for which I suspect on the basis of the evidence available to me that they are naturalised. So, I can’t exclude the possibility that some of them might be only casual aliens.""",1,2,0,0,0,0,0
2685,2501,320, República Dominicana,1,not clear if taxa with status 'Información no disponible' or 'Posible invasora' are all naturalized or not; they were entered into glonafdb with status 'alien',1,1,1,1,0,0,1
2686,2504,1496,,5,'introduced' means 'introduced but not naturalised',1,1,1,0,1,0,1
2687,2504,856,,5,'introduced' means 'introduced but not naturalised',1,1,1,0,1,0,1
2688,2504,858,,5,'introduced' means 'introduced but not naturalised',1,1,1,0,1,0,1
2689,2504,1888,,5,'introduced' means 'introduced but not naturalised',1,1,1,0,1,0,1
2690,2504,55,,5,'introduced' means 'introduced but not naturalised',1,1,1,0,1,0,1
2691,2504,1889,,5,'introduced' means 'introduced but not naturalised',1,1,1,0,1,0,1
2692,2504,104,,5,'introduced' means 'introduced but not naturalised',1,1,1,0,1,0,1
2693,2504,1887,,5,'introduced' means 'introduced but not naturalised',1,1,1,0,1,0,1
2694,2504,121,,5,'introduced' means 'introduced but not naturalised',1,1,1,0,1,0,1
2695,2504,137,,5,'introduced' means 'introduced but not naturalised',1,1,1,0,1,0,1
2696,2504,139,,5,'introduced' means 'introduced but not naturalised',1,1,1,0,1,0,1
2697,2504,145,,5,'introduced' means 'introduced but not naturalised',1,1,1,0,1,0,1
2698,2504,146,,5,'introduced' means 'introduced but not naturalised',1,1,1,0,1,0,1
2700,2504,151,,5,'introduced' means 'introduced but not naturalised',1,1,1,0,1,0,1
2701,2504,859,,5,'introduced' means 'introduced but not naturalised',1,1,1,0,1,0,1
2702,2504,1501,,5,'introduced' means 'introduced but not naturalised',1,1,1,0,1,0,1
2703,2504,289,,5,'introduced' means 'introduced but not naturalised',1,1,1,0,1,0,1
2704,2504,862,,5,'introduced' means 'introduced but not naturalised',1,1,1,0,1,0,1
2705,2504,306,,5,'introduced' means 'introduced but not naturalised',1,1,1,0,1,0,1
2706,2504,309,,5,'introduced' means 'introduced but not naturalised',1,1,1,0,1,0,1
2707,2504,310,,5,'introduced' means 'introduced but not naturalised',1,1,1,0,1,0,1
2708,2504,315,,5,'introduced' means 'introduced but not naturalised',1,1,1,0,1,0,1
2709,2504,316,,5,'introduced' means 'introduced but not naturalised',1,1,1,0,1,0,1
2711,2504,319,,5,'introduced' means 'introduced but not naturalised',1,1,1,0,1,0,1
2712,2504,321,,5,'introduced' means 'introduced but not naturalised',1,1,1,0,1,0,1
2713,2504,327,,5,'introduced' means 'introduced but not naturalised',1,1,1,0,1,0,1
2714,2504,329,,5,'introduced' means 'introduced but not naturalised',1,1,1,0,1,0,1
2715,2504,867,,5,'introduced' means 'introduced but not naturalised',1,1,1,0,1,0,1
2719,2504,340,,5,'introduced' means 'introduced but not naturalised',1,1,1,0,1,0,1
2720,2504,925,,5,'introduced' means 'introduced but not naturalised',1,1,1,0,1,0,1
2721,2504,342,,5,'introduced' means 'introduced but not naturalised',1,1,1,0,1,0,1
2722,2504,868,,5,'introduced' means 'introduced but not naturalised',1,1,1,0,1,0,1
2723,2504,345,,5,'introduced' means 'introduced but not naturalised',1,1,1,0,1,0,1
2724,2504,367,,5,'introduced' means 'introduced but not naturalised',1,1,1,0,1,0,1
2727,2504,873,,5,'introduced' means 'introduced but not naturalised',1,1,1,0,1,0,1
2728,2504,403,,5,'introduced' means 'introduced but not naturalised',1,1,1,0,1,0,1
2729,2504,876,,5,'introduced' means 'introduced but not naturalised',1,1,1,0,1,0,1
2730,2504,414,,5,'introduced' means 'introduced but not naturalised',1,1,1,0,1,0,1
2731,2504,416,,5,'introduced' means 'introduced but not naturalised',1,1,1,0,1,0,1
2732,2504,417,,5,'introduced' means 'introduced but not naturalised',1,1,1,0,1,0,1
2733,2504,1875,,5,'introduced' means 'introduced but not naturalised',1,1,1,0,1,0,1
2734,2504,435,,5,'introduced' means 'introduced but not naturalised',1,1,1,0,1,0,1
2735,2504,437,,5,'introduced' means 'introduced but not naturalised',1,1,1,0,1,0,1
2736,2504,444,,5,'introduced' means 'introduced but not naturalised',1,1,1,0,1,0,1
2737,2504,880,,5,'introduced' means 'introduced but not naturalised',1,1,1,0,1,0,1
2738,2504,882,,5,'introduced' means 'introduced but not naturalised',1,1,1,0,1,0,1
2739,2504,510,,5,'introduced' means 'introduced but not naturalised',1,1,1,0,1,0,1
2740,2504,511,,5,'introduced' means 'introduced but not naturalised',1,1,1,0,1,0,1
2741,2504,881,,5,'introduced' means 'introduced but not naturalised',1,1,1,0,1,0,1
2742,2504,525,,5,'introduced' means 'introduced but not naturalised',1,1,1,0,1,0,1
2743,2504,530,,5,'introduced' means 'introduced but not naturalised',1,1,1,0,1,0,1
2744,2504,921,,5,'introduced' means 'introduced but not naturalised',1,1,1,0,1,0,1
2745,2504,533,,5,'introduced' means 'introduced but not naturalised',1,1,1,0,1,0,1
2746,2504,885,,5,'introduced' means 'introduced but not naturalised',1,1,1,0,1,0,1
2747,2504,535,,5,'introduced' means 'introduced but not naturalised',1,1,1,0,1,0,1
2748,2504,985,,5,'introduced' means 'introduced but not naturalised',1,1,1,0,1,0,1
2749,2504,537,,5,'introduced' means 'introduced but not naturalised',1,1,1,0,1,0,1
2750,2504,883,,5,'introduced' means 'introduced but not naturalised',1,1,1,0,1,0,1
2751,2504,614,,5,'introduced' means 'introduced but not naturalised',1,1,1,0,1,0,1
2752,2504,662,,5,'introduced' means 'introduced but not naturalised',1,1,1,0,1,0,1
2753,2504,664,,5,'introduced' means 'introduced but not naturalised',1,1,1,0,1,0,1
2754,2504,668,,5,'introduced' means 'introduced but not naturalised',1,1,1,0,1,0,1
2755,2504,673,,5,'introduced' means 'introduced but not naturalised',1,1,1,0,1,0,1
2756,2504,677,,5,'introduced' means 'introduced but not naturalised',1,1,1,0,1,0,1
2757,2504,678,,5,'introduced' means 'introduced but not naturalised',1,1,1,0,1,0,1
2758,2504,887,,5,'introduced' means 'introduced but not naturalised',1,1,1,0,1,0,1
2759,2504,850,,5,'introduced' means 'introduced but not naturalised',1,1,1,0,1,0,1
2760,2504,732,,5,'introduced' means 'introduced but not naturalised',1,1,1,0,1,0,1
2761,2504,733,,5,'introduced' means 'introduced but not naturalised',1,1,1,0,1,0,1
2762,2504,734,,5,'introduced' means 'introduced but not naturalised',1,1,1,0,1,0,1
2763,2504,890,,5,'introduced' means 'introduced but not naturalised',1,1,1,0,1,0,1
2764,2504,737,,5,'introduced' means 'introduced but not naturalised',1,1,1,0,1,0,1
2765,2504,738,,5,'introduced' means 'introduced but not naturalised',1,1,1,0,1,0,1
2766,2504,740,,5,'introduced' means 'introduced but not naturalised',1,1,1,0,1,0,1
2767,2504,906,,5,'introduced' means 'introduced but not naturalised',1,1,1,0,1,0,1
2768,2504,745,,5,'introduced' means 'introduced but not naturalised',1,1,1,0,1,0,1
2769,2504,746,,5,'introduced' means 'introduced but not naturalised',1,1,1,0,1,0,1
2770,2504,899,,5,'introduced' means 'introduced but not naturalised',1,1,1,0,1,0,1
2771,2504,770,,5,'introduced' means 'introduced but not naturalised',1,1,1,0,1,0,1
2772,2504,771,,5,'introduced' means 'introduced but not naturalised',1,1,1,0,1,0,1
2773,2504,778,,5,'introduced' means 'introduced but not naturalised',1,1,1,0,1,0,1
2774,2504,780,,5,'introduced' means 'introduced but not naturalised',1,1,1,0,1,0,1
2775,2504,794,,5,'introduced' means 'introduced but not naturalised',1,1,1,0,1,0,1
2776,2504,797,,5,'introduced' means 'introduced but not naturalised',1,1,1,0,1,0,1
2777,2504,808,,5,'introduced' means 'introduced but not naturalised',1,1,1,0,1,0,1
2779,2504,894,,5,'introduced' means 'introduced but not naturalised',1,1,1,0,1,0,1
2780,2504,819,,5,'introduced' means 'introduced but not naturalised',1,1,1,0,1,0,1
2781,2504,822,,5,'introduced' means 'introduced but not naturalised',1,1,1,0,1,0,1
2782,2504,825,,5,'introduced' means 'introduced but not naturalised',1,1,1,0,1,0,1
2783,2504,827,,5,'introduced' means 'introduced but not naturalised',1,1,1,0,1,0,1
2784,2504,829,,5,'introduced' means 'introduced but not naturalised',1,1,1,0,1,0,1
2785,2504,896,,5,'introduced' means 'introduced but not naturalised',1,1,1,0,1,0,1
2786,2505,137,,8,,1,2,2,0,1,1,1
2787,2505,139,,8,,1,2,2,0,1,1,1
2788,2505,315,,8,,1,2,2,0,1,1,1
2790,2505,319,,8,,1,2,2,0,1,1,1
2791,2505,329,,8,,1,2,2,0,1,1,1
2792,2505,331,,8,,1,2,2,0,1,1,1
2793,2505,342,,8,,1,2,2,0,1,1,1
2794,2505,403,,8,,1,2,2,0,1,1,1
2795,2505,875,,8,,1,2,2,0,1,1,1
2796,2505,439,,8,,1,2,2,0,1,1,1
2797,2505,441,,8,,1,2,2,0,1,1,1
2798,2505,519,,8,,1,2,2,0,1,1,1
2799,2505,520,,8,,1,2,2,0,1,1,1
2800,2505,888,,8,,1,2,2,0,1,1,1
2801,2505,532,,8,,1,2,2,0,1,1,1
2802,2505,897,,8,,1,2,2,0,1,1,1
2803,2505,675,,8,,1,2,2,0,1,1,1
2804,2505,677,,8,,1,2,2,0,1,1,1
2805,2506,403,Ireland,1,,2,1,2,1,0,0,1
2806,2507,345,Derbyshire,1,,2,1,2,1,0,0,1
2807,2508,345,Lancashire,1,,2,1,2,1,0,0,1
2808,2509,348,Wales,1,,2,1,2,1,0,0,1
2809,2510,138,,1,,1,1,2,0,0,0,1
2810,2510,181,,1,,1,1,2,0,0,0,1
2811,2510,289,,1,,1,1,2,0,0,0,1
2812,2510,330,,1,,1,1,2,0,0,0,1
2813,2510,417,,1,,1,1,2,0,0,0,1
2814,2510,882,,1,,1,1,2,0,0,0,1
2815,2510,511,,1,,1,1,2,0,0,0,1
2816,2510,658,,1,,1,1,2,0,0,0,1
2817,2510,678,,1,,1,1,2,0,0,0,1
2818,2510,732,,1,,1,1,2,0,0,0,1
2819,2510,733,,1,,1,1,2,0,0,0,1
2820,2510,894,,1,,1,1,2,0,0,0,1
2821,2510,895,,1,,1,1,2,0,0,0,1
2822,2510,896,,1,,1,1,2,0,0,0,1
2823,2516,1861,,1,"note Petr Pysek: ""I had to classify the native [should be naturalized] vs casual by myslelf, criteria being that it is labelled as very scarce or in a single or very few locations (these notes are in Czech translated by Zuzana from Russian), I considered them casual, otherwise naturalized. The list also includes a few where they say 'likely alien', these are included in summary numbers above, and labelled (alien) in the status column""",0,1,2,0,3,0,0
2824,2517,393,"Bhadrak district, Odisha, India",7,,1,1,1,1,0,0,1
2825,2518,531,"Mt. Manunggal, Cebu Island, Philippines",,,1,1,1,1,0,0,1
2858,2519,393,"Bhadrak District of Odisha, India",3,,2,1,1,0,0,0,1
2859,2520,310,Cuba,1,,1,1,2,0,0,0,1
2860,2521,137,,1,,1,1,1,1,0,0,1
2861,2521,316,,1,,1,1,1,1,0,0,1
2862,2521,403,,1,,1,1,1,1,0,0,1
2863,2521,519,,1,,1,1,1,1,0,0,1
2864,2521,520,,1,,1,1,1,1,0,0,1
2865,2521,676,,1,,1,1,1,1,0,0,1
2866,2521,677,,1,,1,1,1,1,0,0,1
2867,2522,1497,Bhutan,1,,1,2,1,0,3,4,1
2868,2522,1942,Bhutan,1,,1,2,1,0,3,4,1
2869,2522,1943,Bhutan,1,,1,2,1,0,3,4,1
2870,2522,1958,Bhutan,1,,1,2,1,0,3,4,1
2871,2522,1944,Bhutan,1,,1,2,1,0,3,4,1
2872,2522,1945,Bhutan,1,,1,2,1,0,3,4,1
2873,2522,1954,Bhutan,1,,1,2,1,0,3,4,1
2874,2522,1946,Bhutan,1,,1,2,1,0,3,4,1
2875,2522,1947,Bhutan,1,,1,2,1,0,3,4,1
2876,2522,1948,Bhutan,1,,1,2,1,0,3,4,1
2877,2522,1950,Bhutan,1,,1,2,1,0,3,4,1
2878,2522,1951,Bhutan,1,,1,2,1,0,3,4,1
2879,2522,1949,Bhutan,1,,1,2,1,0,3,4,1
2880,2522,1961,Bhutan,1,,1,2,1,0,3,4,1
2881,2522,1952,Bhutan,1,,1,2,1,0,3,4,1
2882,2522,1953,Bhutan,1,,1,2,1,0,3,4,1
2883,2522,1956,Bhutan,1,,1,2,1,0,3,4,1
2884,2522,1955,Bhutan,1,,1,2,1,0,3,4,1
2885,2522,1957,Bhutan,1,,1,2,1,0,3,4,1
2886,2522,1960,Bhutan,1,,1,2,1,0,3,4,1
2887,2522,1959,Bhutan,1,,1,2,1,0,3,4,1
2888,2524,181,,8,,1,3,2,0,1,1,1
2889,2524,438,,8,,1,3,2,0,1,1,1
2890,2524,513,,8,,1,3,2,0,1,1,1
2891,2524,678,,8,,1,3,2,0,1,1,1
2892,2524,894,,8,,1,3,2,0,1,1,1
2893,2524,819,,8,,1,3,2,0,1,1,1
2894,2524,820,,8,,1,3,2,0,1,1,1
2895,2524,821,,8,,1,3,2,0,1,1,1
2896,2524,822,,8,,1,3,2,0,1,1,1
2897,2524,823,,8,,1,3,2,0,1,1,1
2898,2524,825,,8,,1,3,2,0,1,1,1
2899,2524,826,,8,,1,3,2,0,1,1,1
2900,2524,827,,8,,1,3,2,0,1,1,1
2901,2524,829,,8,,1,3,2,0,1,1,1
2902,2525,437,Sri Lanka,8,authors refer to CBD in the context of invasive alien species,2,1,1,1,0,0,1
2903,2526,732,"Amani Botanical Garden, East Usambara mountains of Tanzania",1,"entered regenerating species as ""casual"", naturalised and spreading species as ""naturalized""; ignored surviving species",1,1,1,0,1,0,0
2952,2529,736,,8,"different status categories were listed as in the original sources and not standardized, but report states that it ""consists of taxa that are non-native to, and established (naturalized) in, three regions of the United States"" (Title confirms that only established taxa are listed) . For glonafdb, all status categories were therefore included as 'naturalized', except for 'Invasive', which was included as 'invasive'",1,3,2,0,0,0,1
2953,2529,906,,8,"different status categories were listed as in the original sources and not standardized, but report states that it ""consists of taxa that are non-native to, and established (naturalized) in, three regions of the United States"" (Title confirms that only established taxa are listed) . For glonafdb, all status categories were therefore included as 'naturalized', except for 'Invasive', which was included as 'invasive'",1,3,2,0,0,0,1
2954,2529,899,,8,"different status categories were listed as in the original sources and not standardized, but report states that it ""consists of taxa that are non-native to, and established (naturalized) in, three regions of the United States"" (Title confirms that only established taxa are listed) . For glonafdb, all status categories were therefore included as 'naturalized', except for 'Invasive', which was included as 'invasive'",1,3,2,0,0,0,1
2955,2530,736,Alaska,7,,1,2,2,0,0,0,0
2956,2531,416,,8,invasive alien species (without further definitions/explanations - for glonafdb they are assumed to be naturalized),2,1,1,1,0,0,0
2957,2531,727,,8,invasive alien species (without further definitions/explanations - for glonafdb they are assumed to be naturalized),2,1,1,1,0,0,0
2958,2531,731,,8,invasive alien species (without further definitions/explanations - for glonafdb they are assumed to be naturalized),2,1,1,1,0,0,0
2959,2531,851,,8,invasive alien species (without further definitions/explanations - for glonafdb they are assumed to be naturalized),2,1,1,1,0,0,0
2960,2533,1498,Bosnia and Herzegovina,6,,1,1,1,0,1,0,1
2961,2535,1498,Bosnia and Herzegovina,1,"Semir Maslo wrote that Abutilon theophrasti Medik. and Sorghum halepense (L.) Pers.  are archaeophytes, the other species are neophytes",1,1,1,1,0,0,1
2962,2536,824,,1,The species with uncertain status were marked as 'alien' instead of 'naturalized'.,1,3,1,0,0,0,0
2963,2536,828,,1,The species with uncertain status were marked as 'alien' instead of 'naturalized'.,1,3,1,0,0,0,0
2964,2537,310,"province Holguín, Eastern Cuba",1,,1,1,2,0,1,0,1
2965,2538,364,Croatia,1,,1,1,1,1,0,0,1
2966,2539,364,Croatia,1,,1,1,1,0,1,0,0
2967,2540,321,Algeria,1,list contains archeophytes,1,2,2,0,1,0,1
2968,2541,1962,,1,,1,3,2,0,1,0,1
2969,2541,1963,,1,,1,3,2,0,1,0,1
2970,2541,1964,,1,,1,3,2,0,1,0,1
2971,2541,139,,1,,1,3,2,0,1,0,1
2972,2543,1505,Montenegro,6,,1,1,1,0,0,0,1
2974,2544,1505,Montenegro,1,,1,1,1,1,0,0,1
2975,2545,525,New Zealand,1,,1,1,0,0,0,0,0
2976,109,1978,,1,status was deduced from descriptions and is not always fully clear. Rachael Holmes said that Sri Tjirosoedirdjo will check the list/status at some point,1,1,2,0,1,1,0
2977,109,1499,,1,status was deduced from descriptions and is not always fully clear. Rachael Holmes said that Sri Tjirosoedirdjo will check the list/status at some point,1,1,2,0,1,1,0
2978,109,1983,,1,status was deduced from descriptions and is not always fully clear. Rachael Holmes said that Sri Tjirosoedirdjo will check the list/status at some point,1,1,2,0,1,1,0
2979,109,1874,,1,status was deduced from descriptions and is not always fully clear. Rachael Holmes said that Sri Tjirosoedirdjo will check the list/status at some point,1,1,2,0,1,1,0
2980,109,1981,,1,status was deduced from descriptions and is not always fully clear. Rachael Holmes said that Sri Tjirosoedirdjo will check the list/status at some point,1,1,2,0,1,1,0
2981,109,1985,,1,status was deduced from descriptions and is not always fully clear. Rachael Holmes said that Sri Tjirosoedirdjo will check the list/status at some point,1,1,2,0,1,1,0
2982,109,1982,,1,status was deduced from descriptions and is not always fully clear. Rachael Holmes said that Sri Tjirosoedirdjo will check the list/status at some point,1,1,2,0,1,1,0
2983,109,1987,,1,status was deduced from descriptions and is not always fully clear. Rachael Holmes said that Sri Tjirosoedirdjo will check the list/status at some point,1,1,2,0,1,1,0
2984,109,1984,,1,status was deduced from descriptions and is not always fully clear. Rachael Holmes said that Sri Tjirosoedirdjo will check the list/status at some point,1,1,2,0,1,1,0
2985,109,1977,,1,status was deduced from descriptions and is not always fully clear. Rachael Holmes said that Sri Tjirosoedirdjo will check the list/status at some point,1,1,2,0,1,1,0
2986,109,881,,1,status was deduced from descriptions and is not always fully clear. Rachael Holmes said that Sri Tjirosoedirdjo will check the list/status at some point,1,1,2,0,1,1,0
2987,109,512,,1,status was deduced from descriptions and is not always fully clear. Rachael Holmes said that Sri Tjirosoedirdjo will check the list/status at some point,1,1,2,0,1,1,0
2988,109,1986,,1,status was deduced from descriptions and is not always fully clear. Rachael Holmes said that Sri Tjirosoedirdjo will check the list/status at some point,1,1,2,0,1,1,0
2989,109,531,,1,status was deduced from descriptions and is not always fully clear. Rachael Holmes said that Sri Tjirosoedirdjo will check the list/status at some point,1,1,2,0,1,1,0
2990,109,921,,1,status was deduced from descriptions and is not always fully clear. Rachael Holmes said that Sri Tjirosoedirdjo will check the list/status at some point,1,1,2,0,1,1,0
2991,109,662,,1,status was deduced from descriptions and is not always fully clear. Rachael Holmes said that Sri Tjirosoedirdjo will check the list/status at some point,1,1,2,0,1,1,0
2992,2546,2013,,1,,1,3,0,0,1,0,1
2993,2546,2017,,1,,1,3,0,0,1,0,1
2994,2546,2015,,1,,1,3,0,0,1,0,1
2995,2546,2027,,1,,1,3,0,0,1,0,1
2996,2546,2011,,1,,1,3,0,0,1,0,1
2997,2546,2020,,1,,1,3,0,0,1,0,1
2998,2546,521,,1,,1,3,0,0,1,0,1
2999,2546,2021,,1,,1,3,0,0,1,0,1
3000,2546,522,,1,,1,3,0,0,1,0,1
3001,2546,2018,,1,,1,3,0,0,1,0,1
3002,2546,2022,,1,,1,3,0,0,1,0,1
3003,2546,2014,,1,,1,3,0,0,1,0,1
3004,2546,2023,,1,,1,3,0,0,1,0,1
3005,2546,2025,,1,,1,3,0,0,1,0,1
3007,2546,2019,,1,,1,3,0,0,1,0,1
3008,2546,2024,,1,,1,3,0,0,1,0,1
3009,2546,2029,,1,,1,3,0,0,1,0,1
3010,2546,2030,,1,,1,3,0,0,1,0,1
3011,2546,2026,,1,,1,3,0,0,1,0,1
3015,2549,329,Estonia,1,only neophytes included with 1700 chosen as dividing year,1,2,2,0,1,0,1
3016,2550,2031,,7,,1,1,1,0,1,0,0
3017,2550,2032,,7,,1,1,1,0,1,0,0
3018,2553,1431,Wallis and Futuna,1,Jean-Yves Meyer said in email that all taxa are naturalized (some are weeds in agrosystems),1,1,2,0,0,0,1
3019,2554,2097,,3,,1,3,2,0,1,0,1
3020,2554,2099,,3,,1,3,2,0,1,0,1
3021,2554,2098,,3,,1,3,2,0,1,0,1
3022,2554,2100,,3,,1,3,2,0,1,0,1
3023,2554,2101,,3,,1,3,2,0,1,0,1
3024,2554,2102,,3,,1,3,2,0,1,0,1
3025,2554,2103,,3,,1,3,2,0,1,0,1
3026,2554,2104,,3,,1,3,2,0,1,0,1
3027,2554,2105,,3,,1,3,2,0,1,0,1
3028,2554,2113,,3,,1,3,2,0,1,0,1
3029,2554,2107,,3,,1,3,2,0,1,0,1
3030,2554,2109,,3,,1,3,2,0,1,0,1
3031,2554,2110,,3,,1,3,2,0,1,0,1
3032,2554,2108,,3,,1,3,2,0,1,0,1
3033,2554,2112,,3,,1,3,2,0,1,0,1
3034,2554,2111,,3,,1,3,2,0,1,0,1
3035,2554,2106,,3,,1,3,2,0,1,0,1
3036,2554,2114,,3,,1,3,2,0,1,0,1
3037,2554,2115,,3,,1,3,2,0,1,0,1
3038,2554,2116,,3,,1,3,2,0,1,0,1
3039,2554,2127,,3,,1,3,2,0,1,0,1
3040,2554,2128,,3,,1,3,2,0,1,0,1
3041,2554,2118,,3,,1,3,2,0,1,0,1
3042,2554,2119,,3,,1,3,2,0,1,0,1
3043,2554,2120,,3,,1,3,2,0,1,0,1
3044,2554,2121,,3,,1,3,2,0,1,0,1
3045,2554,2122,,3,,1,3,2,0,1,0,1
3046,2554,2123,,3,,1,3,2,0,1,0,1
3047,2554,2124,,3,,1,3,2,0,1,0,1
3048,2554,2125,,3,,1,3,2,0,1,0,1
3049,2554,2126,,3,,1,3,2,0,1,0,1
3050,2557,1506,Serbia,1,"taxa highly, sporadically or potentially invasive in natural and semi-natural habitats",2,1,1,1,0,0,1
3051,2555,675,Slovakia,1,"invasiveness was checked, but apparently none of the listed taxa are invasive",1,1,0,0,1,0,0
3052,2558,2130,Cantone Ticino (Svizzera),1,"taxa entered as casual_archeophyte, naturalized_archeophyte and invasive_archeophyte are probably archeophytes (""Probabilmente archeofita : a giudizio degli autori."")",1,3,0,0,1,0,1
3054,2560,734,"Kiev Urban Area, Ukraine",1,"differentiation between agriophytes, colonophytes, ephemerophytes, epoecophytes, hemiagriophytes",1,1,1,0,1,0,0
3055,2561,139,,3,,1,1,2,1,0,0,1
3056,2561,340,,3,,1,1,2,1,0,0,1
3057,2561,345,,3,,1,1,2,1,0,0,1
3058,2561,519,,3,,1,1,2,1,0,0,1
3063,2565,2132,Volga Upland,1,"paper assigned 'invasive status' as sum of scores based on stability, occurrence frequency and ecological and cenotic features of species. Status was assigned in glonafdb based on descriptions in the text.",1,3,1,0,1,0,1
3064,2569,2133,Tenerife,1,"probably no casual species, but not totally clear. Invasive status given, but not available from GIFT",0,2,2,0,0,0,1
3065,2569,2134,Fuerteventura,1,"probably no casual species, but not totally clear. Invasive status given, but not available from GIFT",0,2,2,0,0,0,1
3066,2569,2135,Gran Canaria,1,"probably no casual species, but not totally clear. Invasive status given, but not available from GIFT",0,2,2,0,0,0,1
3067,2569,2136,Lanzarote,1,"probably no casual species, but not totally clear. Invasive status given, but not available from GIFT",0,2,2,0,0,0,1
3068,2569,2137,La Palma,1,"probably no casual species, but not totally clear. Invasive status given, but not available from GIFT",0,2,2,0,0,0,1
3069,2569,2138,La Gomera,1,"probably no casual species, but not totally clear. Invasive status given, but not available from GIFT",0,2,2,0,0,0,1
3070,2569,2139,El Hierro,1,"probably no casual species, but not totally clear. Invasive status given, but not available from GIFT",0,2,2,0,0,0,1
3076,2566,2137,La Palma,1,,1,1,1,0,1,0,1
3083,2567,2137,La Palma,1,,1,1,1,0,1,0,0
3090,2568,2137,La Palma,1,,1,1,1,0,1,0,0
3092,2573,2133,"Tenerife (Canary Islands, Spain)",1,,1,1,1,0,1,0,1
3093,2570,2135,"Gran Canaria (Canary Islands, Spain)",1,,1,1,1,0,1,0,1
3094,2571,2135,,1,,1,1,1,0,1,0,1
3095,2571,2133,,1,,1,1,1,0,1,0,1
3096,2572,2135,"Gran Canaria (Spain, Canary Islands)",1,invasion status categories after Blackburn et al. 2011,1,1,1,0,1,0,0
3098,2575,2135,"Gran Canaria (Canary Islands, Spain)",1,,1,1,1,0,1,0,0
3100,2577,2133,Tenerife,1,,1,1,1,0,1,0,0
3102,2578,2140,the Sudans,2,,1,2,2,0,1,1,0
3103,2578,2173,the Sudans,2,,1,2,2,0,1,1,0
3104,2578,2171,the Sudans,2,,1,2,2,0,1,1,0
3105,2578,2174,the Sudans,2,,1,2,2,0,1,1,0
3106,2578,2172,the Sudans,2,,1,2,2,0,1,1,0
3107,2578,2169,the Sudans,2,,1,2,2,0,1,1,0
3108,2578,2170,the Sudans,2,,1,2,2,0,1,1,0
3109,2578,2141,the Sudans,2,,1,2,2,0,1,1,0
3110,2578,2175,the Sudans,2,,1,2,2,0,1,1,0
3111,2578,2177,the Sudans,2,,1,2,2,0,1,1,0
3112,2578,2176,the Sudans,2,,1,2,2,0,1,1,0
3118,2556,894,South Africa,1,introduction status based on Blackburn et al. 2011; invasive status based on spread,1,2,2,0,1,0,1
3119,2583,520,,8,"only neobiota, introduced after 1500; status according to Blackburn et al. 2011",1,3,0,0,1,0,1
3120,2583,2179,,8,"only neobiota, introduced after 1500; status according to Blackburn et al. 2011",1,3,0,0,1,0,1
3121,2583,2180,,8,"only neobiota, introduced after 1500; status according to Blackburn et al. 2011",1,3,0,0,1,0,1
3122,2583,2181,,8,"only neobiota, introduced after 1500; status according to Blackburn et al. 2011",1,3,0,0,1,0,1
3123,2583,2182,,8,"only neobiota, introduced after 1500; status according to Blackburn et al. 2011",1,3,0,0,1,0,1
3124,2583,2183,,8,"only neobiota, introduced after 1500; status according to Blackburn et al. 2011",1,3,0,0,1,0,1
3126,2583,2184,,8,"only neobiota, introduced after 1500; status according to Blackburn et al. 2011",1,3,0,0,1,0,1
3127,2583,2187,,8,"only neobiota, introduced after 1500; status according to Blackburn et al. 2011",1,3,0,0,1,0,1
3128,2583,2186,,8,"only neobiota, introduced after 1500; status according to Blackburn et al. 2011",1,3,0,0,1,0,1
3129,2583,2197,,8,"only neobiota, introduced after 1500; status according to Blackburn et al. 2011",1,3,0,0,1,0,1
3130,2583,2178,,8,"only neobiota, introduced after 1500; status according to Blackburn et al. 2011",1,3,0,0,1,0,1
3131,2583,2188,,8,"only neobiota, introduced after 1500; status according to Blackburn et al. 2011",1,3,0,0,1,0,1
3132,2583,2190,,8,"only neobiota, introduced after 1500; status according to Blackburn et al. 2011",1,3,0,0,1,0,1
3133,2583,2191,,8,"only neobiota, introduced after 1500; status according to Blackburn et al. 2011",1,3,0,0,1,0,1
3134,2583,2192,,8,"only neobiota, introduced after 1500; status according to Blackburn et al. 2011",1,3,0,0,1,0,1
3135,2583,522,,8,"only neobiota, introduced after 1500; status according to Blackburn et al. 2011",1,3,0,0,1,0,1
3136,2583,2193,,8,"only neobiota, introduced after 1500; status according to Blackburn et al. 2011",1,3,0,0,1,0,1
3137,2583,2194,,8,"only neobiota, introduced after 1500; status according to Blackburn et al. 2011",1,3,0,0,1,0,1
3138,2583,2195,,8,"only neobiota, introduced after 1500; status according to Blackburn et al. 2011",1,3,0,0,1,0,1
3139,2583,2196,,8,"only neobiota, introduced after 1500; status according to Blackburn et al. 2011",1,3,0,0,1,0,1
3140,2584,2139,,8,,1,3,2,0,0,0,1
3141,2584,2134,,8,,1,3,2,0,0,0,1
3142,2584,2135,,8,,1,3,2,0,0,0,1
3143,2584,2136,,8,,1,3,2,0,0,0,1
3144,2584,2138,,8,,1,3,2,0,0,0,1
3145,2584,2137,,8,,1,3,2,0,0,0,1
3146,2584,2133,,8,,1,3,2,0,0,0,1
3147,2585,908,,8,,2,1,1,1,0,0,1
3148,2585,2,,8,,2,1,1,1,0,0,1
3149,2585,3,,8,,2,1,1,1,0,0,1
3150,2585,4,,8,,2,1,1,1,0,0,1
3151,2585,855,,8,,2,1,1,1,0,0,1
3152,2585,920,,8,,2,1,1,1,0,0,1
3153,2585,856,,8,,2,1,1,1,0,0,1
3154,2585,857,,8,,2,1,1,1,0,0,1
3155,2585,854,,8,,2,1,1,1,0,0,1
3156,2585,1888,,8,,2,1,1,1,0,0,1
3157,2585,58,,8,,2,1,1,1,0,0,1
3158,2585,69,,8,,2,1,1,1,0,0,1
3159,2585,1889,,8,,2,1,1,1,0,0,1
3160,2585,2343,,8,,2,1,1,1,0,0,1
3161,2585,104,,8,,2,1,1,1,0,0,1
3162,2585,107,,8,,2,1,1,1,0,0,1
3163,2585,1887,,8,,2,1,1,1,0,0,1
3164,2585,137,,8,,2,1,1,1,0,0,1
3166,2585,138,,8,,2,1,1,1,0,0,1
3167,2585,139,,8,,2,1,1,1,0,0,1
3168,2585,140,,8,,2,1,1,1,0,0,1
3169,2585,143,,8,,2,1,1,1,0,0,1
3170,2585,144,,8,,2,1,1,1,0,0,1
3171,2585,922,,8,,2,1,1,1,0,0,1
3172,2585,2335,,8,,2,1,1,1,0,0,1
3173,2585,146,,8,,2,1,1,1,0,0,1
3174,2585,148,,8,,2,1,1,1,0,0,1
3175,2585,149,,8,,2,1,1,1,0,0,1
3176,2585,150,,8,,2,1,1,1,0,0,1
3177,2585,859,,8,,2,1,1,1,0,0,1
3178,2585,152,,8,,2,1,1,1,0,0,1
3179,2585,153,,8,,2,1,1,1,0,0,1
3180,2585,154,,8,,2,1,1,1,0,0,1
3181,2585,155,,8,,2,1,1,1,0,0,1
3182,2585,156,,8,,2,1,1,1,0,0,1
3183,2585,157,,8,,2,1,1,1,0,0,1
3184,2585,159,,8,,2,1,1,1,0,0,1
3185,2585,2336,,8,,2,1,1,1,0,0,1
3186,2585,161,,8,,2,1,1,1,0,0,1
3187,2585,162,,8,,2,1,1,1,0,0,1
3188,2585,163,,8,,2,1,1,1,0,0,1
3189,2585,164,,8,,2,1,1,1,0,0,1
3190,2585,165,,8,,2,1,1,1,0,0,1
3191,2585,166,,8,,2,1,1,1,0,0,1
3192,2585,167,,8,,2,1,1,1,0,0,1
3193,2585,168,,8,,2,1,1,1,0,0,1
3194,2585,169,,8,,2,1,1,1,0,0,1
3195,2585,170,,8,,2,1,1,1,0,0,1
3196,2585,171,,8,,2,1,1,1,0,0,1
3197,2585,172,,8,,2,1,1,1,0,0,1
3198,2585,173,,8,,2,1,1,1,0,0,1
3199,2585,175,,8,,2,1,1,1,0,0,1
3200,2585,176,,8,,2,1,1,1,0,0,1
3201,2585,177,,8,,2,1,1,1,0,0,1
3202,2585,178,,8,,2,1,1,1,0,0,1
3203,2585,179,,8,,2,1,1,1,0,0,1
3204,2585,180,,8,,2,1,1,1,0,0,1
3205,2585,1499,,8,,2,1,1,1,0,0,1
3206,2585,1497,,8,,2,1,1,1,0,0,1
3207,2585,181,,8,,2,1,1,1,0,0,1
3208,2585,182,,8,,2,1,1,1,0,0,1
3209,2585,860,,8,,2,1,1,1,0,0,1
3210,2585,184,,8,,2,1,1,1,0,0,1
3211,2585,187,,8,,2,1,1,1,0,0,1
3212,2585,188,,8,,2,1,1,1,0,0,1
3213,2585,189,,8,,2,1,1,1,0,0,1
3214,2585,191,,8,,2,1,1,1,0,0,1
3215,2585,193,,8,,2,1,1,1,0,0,1
3216,2585,196,,8,,2,1,1,1,0,0,1
3217,2585,197,,8,,2,1,1,1,0,0,1
3218,2585,198,,8,,2,1,1,1,0,0,1
3219,2585,200,,8,,2,1,1,1,0,0,1
3220,2585,863,,8,,2,1,1,1,0,0,1
3221,2585,1252,,8,,2,1,1,1,0,0,1
3222,2585,254,,8,,2,1,1,1,0,0,1
3223,2585,255,,8,,2,1,1,1,0,0,1
3224,2585,256,,8,,2,1,1,1,0,0,1
3225,2585,260,,8,,2,1,1,1,0,0,1
3226,2585,261,,8,,2,1,1,1,0,0,1
3227,2585,262,,8,,2,1,1,1,0,0,1
3228,2585,263,,8,,2,1,1,1,0,0,1
3229,2585,264,,8,,2,1,1,1,0,0,1
3230,2585,265,,8,,2,1,1,1,0,0,1
3231,2585,266,,8,,2,1,1,1,0,0,1
3232,2585,267,,8,,2,1,1,1,0,0,1
3233,2585,268,,8,,2,1,1,1,0,0,1
3234,2585,269,,8,,2,1,1,1,0,0,1
3235,2585,270,,8,,2,1,1,1,0,0,1
3236,2585,271,,8,,2,1,1,1,0,0,1
3237,2585,272,,8,,2,1,1,1,0,0,1
3238,2585,273,,8,,2,1,1,1,0,0,1
3239,2585,275,,8,,2,1,1,1,0,0,1
3240,2585,276,,8,,2,1,1,1,0,0,1
3241,2585,277,,8,,2,1,1,1,0,0,1
3242,2585,279,,8,,2,1,1,1,0,0,1
3243,2585,281,,8,,2,1,1,1,0,0,1
3244,2585,282,,8,,2,1,1,1,0,0,1
3245,2585,283,,8,,2,1,1,1,0,0,1
3246,2585,285,,8,,2,1,1,1,0,0,1
3247,2585,864,,8,,2,1,1,1,0,0,1
3248,2585,286,,8,,2,1,1,1,0,0,1
3249,2585,287,,8,,2,1,1,1,0,0,1
3250,2585,288,,8,,2,1,1,1,0,0,1
3251,2585,289,,8,,2,1,1,1,0,0,1
3252,2585,290,,8,,2,1,1,1,0,0,1
3253,2585,862,,8,,2,1,1,1,0,0,1
3254,2585,306,,8,,2,1,1,1,0,0,1
3255,2585,307,,8,,2,1,1,1,0,0,1
3256,2585,308,,8,,2,1,1,1,0,0,1
3257,2585,309,,8,,2,1,1,1,0,0,1
3258,2585,310,,8,,2,1,1,1,0,0,1
3259,2585,312,,8,,2,1,1,1,0,0,1
3260,2585,313,,8,,2,1,1,1,0,0,1
3261,2585,314,,8,,2,1,1,1,0,0,1
3262,2585,315,,8,,2,1,1,1,0,0,1
3263,2585,316,,8,,2,1,1,1,0,0,1
3264,2585,317,,8,,2,1,1,1,0,0,1
3265,2585,318,,8,,2,1,1,1,0,0,1
3266,2585,319,,8,,2,1,1,1,0,0,1
3267,2585,320,,8,,2,1,1,1,0,0,1
3268,2585,321,,8,,2,1,1,1,0,0,1
3269,2585,322,,8,,2,1,1,1,0,0,1
3270,2585,323,,8,,2,1,1,1,0,0,1
3271,2585,324,,8,,2,1,1,1,0,0,1
3272,2585,325,,8,,2,1,1,1,0,0,1
3273,2585,866,,8,,2,1,1,1,0,0,1
3274,2585,327,,8,,2,1,1,1,0,0,1
3275,2585,329,,8,,2,1,1,1,0,0,1
3276,2585,330,,8,,2,1,1,1,0,0,1
3277,2585,331,,8,,2,1,1,1,0,0,1
3278,2585,867,,8,,2,1,1,1,0,0,1
3279,2585,1876,,8,,2,1,1,1,0,0,1
3280,2585,1441,,8,,2,1,1,1,0,0,1
3281,2585,339,,8,,2,1,1,1,0,0,1
3282,2585,925,,8,,2,1,1,1,0,0,1
3283,2585,342,,8,,2,1,1,1,0,0,1
3284,2585,1504,,8,,2,1,1,1,0,0,1
3285,2585,343,,8,,2,1,1,1,0,0,1
3286,2585,994,,8,,2,1,1,1,0,0,1
3287,2585,868,,8,,2,1,1,1,0,0,1
3288,2585,346,,8,,2,1,1,1,0,0,1
3289,2585,347,,8,,2,1,1,1,0,0,1
3290,2585,349,,8,,2,1,1,1,0,0,1
3291,2585,350,,8,,2,1,1,1,0,0,1
3292,2585,351,,8,,2,1,1,1,0,0,1
3293,2585,870,,8,,2,1,1,1,0,0,1
3294,2585,356,,8,,2,1,1,1,0,0,1
3295,2585,358,,8,,2,1,1,1,0,0,1
3296,2585,359,,8,,2,1,1,1,0,0,1
3297,2585,1509,,8,,2,1,1,1,0,0,1
3298,2585,360,,8,,2,1,1,1,0,0,1
3299,2585,361,,8,,2,1,1,1,0,0,1
3300,2585,362,,8,,2,1,1,1,0,0,1
3301,2585,2337,,8,,2,1,1,1,0,0,1
3302,2585,364,,8,,2,1,1,1,0,0,1
3303,2585,872,,8,,2,1,1,1,0,0,1
3304,2585,367,,8,,2,1,1,1,0,0,1
3305,2585,1981,,8,,2,1,1,1,0,0,1
3306,2585,1985,,8,,2,1,1,1,0,0,1
3307,2585,1984,,8,,2,1,1,1,0,0,1
3308,2585,1977,,8,,2,1,1,1,0,0,1
3309,2585,370,,8,,2,1,1,1,0,0,1
3310,2585,371,,8,,2,1,1,1,0,0,1
3311,2585,372,,8,,2,1,1,1,0,0,1
3312,2585,373,,8,,2,1,1,1,0,0,1
3313,2585,374,,8,,2,1,1,1,0,0,1
3314,2585,375,,8,,2,1,1,1,0,0,1
3315,2585,376,,8,,2,1,1,1,0,0,1
3316,2585,377,,8,,2,1,1,1,0,0,1
3317,2585,378,,8,,2,1,1,1,0,0,1
3318,2585,379,,8,,2,1,1,1,0,0,1
3319,2585,380,,8,,2,1,1,1,0,0,1
3320,2585,381,,8,,2,1,1,1,0,0,1
3321,2585,382,,8,,2,1,1,1,0,0,1
3322,2585,383,,8,,2,1,1,1,0,0,1
3323,2585,384,,8,,2,1,1,1,0,0,1
3324,2585,385,,8,,2,1,1,1,0,0,1
3325,2585,386,,8,,2,1,1,1,0,0,1
3326,2585,387,,8,,2,1,1,1,0,0,1
3327,2585,388,,8,,2,1,1,1,0,0,1
3328,2585,389,,8,,2,1,1,1,0,0,1
3329,2585,390,,8,,2,1,1,1,0,0,1
3330,2585,391,,8,,2,1,1,1,0,0,1
3331,2585,392,,8,,2,1,1,1,0,0,1
3332,2585,393,,8,,2,1,1,1,0,0,1
3333,2585,395,,8,,2,1,1,1,0,0,1
3334,2585,396,,8,,2,1,1,1,0,0,1
3335,2585,397,,8,,2,1,1,1,0,0,1
3336,2585,398,,8,,2,1,1,1,0,0,1
3337,2585,399,,8,,2,1,1,1,0,0,1
3338,2585,400,,8,,2,1,1,1,0,0,1
3339,2585,401,,8,,2,1,1,1,0,0,1
3340,2585,402,,8,,2,1,1,1,0,0,1
3341,2585,403,,8,,2,1,1,1,0,0,1
3342,2585,900,,8,,2,1,1,1,0,0,1
3343,2585,875,,8,,2,1,1,1,0,0,1
3344,2585,410,,8,,2,1,1,1,0,0,1
3345,2585,413,,8,,2,1,1,1,0,0,1
3346,2585,1510,,8,,2,1,1,1,0,0,1
3347,2585,416,,8,,2,1,1,1,0,0,1
3348,2585,2338,,8,,2,1,1,1,0,0,1
3349,2585,2340,,8,,2,1,1,1,0,0,1
3350,2585,2342,,8,,2,1,1,1,0,0,1
3351,2585,1409,,8,,2,1,1,1,0,0,1
3352,2585,417,,8,,2,1,1,1,0,0,1
3353,2585,1500,,8,,2,1,1,1,0,0,1
3354,2585,1503,,8,,2,1,1,1,0,0,1
3355,2585,877,,8,,2,1,1,1,0,0,1
3356,2585,2339,,8,,2,1,1,1,0,0,1
3357,2585,432,,8,,2,1,1,1,0,0,1
3358,2585,2341,,8,,2,1,1,1,0,0,1
3359,2585,433,,8,,2,1,1,1,0,0,1
3360,2585,434,,8,,2,1,1,1,0,0,1
3361,2585,435,,8,,2,1,1,1,0,0,1
3362,2585,436,,8,,2,1,1,1,0,0,1
3363,2585,437,,8,,2,1,1,1,0,0,1
3364,2585,438,,8,,2,1,1,1,0,0,1
3365,2585,439,,8,,2,1,1,1,0,0,1
3366,2585,441,,8,,2,1,1,1,0,0,1
3367,2585,442,,8,,2,1,1,1,0,0,1
3368,2585,443,,8,,2,1,1,1,0,0,1
3369,2585,1001,,8,,2,1,1,1,0,0,1
3370,2585,880,,8,,2,1,1,1,0,0,1
3371,2585,878,,8,,2,1,1,1,0,0,1
3372,2585,481,,8,,2,1,1,1,0,0,1
3373,2585,482,,8,,2,1,1,1,0,0,1
3374,2585,483,,8,,2,1,1,1,0,0,1
3375,2585,1411,,8,,2,1,1,1,0,0,1
3376,2585,902,,8,,2,1,1,1,0,0,1
3377,2585,879,,8,,2,1,1,1,0,0,1
3378,2585,882,,8,,2,1,1,1,0,0,1
3379,2585,507,,8,,2,1,1,1,0,0,1
3380,2585,508,,8,,2,1,1,1,0,0,1
3381,2585,509,,8,,2,1,1,1,0,0,1
3382,2585,510,,8,,2,1,1,1,0,0,1
3383,2585,1233,,8,,2,1,1,1,0,0,1
3384,2585,511,,8,,2,1,1,1,0,0,1
3385,2585,512,,8,,2,1,1,1,0,0,1
3386,2585,514,,8,,2,1,1,1,0,0,1
3387,2585,515,,8,,2,1,1,1,0,0,1
3388,2585,516,,8,,2,1,1,1,0,0,1
3390,2585,518,,8,,2,1,1,1,0,0,1
3391,2585,903,,8,,2,1,1,1,0,0,1
3392,2585,519,,8,,2,1,1,1,0,0,1
3393,2585,520,,8,,2,1,1,1,0,0,1
3394,2585,523,,8,,2,1,1,1,0,0,1
3395,2585,524,,8,,2,1,1,1,0,0,1
3396,2585,525,,8,,2,1,1,1,0,0,1
3397,2585,901,,8,,2,1,1,1,0,0,1
3398,2585,528,,8,,2,1,1,1,0,0,1
3399,2585,529,,8,,2,1,1,1,0,0,1
3400,2585,530,,8,,2,1,1,1,0,0,1
3401,2585,531,,8,,2,1,1,1,0,0,1
3402,2585,845,,8,,2,1,1,1,0,0,1
3403,2585,921,,8,,2,1,1,1,0,0,1
3404,2585,532,,8,,2,1,1,1,0,0,1
3405,2585,533,,8,,2,1,1,1,0,0,1
3406,2585,885,,8,,2,1,1,1,0,0,1
3407,2585,535,,8,,2,1,1,1,0,0,1
3408,2585,537,,8,,2,1,1,1,0,0,1
3409,2585,919,,8,,2,1,1,1,0,0,1
3410,2585,883,,8,,2,1,1,1,0,0,1
3411,2585,572,,8,,2,1,1,1,0,0,1
3412,2585,613,,8,,2,1,1,1,0,0,1
3413,2585,614,,8,,2,1,1,1,0,0,1
3414,2585,658,,8,,2,1,1,1,0,0,1
3415,2585,659,,8,,2,1,1,1,0,0,1
3416,2585,660,,8,,2,1,1,1,0,0,1
3417,2585,661,,8,,2,1,1,1,0,0,1
3418,2585,662,,8,,2,1,1,1,0,0,1
3419,2585,663,,8,,2,1,1,1,0,0,1
3420,2585,664,,8,,2,1,1,1,0,0,1
3421,2585,668,,8,,2,1,1,1,0,0,1
3422,2585,1507,,8,,2,1,1,1,0,0,1
3423,2585,670,,8,,2,1,1,1,0,0,1
3424,2585,671,,8,,2,1,1,1,0,0,1
3425,2585,672,,8,,2,1,1,1,0,0,1
3426,2585,1506,,8,,2,1,1,1,0,0,1
3427,2585,673,,8,,2,1,1,1,0,0,1
3428,2585,675,,8,,2,1,1,1,0,0,1
3429,2585,676,,8,,2,1,1,1,0,0,1
3430,2585,677,,8,,2,1,1,1,0,0,1
3431,2585,678,,8,,2,1,1,1,0,0,1
3432,2585,887,,8,,2,1,1,1,0,0,1
3433,2585,681,,8,,2,1,1,1,0,0,1
3434,2585,849,,8,,2,1,1,1,0,0,1
3435,2585,2346,,8,,2,1,1,1,0,0,1
3436,2585,725,,8,,2,1,1,1,0,0,1
3437,2585,726,,8,,2,1,1,1,0,0,1
3438,2585,727,,8,,2,1,1,1,0,0,1
3439,2585,2344,,8,,2,1,1,1,0,0,1
3440,2585,2345,,8,,2,1,1,1,0,0,1
3441,2585,1406,,8,,2,1,1,1,0,0,1
3442,2585,728,,8,,2,1,1,1,0,0,1
3443,2585,850,,8,,2,1,1,1,0,0,1
3444,2585,729,,8,,2,1,1,1,0,0,1
3445,2585,889,,8,,2,1,1,1,0,0,1
3446,2585,1508,,8,,2,1,1,1,0,0,1
3447,2585,731,,8,,2,1,1,1,0,0,1
3448,2585,732,,8,,2,1,1,1,0,0,1
3449,2585,733,,8,,2,1,1,1,0,0,1
3450,2585,734,,8,,2,1,1,1,0,0,1
3451,2585,735,,8,,2,1,1,1,0,0,1
3452,2585,736,,8,,2,1,1,1,0,0,1
3453,2585,737,,8,,2,1,1,1,0,0,1
3454,2585,738,,8,,2,1,1,1,0,0,1
3455,2585,739,,8,,2,1,1,1,0,0,1
3456,2585,740,,8,,2,1,1,1,0,0,1
3457,2585,743,,8,,2,1,1,1,0,0,1
3458,2585,744,,8,,2,1,1,1,0,0,1
3459,2585,745,,8,,2,1,1,1,0,0,1
3460,2585,746,,8,,2,1,1,1,0,0,1
3461,2585,758,,8,,2,1,1,1,0,0,1
3462,2585,764,,8,,2,1,1,1,0,0,1
3463,2585,766,,8,,2,1,1,1,0,0,1
3464,2585,767,,8,,2,1,1,1,0,0,1
3465,2585,768,,8,,2,1,1,1,0,0,1
3466,2585,769,,8,,2,1,1,1,0,0,1
3467,2585,770,,8,,2,1,1,1,0,0,1
3468,2585,771,,8,,2,1,1,1,0,0,1
3469,2585,772,,8,,2,1,1,1,0,0,1
3470,2585,773,,8,,2,1,1,1,0,0,1
3471,2585,774,,8,,2,1,1,1,0,0,1
3472,2585,775,,8,,2,1,1,1,0,0,1
3473,2585,776,,8,,2,1,1,1,0,0,1
3474,2585,777,,8,,2,1,1,1,0,0,1
3475,2585,778,,8,,2,1,1,1,0,0,1
3476,2585,779,,8,,2,1,1,1,0,0,1
3477,2585,780,,8,,2,1,1,1,0,0,1
3478,2585,781,,8,,2,1,1,1,0,0,1
3479,2585,782,,8,,2,1,1,1,0,0,1
3480,2585,783,,8,,2,1,1,1,0,0,1
3481,2585,785,,8,,2,1,1,1,0,0,1
3482,2585,786,,8,,2,1,1,1,0,0,1
3483,2585,787,,8,,2,1,1,1,0,0,1
3484,2585,788,,8,,2,1,1,1,0,0,1
3485,2585,789,,8,,2,1,1,1,0,0,1
3486,2585,790,,8,,2,1,1,1,0,0,1
3487,2585,792,,8,,2,1,1,1,0,0,1
3488,2585,793,,8,,2,1,1,1,0,0,1
3489,2585,794,,8,,2,1,1,1,0,0,1
3490,2585,795,,8,,2,1,1,1,0,0,1
3491,2585,796,,8,,2,1,1,1,0,0,1
3492,2585,797,,8,,2,1,1,1,0,0,1
3493,2585,798,,8,,2,1,1,1,0,0,1
3494,2585,799,,8,,2,1,1,1,0,0,1
3495,2585,800,,8,,2,1,1,1,0,0,1
3496,2585,801,,8,,2,1,1,1,0,0,1
3497,2585,803,,8,,2,1,1,1,0,0,1
3498,2585,804,,8,,2,1,1,1,0,0,1
3499,2585,805,,8,,2,1,1,1,0,0,1
3500,2585,891,,8,,2,1,1,1,0,0,1
3501,2585,851,,8,,2,1,1,1,0,0,1
3502,2585,1511,,8,,2,1,1,1,0,0,1
3503,2585,893,,8,,2,1,1,1,0,0,1
3504,2585,818,,8,,2,1,1,1,0,0,1
3505,2585,894,,8,,2,1,1,1,0,0,1
3506,2585,895,,8,,2,1,1,1,0,0,1
3507,2586,908,,8,,2,1,1,1,0,0,1
3508,2586,3,,8,,2,1,1,1,0,0,1
3509,2586,920,,8,,2,1,1,1,0,0,1
3510,2586,854,,8,,2,1,1,1,0,0,1
3511,2586,139,,8,,2,1,1,1,0,0,1
3512,2586,146,,8,,2,1,1,1,0,0,1
3513,2586,148,,8,,2,1,1,1,0,0,1
3514,2586,859,,8,,2,1,1,1,0,0,1
3515,2586,180,,8,,2,1,1,1,0,0,1
3516,2586,860,,8,,2,1,1,1,0,0,1
3517,2586,863,,8,,2,1,1,1,0,0,1
3518,2586,864,,8,,2,1,1,1,0,0,1
3519,2586,306,,8,,2,1,1,1,0,0,1
3520,2586,309,,8,,2,1,1,1,0,0,1
3521,2586,314,,8,,2,1,1,1,0,0,1
3522,2586,315,,8,,2,1,1,1,0,0,1
3523,2586,316,,8,,2,1,1,1,0,0,1
3524,2586,318,,8,,2,1,1,1,0,0,1
3525,2586,319,,8,,2,1,1,1,0,0,1
3526,2586,320,,8,,2,1,1,1,0,0,1
3527,2586,321,,8,,2,1,1,1,0,0,1
3528,2586,324,,8,,2,1,1,1,0,0,1
3529,2586,866,,8,,2,1,1,1,0,0,1
3530,2586,329,,8,,2,1,1,1,0,0,1
3531,2586,331,,8,,2,1,1,1,0,0,1
3532,2586,1441,,8,,2,1,1,1,0,0,1
3533,2586,358,,8,,2,1,1,1,0,0,1
3534,2586,359,,8,,2,1,1,1,0,0,1
3535,2586,360,,8,,2,1,1,1,0,0,1
3536,2586,362,,8,,2,1,1,1,0,0,1
3537,2586,364,,8,,2,1,1,1,0,0,1
3538,2586,872,,8,,2,1,1,1,0,0,1
3539,2586,403,,8,,2,1,1,1,0,0,1
3540,2586,875,,8,,2,1,1,1,0,0,1
3541,2586,410,,8,,2,1,1,1,0,0,1
3542,2586,416,,8,,2,1,1,1,0,0,1
3543,2586,1500,,8,,2,1,1,1,0,0,1
3544,2586,877,,8,,2,1,1,1,0,0,1
3545,2586,432,,8,,2,1,1,1,0,0,1
3546,2586,435,,8,,2,1,1,1,0,0,1
3547,2586,439,,8,,2,1,1,1,0,0,1
3548,2586,441,,8,,2,1,1,1,0,0,1
3549,2586,443,,8,,2,1,1,1,0,0,1
3550,2586,481,,8,,2,1,1,1,0,0,1
3551,2586,483,,8,,2,1,1,1,0,0,1
3552,2586,1411,,8,,2,1,1,1,0,0,1
3553,2586,882,,8,,2,1,1,1,0,0,1
3554,2586,508,,8,,2,1,1,1,0,0,1
3555,2586,509,,8,,2,1,1,1,0,0,1
3556,2586,510,,8,,2,1,1,1,0,0,1
3557,2586,512,,8,,2,1,1,1,0,0,1
3558,2586,523,,8,,2,1,1,1,0,0,1
3559,2586,884,,8,,2,1,1,1,0,0,1
3560,2586,530,,8,,2,1,1,1,0,0,1
3561,2586,533,,8,,2,1,1,1,0,0,1
3562,2586,885,,8,,2,1,1,1,0,0,1
3563,2586,886,,8,,2,1,1,1,0,0,1
3564,2586,659,,8,,2,1,1,1,0,0,1
3565,2586,662,,8,,2,1,1,1,0,0,1
3566,2586,672,,8,,2,1,1,1,0,0,1
3567,2586,675,,8,,2,1,1,1,0,0,1
3568,2586,676,,8,,2,1,1,1,0,0,1
3569,2586,677,,8,,2,1,1,1,0,0,1
3570,2586,725,,8,,2,1,1,1,0,0,1
3571,2586,1406,,8,,2,1,1,1,0,0,1
3572,2586,889,,8,,2,1,1,1,0,0,1
3573,2586,851,,8,,2,1,1,1,0,0,1
3574,2586,894,,8,,2,1,1,1,0,0,1
3575,2523,69,,7,invasiveness based on threat (CBD),1,1,1,1,0,0,0
3576,2523,1889,,7,invasiveness based on threat (CBD),1,1,1,1,0,0,0
3577,2523,1887,,7,invasiveness based on threat (CBD),1,1,1,1,0,0,0
3578,2523,922,,7,invasiveness based on threat (CBD),1,1,1,1,0,0,0
3579,2523,859,,7,invasiveness based on threat (CBD),1,1,1,1,0,0,0
3580,2523,184,,7,invasiveness based on threat (CBD),1,1,1,1,0,0,0
3581,2523,196,,7,invasiveness based on threat (CBD),1,1,1,1,0,0,0
3582,2523,1500,,7,invasiveness based on threat (CBD),1,1,1,1,0,0,0
3583,2523,432,,7,invasiveness based on threat (CBD),1,1,1,1,0,0,0
3584,2523,1411,,7,invasiveness based on threat (CBD),1,1,1,1,0,0,0
3585,2523,523,,7,invasiveness based on threat (CBD),1,1,1,1,0,0,0
3586,2523,525,,7,invasiveness based on threat (CBD),1,1,1,1,0,0,0
3587,2523,529,,7,invasiveness based on threat (CBD),1,1,1,1,0,0,0
3588,2523,531,,7,invasiveness based on threat (CBD),1,1,1,1,0,0,0
3589,2523,727,,7,invasiveness based on threat (CBD),1,1,1,1,0,0,0
3590,2523,739,,7,invasiveness based on threat (CBD),1,1,1,1,0,0,0
3591,2523,740,,7,invasiveness based on threat (CBD),1,1,1,1,0,0,0
3592,2523,744,,7,invasiveness based on threat (CBD),1,1,1,1,0,0,0
3593,2523,745,,7,invasiveness based on threat (CBD),1,1,1,1,0,0,0
3594,2523,746,,7,invasiveness based on threat (CBD),1,1,1,1,0,0,0
3595,2523,764,,7,invasiveness based on threat (CBD),1,1,1,1,0,0,0
3596,2523,766,,7,invasiveness based on threat (CBD),1,1,1,1,0,0,0
3597,2523,767,,7,invasiveness based on threat (CBD),1,1,1,1,0,0,0
3598,2523,769,,7,invasiveness based on threat (CBD),1,1,1,1,0,0,0
3599,2523,770,,7,invasiveness based on threat (CBD),1,1,1,1,0,0,0
3600,2523,771,,7,invasiveness based on threat (CBD),1,1,1,1,0,0,0
3601,2523,772,,7,invasiveness based on threat (CBD),1,1,1,1,0,0,0
3602,2523,773,,7,invasiveness based on threat (CBD),1,1,1,1,0,0,0
3603,2523,774,,7,invasiveness based on threat (CBD),1,1,1,1,0,0,0
3604,2523,775,,7,invasiveness based on threat (CBD),1,1,1,1,0,0,0
3605,2523,776,,7,invasiveness based on threat (CBD),1,1,1,1,0,0,0
3606,2523,777,,7,invasiveness based on threat (CBD),1,1,1,1,0,0,0
3607,2523,778,,7,invasiveness based on threat (CBD),1,1,1,1,0,0,0
3608,2523,779,,7,invasiveness based on threat (CBD),1,1,1,1,0,0,0
3609,2523,780,,7,invasiveness based on threat (CBD),1,1,1,1,0,0,0
3610,2523,781,,7,invasiveness based on threat (CBD),1,1,1,1,0,0,0
3611,2523,782,,7,invasiveness based on threat (CBD),1,1,1,1,0,0,0
3612,2523,783,,7,invasiveness based on threat (CBD),1,1,1,1,0,0,0
3613,2523,785,,7,invasiveness based on threat (CBD),1,1,1,1,0,0,0
3614,2523,786,,7,invasiveness based on threat (CBD),1,1,1,1,0,0,0
3615,2523,787,,7,invasiveness based on threat (CBD),1,1,1,1,0,0,0
3616,2523,788,,7,invasiveness based on threat (CBD),1,1,1,1,0,0,0
3617,2523,789,,7,invasiveness based on threat (CBD),1,1,1,1,0,0,0
3618,2523,790,,7,invasiveness based on threat (CBD),1,1,1,1,0,0,0
3619,2523,792,,7,invasiveness based on threat (CBD),1,1,1,1,0,0,0
3620,2523,793,,7,invasiveness based on threat (CBD),1,1,1,1,0,0,0
3621,2523,794,,7,invasiveness based on threat (CBD),1,1,1,1,0,0,0
3622,2523,795,,7,invasiveness based on threat (CBD),1,1,1,1,0,0,0
3623,2523,796,,7,invasiveness based on threat (CBD),1,1,1,1,0,0,0
3624,2523,797,,7,invasiveness based on threat (CBD),1,1,1,1,0,0,0
3625,2523,798,,7,invasiveness based on threat (CBD),1,1,1,1,0,0,0
3626,2523,799,,7,invasiveness based on threat (CBD),1,1,1,1,0,0,0
3627,2523,801,,7,invasiveness based on threat (CBD),1,1,1,1,0,0,0
3628,2523,803,,7,invasiveness based on threat (CBD),1,1,1,1,0,0,0
3629,2523,804,,7,invasiveness based on threat (CBD),1,1,1,1,0,0,0
3630,2523,805,,7,invasiveness based on threat (CBD),1,1,1,1,0,0,0
3631,2523,851,,7,invasiveness based on threat (CBD),1,1,1,1,0,0,0
3632,2523,894,,7,invasiveness based on threat (CBD),1,1,1,1,0,0,0
3644,2588,140,,8,,2,1,1,1,0,0,1
3645,2588,287,,8,,2,1,1,1,0,0,1
3646,2588,444,,8,,2,1,1,1,0,0,1
3647,2588,482,,8,,2,1,1,1,0,0,1
3648,2588,515,,8,,2,1,1,1,0,0,1
3649,2588,661,,8,,2,1,1,1,0,0,1
3650,2589,441,Latvia,1,,1,1,1,1,0,0,1
3651,2590,329,"Tallinn, Estonia",1,,1,1,1,0,0,0,1
3652,2591,418,Kyrgyzstan,1,,1,1,1,0,1,0,1
3653,2594,1412,Pannonian region of Serbia; Province of Vojvodina,1,"source states that it only includes invasive taxa, but these include casual as well as naturalized taxa",1,1,1,0,1,0,0
3654,2597,441,Daugavpils City,1,status received from author via email; the term 'invasive' is used as a synonym for 'alien' in this paper,1,1,1,0,1,0,0
3655,2599,908,global,6,,1,1,1,0,1,0,1
3656,2599,2,global,6,,1,1,1,0,1,0,1
3657,2599,1888,global,6,,1,1,1,0,1,0,1
3658,2599,69,global,6,,1,1,1,0,1,0,1
3659,2599,1889,global,6,,1,1,1,0,1,0,1
3660,2599,2343,global,6,,1,1,1,0,1,0,1
3661,2599,107,global,6,,1,1,1,0,1,0,1
3662,2599,1887,global,6,,1,1,1,0,1,0,1
3663,2599,140,global,6,,1,1,1,0,1,0,1
3664,2599,144,global,6,,1,1,1,0,1,0,1
3665,2599,922,global,6,,1,1,1,0,1,0,1
3666,2599,146,global,6,,1,1,1,0,1,0,1
3667,2599,149,global,6,,1,1,1,0,1,0,1
3668,2599,150,global,6,,1,1,1,0,1,0,1
3669,2599,1978,global,6,,1,1,1,0,1,0,1
3670,2599,182,global,6,,1,1,1,0,1,0,1
3672,2599,861,global,6,,1,1,1,0,1,0,1
3673,2599,200,global,6,,1,1,1,0,1,0,1
3674,2599,1252,global,6,,1,1,1,0,1,0,1
3675,2599,1234,global,6,,1,1,1,0,1,0,1
3676,2599,273,global,6,,1,1,1,0,1,0,1
3677,2599,287,global,6,,1,1,1,0,1,0,1
3678,2599,288,global,6,,1,1,1,0,1,0,1
3679,2599,289,global,6,,1,1,1,0,1,0,1
3680,2599,306,global,6,,1,1,1,0,1,0,1
3681,2599,1450,global,6,,1,1,1,0,1,0,1
3682,2599,308,global,6,,1,1,1,0,1,0,1
3683,2599,309,global,6,,1,1,1,0,1,0,1
3684,2599,310,global,6,,1,1,1,0,1,0,1
3685,2599,312,global,6,,1,1,1,0,1,0,1
3686,2599,313,global,6,,1,1,1,0,1,0,1
3687,2599,314,global,6,,1,1,1,0,1,0,1
3688,2599,320,global,6,,1,1,1,0,1,0,1
3689,2599,321,global,6,,1,1,1,0,1,0,1
3690,2599,322,global,6,,1,1,1,0,1,0,1
3691,2599,993,global,6,,1,1,1,0,1,0,1
3692,2599,326,global,6,,1,1,1,0,1,0,1
3693,2599,327,global,6,,1,1,1,0,1,0,1
3694,2599,330,global,6,,1,1,1,0,1,0,1
3695,2599,867,global,6,,1,1,1,0,1,0,1
3696,2599,339,global,6,,1,1,1,0,1,0,1
3697,2599,925,global,6,,1,1,1,0,1,0,1
3698,2599,343,global,6,,1,1,1,0,1,0,1
3699,2599,994,global,6,,1,1,1,0,1,0,1
3700,2599,350,global,6,,1,1,1,0,1,0,1
3701,2599,351,global,6,,1,1,1,0,1,0,1
3702,2599,870,global,6,,1,1,1,0,1,0,1
3703,2599,360,global,6,,1,1,1,0,1,0,1
3704,2599,362,global,6,,1,1,1,0,1,0,1
3705,2599,2337,global,6,,1,1,1,0,1,0,1
3706,2599,872,global,6,,1,1,1,0,1,0,1
3707,2599,1874,global,6,,1,1,1,0,1,0,1
3708,2599,1985,global,6,,1,1,1,0,1,0,1
3709,2599,1984,global,6,,1,1,1,0,1,0,1
3710,2599,1977,global,6,,1,1,1,0,1,0,1
3711,2599,386,global,6,,1,1,1,0,1,0,1
3712,2599,874,global,6,,1,1,1,0,1,0,1
3713,2599,412,global,6,,1,1,1,0,1,0,1
3714,2599,414,global,6,,1,1,1,0,1,0,1
3715,2599,417,global,6,,1,1,1,0,1,0,1
3716,2599,1500,global,6,,1,1,1,0,1,0,1
3717,2599,432,global,6,,1,1,1,0,1,0,1
3718,2599,433,global,6,,1,1,1,0,1,0,1
3719,2599,434,global,6,,1,1,1,0,1,0,1
3720,2599,437,global,6,,1,1,1,0,1,0,1
3721,2599,444,global,6,,1,1,1,0,1,0,1
3722,2599,1001,global,6,,1,1,1,0,1,0,1
3723,2599,878,global,6,,1,1,1,0,1,0,1
3724,2599,482,global,6,,1,1,1,0,1,0,1
3725,2599,1411,global,6,,1,1,1,0,1,0,1
3726,2599,882,global,6,,1,1,1,0,1,0,1
3727,2599,507,global,6,,1,1,1,0,1,0,1
3728,2599,1413,global,6,,1,1,1,0,1,0,1
3729,2599,514,global,6,,1,1,1,0,1,0,1
3731,2599,1986,global,6,,1,1,1,0,1,0,1
3732,2599,518,global,6,,1,1,1,0,1,0,1
3733,2599,903,global,6,,1,1,1,0,1,0,1
3734,2599,523,global,6,,1,1,1,0,1,0,1
3735,2599,524,global,6,,1,1,1,0,1,0,1
3736,2599,1256,global,6,,1,1,1,0,1,0,1
3737,2599,529,global,6,,1,1,1,0,1,0,1
3738,2599,1988,global,6,,1,1,1,0,1,0,1
3739,2599,533,global,6,,1,1,1,0,1,0,1
3740,2599,535,global,6,,1,1,1,0,1,0,1
3741,2599,538,global,6,,1,1,1,0,1,0,1
3742,2599,919,global,6,,1,1,1,0,1,0,1
3743,2599,1414,global,6,,1,1,1,0,1,0,1
3744,2599,1416,global,6,,1,1,1,0,1,0,1
3745,2599,1417,global,6,,1,1,1,0,1,0,1
3746,2599,1418,global,6,,1,1,1,0,1,0,1
3747,2599,660,global,6,,1,1,1,0,1,0,1
3748,2599,661,global,6,,1,1,1,0,1,0,1
3749,2599,664,global,6,,1,1,1,0,1,0,1
3750,2599,848,global,6,,1,1,1,0,1,0,1
3751,2599,671,global,6,,1,1,1,0,1,0,1
3752,2599,674,global,6,,1,1,1,0,1,0,1
3753,2599,887,global,6,,1,1,1,0,1,0,1
3754,2599,725,global,6,,1,1,1,0,1,0,1
3755,2599,726,global,6,,1,1,1,0,1,0,1
3756,2599,727,global,6,,1,1,1,0,1,0,1
3757,2599,728,global,6,,1,1,1,0,1,0,1
3758,2599,850,global,6,,1,1,1,0,1,0,1
3759,2599,729,global,6,,1,1,1,0,1,0,1
3760,2599,1508,global,6,,1,1,1,0,1,0,1
3761,2599,731,global,6,,1,1,1,0,1,0,1
3762,2599,732,global,6,,1,1,1,0,1,0,1
3763,2599,737,global,6,,1,1,1,0,1,0,1
3764,2599,739,global,6,,1,1,1,0,1,0,1
3765,2599,740,global,6,,1,1,1,0,1,0,1
3766,2599,745,global,6,,1,1,1,0,1,0,1
3767,2599,746,global,6,,1,1,1,0,1,0,1
3768,2599,771,global,6,,1,1,1,0,1,0,1
3769,2599,780,global,6,,1,1,1,0,1,0,1
3770,2599,787,global,6,,1,1,1,0,1,0,1
3771,2599,794,global,6,,1,1,1,0,1,0,1
3772,2599,797,global,6,,1,1,1,0,1,0,1
3773,2599,808,global,6,,1,1,1,0,1,0,1
3774,2599,851,global,6,,1,1,1,0,1,0,1
3775,2599,1511,global,6,,1,1,1,0,1,0,1
3776,2599,1431,global,6,,1,1,1,0,1,0,1
3777,2599,822,global,6,,1,1,1,0,1,0,1
3778,2600,525,"New Zealand political region (including the Chatham, Kermadec, an",1,,1,3,0,0,0,0,0
3779,2601,1,18 island groups across the Caribbean,2,,1,1,1,1,0,0,1
3780,2601,3,18 island groups across the Caribbean,2,,1,1,1,1,0,0,1
3781,2601,141,18 island groups across the Caribbean,2,,1,1,1,1,0,0,1
3782,2601,142,18 island groups across the Caribbean,2,,1,1,1,1,0,0,1
3783,2601,143,18 island groups across the Caribbean,2,,1,1,1,1,0,0,1
3784,2601,146,18 island groups across the Caribbean,2,,1,1,1,1,0,0,1
3785,2601,147,18 island groups across the Caribbean,2,,1,1,1,1,0,0,1
3786,2601,310,18 island groups across the Caribbean,2,,1,1,1,1,0,0,1
3787,2601,311,18 island groups across the Caribbean,2,,1,1,1,1,0,0,1
3788,2601,320,18 island groups across the Caribbean,2,,1,1,1,1,0,0,1
3789,2601,869,18 island groups across the Caribbean,2,,1,1,1,1,0,0,1
3790,2601,414,18 island groups across the Caribbean,2,,1,1,1,1,0,0,1
3791,2601,435,18 island groups across the Caribbean,2,,1,1,1,1,0,0,1
3792,2601,509,18 island groups across the Caribbean,2,,1,1,1,1,0,0,1
3793,2601,533,18 island groups across the Caribbean,2,,1,1,1,1,0,0,1
3794,2601,679,18 island groups across the Caribbean,2,,1,1,1,1,0,0,1
3795,2601,850,18 island groups across the Caribbean,2,,1,1,1,1,0,0,1
3796,2601,1864,18 island groups across the Caribbean,2,,1,1,1,1,0,0,1
4043,2603,431,Korea,1,'invasive' seemingly synonymous to 'introduced' and growing in natural habitats (includes casuals); arhceophytes introduced before opening of ports in 1876,1,3,2,0,1,1,0
4044,2605,324,Egypt,1,invasive status based on spread,1,2,2,0,1,0,1
4045,2606,316,Pforzheim,6,,1,1,1,0,0,0,0
4046,2606,1285,Pforzheim,6,,1,1,1,0,0,0,0
4051,2608,528,Oman,1,,1,3,2,0,1,0,1
4052,2608,2348,Oman,1,,1,3,2,0,1,0,1
4053,2608,2347,Oman,1,,1,3,2,0,1,0,1
4054,2608,2349,Oman,1,,1,3,2,0,1,0,1
4055,2609,910,Oberösterreich,1,,1,1,1,0,1,0,0
4056,2609,915,Oberösterreich,1,,1,1,1,0,1,0,0
4057,2609,912,Oberösterreich,1,,1,1,1,0,1,0,0
4058,2609,916,Oberösterreich,1,,1,1,1,0,1,0,0
4059,2609,914,Oberösterreich,1,,1,1,1,0,1,0,0
4060,2609,917,Oberösterreich,1,,1,1,1,0,1,0,0
4061,2609,913,Oberösterreich,1,,1,1,1,0,1,0,0
4062,2609,911,Oberösterreich,1,,1,1,1,0,1,0,0
4063,2609,918,Oberösterreich,1,,1,1,1,0,1,0,0
4064,2610,992,Portugal,1,,1,1,1,1,0,0,1
4065,2610,990,Portugal,1,,1,1,1,1,0,0,1
4066,2610,991,Portugal,1,,1,1,1,1,0,0,1
4067,2610,987,Portugal,1,,1,1,1,1,0,0,1
4068,2610,988,Portugal,1,,1,1,1,1,0,0,1
4069,2610,984,Portugal,1,,1,1,1,1,0,0,1
4070,2610,985,Portugal,1,,1,1,1,1,0,0,1
4071,2610,989,Portugal,1,,1,1,1,1,0,0,1
4072,2610,986,Portugal,1,,1,1,1,1,0,0,1
4073,2610,536,Portugal,1,,1,1,1,1,0,0,1
4074,2610,537,Portugal,1,,1,1,1,1,0,0,1
4075,2610,538,Portugal,1,,1,1,1,1,0,0,1
4076,2610,539,Portugal,1,,1,1,1,1,0,0,1
4077,2612,290,Congo,7,,2,1,1,1,0,0,1
4078,2613,330,Ethiopia,7,,2,1,1,1,0,0,1
4079,2614,261,Shanghai,8,,2,2,2,1,0,0,1
4081,2611,538,continental Portugal,1,,1,1,1,0,1,0,1
4082,2615,2350,"Área Natural Protegida El Espino – Bosque Los Pericos, Parque del",1,for 3 taxa included as 'alien' it is not clear if they are cultivated in gardens or have escaped,1,1,1,0,0,1,1
4083,2616,328,Iberian Peninsula,8,,1,1,1,1,0,0,1
4084,2616,538,Iberian Peninsula,8,,1,1,1,1,0,0,1
4085,2369,922,South-Southeast Asia,8,reports for some regions include non-invasive naturalized species,1,1,1,1,0,0,1
4086,2369,368,South-Southeast Asia,8,reports for some regions include non-invasive naturalized species,1,1,1,1,0,0,1
4087,2369,432,South-Southeast Asia,8,reports for some regions include non-invasive naturalized species,1,1,1,1,0,0,1
4088,2369,437,South-Southeast Asia,8,reports for some regions include non-invasive naturalized species,1,1,1,1,0,0,1
4089,2369,1001,South-Southeast Asia,8,reports for some regions include non-invasive naturalized species,1,1,1,1,0,0,1
4090,2369,881,South-Southeast Asia,8,reports for some regions include non-invasive naturalized species,1,1,1,1,0,0,1
4091,2369,523,South-Southeast Asia,8,reports for some regions include non-invasive naturalized species,1,1,1,1,0,0,1
4092,2369,844,South-Southeast Asia,8,reports for some regions include non-invasive naturalized species,1,1,1,1,0,0,1
4093,2369,531,South-Southeast Asia,8,reports for some regions include non-invasive naturalized species,1,1,1,1,0,0,1
4094,2369,662,South-Southeast Asia,8,reports for some regions include non-invasive naturalized species,1,1,1,1,0,0,1
4095,2369,727,South-Southeast Asia,8,reports for some regions include non-invasive naturalized species,1,1,1,1,0,0,1
4096,2369,851,South-Southeast Asia,8,reports for some regions include non-invasive naturalized species,1,1,1,1,0,0,1
4097,2617,873,India,1,,1,2,2,0,1,0,1
4099,2619,437,Bundala National Park [Sri Lanka],8,,2,1,1,1,0,0,1
4100,2620,1506,southern Srem [Serbia],7,,1,1,1,0,0,0,1
4101,2621,2352,"Kosrae, Federated States of Micronesia (FSM)",3,invasive species and weeds; weeds were entered with status 'alien',1,2,2,0,0,0,1
4102,2622,368,Indonesia,7,,1,1,1,1,0,0,1
4103,2622,1983,Indonesia,7,,1,1,1,1,0,0,1
4104,2622,1874,Indonesia,7,,1,1,1,1,0,0,1
4105,2622,1981,Indonesia,7,,1,1,1,1,0,0,1
4106,2622,1982,Indonesia,7,,1,1,1,1,0,0,1
4107,2622,1987,Indonesia,7,,1,1,1,1,0,0,1
4108,2622,1984,Indonesia,7,,1,1,1,1,0,0,1
4109,2622,1977,Indonesia,7,,1,1,1,1,0,0,1
4110,2623,881,Malaysia,6,,1,1,1,1,0,0,1
4111,2624,367,Hungary,8,,1,1,1,0,1,0,1
4112,2629,289,DR Congo,2, ,1,3,1,0,,,0
4113,2631,149,Belize,2, ,1,3,1,0,,,0
4114,2631,309,Costa Rica,2, ,1,3,1,0,,,0
4115,2631,518,Nicaragua,2, ,1,3,1,0,,,0
4116,2631,529,Panama,2, ,1,3,1,0,,,0
4117,2631,1509,Guatemala,2, ,1,3,1,0,,,0
4118,2631,2337,Honduras,2, ,1,3,1,0,,,0
4119,2631,2350,El Salvador,2, ,1,3,1,0,,,0
4120,2632,367,Hungary,2, ,1,2,2,0,,,0
4121,2633,900,Iran,1, ,1,2,2,0,,,1
4122,2634,1116,Columbia,1, ,0,2,2,0,,,1
4123,2636,1395,Calabria,1, ,1,3,1,0,,,1
4124,2637,315,Czech Republic,1, ,1,3,0,0,,,1
4125,2638,517,Nigeria,1, ,1,3,0,0,,,1
4127,2640,416,Japan,1,,1,2,1,0,,,0
4128,2641,2353,Biskaia,1,,1,3,1,0,,,1
4129,2642,2354,Chechnen Republic,1,,1,3,1,0,,,1
4130,2643,858,Australia,1,status is for national level. status by region available,1,3,2,0,,,1
4131,2644,2355,Crimea,1,list may include invasives but they are not identified,1,2,1,0,,,0
4132,2645,4,Albania,1, ,1,3,1,0,,,0
4133,2647,442,Albania,1, ,1,3,0,0,,1,0
4134,2648,2334,Azerbaijan,1, ,1,3,1,0,,0,1
4135,2649,254,Beijing,1, ,1,3,1,0,,,0
4136,2649,255,Tianjin,1, ,1,3,1,0,,,0
4137,2649,256,Hebei,1, ,1,3,1,0,,,0
4138,2649,257,Shanxi,1, ,1,3,1,0,,,0
4139,2649,258,Liaoning,1, ,1,3,1,0,,,0
4140,2649,259,Jilin,1, ,1,3,1,0,,,0
4141,2649,260,Heilongjiang,1, ,1,3,1,0,,,0
4142,2649,261,Shanghai,1, ,1,3,1,0,,,0
4143,2649,262,Jiangsu,1, ,1,3,1,0,,,0
4144,2649,263,Zhejiang,1, ,1,3,1,0,,,0
4145,2649,264,Anhui,1, ,1,3,1,0,,,0
4146,2649,265,Fujian,1, ,1,3,1,0,,,0
4147,2649,266,Jiangxi,1, ,1,3,1,0,,,0
4148,2649,267,Shandong,1, ,1,3,1,0,,,0
4149,2649,268,Henan,1, ,1,3,1,0,,,0
4150,2649,269,Hubei,1, ,1,3,1,0,,,0
4151,2649,270,Hunan,1, ,1,3,1,0,,,0
4152,2649,271,Guangdong,1, ,1,3,1,0,,,0
4153,2649,272,Guangxi,1, ,1,3,1,0,,,0
4154,2649,273,Hainan,1, ,1,3,1,0,,,0
4155,2649,274,Chongqing,1, ,1,3,1,0,,,0
4156,2649,275,Sichuan,1, ,1,3,1,0,,,0
4157,2649,276,Guizhou,1, ,1,3,1,0,,,0
4158,2649,277,Yunnan,1, ,1,3,1,0,,,0
4159,2649,278,Nei Mongol,1, ,1,3,1,0,,,0
4160,2649,279,Shaanxi,1, ,1,3,1,0,,,0
4161,2649,280,Gansu,1, ,1,3,1,0,,,0
4162,2649,281,Qinghai,1, ,1,3,1,0,,,0
4163,2649,282,Ningxia Hui,1, ,1,3,1,0,,,0
4164,2649,283,Hongkong,1, ,1,3,1,0,,,0
4165,2649,284,Macau,1, ,1,3,1,0,,,0
4166,2649,285,Xinjiang Uygur,1, ,1,3,1,0,,,0
4167,2649,286,Xizang,1, ,1,3,1,0,,,0
4168,2649,731,Taiwan,1, ,1,3,1,0,,,0
4199,2650,4,Albania,1,Status for species is only provided when considered invasive. List may contain cultivated and casual species in addition to naturalized per Shyama Pagad.,0,1,1,0,,,1
4201,2650,920,United Arab Emirates,1,Status for species is only provided when considered invasive. List may contain cultivated and casual species in addition to naturalized per Shyama Pagad.,0,1,1,0,,,1
4202,2650,856,Argentina,1,Status for species is only provided when considered invasive. List may contain cultivated and casual species in addition to naturalized per Shyama Pagad.,0,1,1,0,,,1
4203,2650,909,Armenia,1,Status for species is only provided when considered invasive. List may contain cultivated and casual species in addition to naturalized per Shyama Pagad.,0,1,1,0,,,1
4204,2650,854,Antigua and Barbuda,1,Status for species is only provided when considered invasive. List may contain cultivated and casual species in addition to naturalized per Shyama Pagad.,0,1,1,0,,,1
4205,2650,858,Australia,1,Status for species is only provided when considered invasive. List may contain cultivated and casual species in addition to naturalized per Shyama Pagad.,0,1,1,0,,,1
4206,2650,137,Austria,1,Status for species is only provided when considered invasive. List may contain cultivated and casual species in addition to naturalized per Shyama Pagad.,0,1,1,0,,,1
4207,2650,138,Burundi,1,Status for species is only provided when considered invasive. List may contain cultivated and casual species in addition to naturalized per Shyama Pagad.,0,1,1,0,,,1
4209,2650,140,Benin,1,Status for species is only provided when considered invasive. List may contain cultivated and casual species in addition to naturalized per Shyama Pagad.,0,1,1,0,,,1
4210,2650,144,Burkina Faso,1,Status for species is only provided when considered invasive. List may contain cultivated and casual species in addition to naturalized per Shyama Pagad.,0,1,1,0,,,1
4211,2650,145,Bulgaria,1,Status for species is only provided when considered invasive. List may contain cultivated and casual species in addition to naturalized per Shyama Pagad.,0,1,1,0,,,1
4212,2650,146,Bahamas,1,Status for species is only provided when considered invasive. List may contain cultivated and casual species in addition to naturalized per Shyama Pagad.,0,1,1,0,,,1
4213,2650,1498,Bosnia and Herzegovina,1,Status for species is only provided when considered invasive. List may contain cultivated and casual species in addition to naturalized per Shyama Pagad.,0,1,1,0,,,1
4214,2650,148,Belarus,1,Status for species is only provided when considered invasive. List may contain cultivated and casual species in addition to naturalized per Shyama Pagad.,0,1,1,0,,,1
4215,2650,151,Bolivia,1,Status for species is only provided when considered invasive. List may contain cultivated and casual species in addition to naturalized per Shyama Pagad.,0,1,1,0,,,1
4216,2650,859,Brazil,1,Status for species is only provided when considered invasive. List may contain cultivated and casual species in addition to naturalized per Shyama Pagad.,0,1,1,0,,,1
4217,2650,180,Barbados,1,Status for species is only provided when considered invasive. List may contain cultivated and casual species in addition to naturalized per Shyama Pagad.,0,1,1,0,,,1
4218,2650,1499,Brunei Darussalam,1,Status for species is only provided when considered invasive. List may contain cultivated and casual species in addition to naturalized per Shyama Pagad.,0,1,1,0,,,1
4219,2650,1497,Bhutan,1,Status for species is only provided when considered invasive. List may contain cultivated and casual species in addition to naturalized per Shyama Pagad.,0,1,1,0,,,1
4220,2650,181,Botswana,1,Status for species is only provided when considered invasive. List may contain cultivated and casual species in addition to naturalized per Shyama Pagad.,0,1,1,0,,,1
4221,2650,182,Central African Republic,1,Status for species is only provided when considered invasive. List may contain cultivated and casual species in addition to naturalized per Shyama Pagad.,0,1,1,0,,,1
4222,2650,860,Canada,1,Status for species is only provided when considered invasive. List may contain cultivated and casual species in addition to naturalized per Shyama Pagad.,0,1,1,0,,,1
4223,2650,200,Switzerland,1,Status for species is only provided when considered invasive. List may contain cultivated and casual species in addition to naturalized per Shyama Pagad.,0,1,1,0,,,1
4224,2650,863,Chile,1,Status for species is only provided when considered invasive. List may contain cultivated and casual species in addition to naturalized per Shyama Pagad.,0,1,1,0,,,1
4225,2650,1501,China,1,Status for species is only provided when considered invasive. List may contain cultivated and casual species in addition to naturalized per Shyama Pagad.,0,1,1,0,,,1
4226,2650,288,Cameroon,1,Status for species is only provided when considered invasive. List may contain cultivated and casual species in addition to naturalized per Shyama Pagad.,0,1,1,0,,,1
4227,2650,862,Cook Islands,1,Status for species is only provided when considered invasive. List may contain cultivated and casual species in addition to naturalized per Shyama Pagad.,0,1,1,0,,,1
4228,2650,306,Colombia,1,Status for species is only provided when considered invasive. List may contain cultivated and casual species in addition to naturalized per Shyama Pagad.,0,1,1,0,,,1
4229,2650,308,Cape Verde,1,Status for species is only provided when considered invasive. List may contain cultivated and casual species in addition to naturalized per Shyama Pagad.,0,1,1,0,,,1
4230,2650,310,Cuba,1,Status for species is only provided when considered invasive. List may contain cultivated and casual species in addition to naturalized per Shyama Pagad.,0,1,1,0,,,1
4231,2650,314,Cyprus,1,Status for species is only provided when considered invasive. List may contain cultivated and casual species in addition to naturalized per Shyama Pagad.,0,1,1,0,,,1
4232,2650,316,Germany,1,Status for species is only provided when considered invasive. List may contain cultivated and casual species in addition to naturalized per Shyama Pagad.,0,1,1,0,,,1
4233,2650,317,Djibouti,1,Status for species is only provided when considered invasive. List may contain cultivated and casual species in addition to naturalized per Shyama Pagad.,0,1,1,0,,,1
4234,2650,319,Denmark,1,Status for species is only provided when considered invasive. List may contain cultivated and casual species in addition to naturalized per Shyama Pagad.,0,1,1,0,,,1
4235,2650,321,Algeria,1,Status for species is only provided when considered invasive. List may contain cultivated and casual species in addition to naturalized per Shyama Pagad.,0,1,1,0,,,1
4236,2650,324,Egypt,1,Status for species is only provided when considered invasive. List may contain cultivated and casual species in addition to naturalized per Shyama Pagad.,0,1,1,0,,,1
4237,2650,325,Eritrea,1,Status for species is only provided when considered invasive. List may contain cultivated and casual species in addition to naturalized per Shyama Pagad.,0,1,1,0,,,1
4238,2650,330,Ethiopia,1,Status for species is only provided when considered invasive. List may contain cultivated and casual species in addition to naturalized per Shyama Pagad.,0,1,1,0,,,1
4239,2650,331,Finland,1,Status for species is only provided when considered invasive. List may contain cultivated and casual species in addition to naturalized per Shyama Pagad.,0,1,1,0,,,1
4240,2650,867,Fiji,1,Status for species is only provided when considered invasive. List may contain cultivated and casual species in addition to naturalized per Shyama Pagad.,0,1,1,0,,,1
4241,2650,343,Gabon,1,Status for species is only provided when considered invasive. List may contain cultivated and casual species in addition to naturalized per Shyama Pagad.,0,1,1,0,,,1
4242,2650,994,Gambia,1,Status for species is only provided when considered invasive. List may contain cultivated and casual species in addition to naturalized per Shyama Pagad.,0,1,1,0,,,1
4243,2650,350,Ghana,1,Status for species is only provided when considered invasive. List may contain cultivated and casual species in addition to naturalized per Shyama Pagad.,0,1,1,0,,,1
4244,2650,870,Guinea-Bissau,1,Status for species is only provided when considered invasive. List may contain cultivated and casual species in addition to naturalized per Shyama Pagad.,0,1,1,0,,,1
4245,2650,357,Greece,1,Status for species is only provided when considered invasive. List may contain cultivated and casual species in addition to naturalized per Shyama Pagad.,0,1,1,0,,,1
4246,2650,1509,Guatemala,1,Status for species is only provided when considered invasive. List may contain cultivated and casual species in addition to naturalized per Shyama Pagad.,0,1,1,0,,,1
4247,2650,362,Guyana,1,Status for species is only provided when considered invasive. List may contain cultivated and casual species in addition to naturalized per Shyama Pagad.,0,1,1,0,,,1
4248,2650,364,Croatia,1,Status for species is only provided when considered invasive. List may contain cultivated and casual species in addition to naturalized per Shyama Pagad.,0,1,1,0,,,1
4249,2650,368,Indonesia,1,Status for species is only provided when considered invasive. List may contain cultivated and casual species in addition to naturalized per Shyama Pagad.,0,1,1,0,,,1
4250,2650,873,India,1,Status for species is only provided when considered invasive. List may contain cultivated and casual species in addition to naturalized per Shyama Pagad.,0,1,1,0,,,1
4251,2650,403,Ireland,1,Status for species is only provided when considered invasive. List may contain cultivated and casual species in addition to naturalized per Shyama Pagad.,0,1,1,0,,,1
4252,2650,1502,Iraq,1,Status for species is only provided when considered invasive. List may contain cultivated and casual species in addition to naturalized per Shyama Pagad.,0,1,1,0,,,1
4254,2650,410,Israel,1,Status for species is only provided when considered invasive. List may contain cultivated and casual species in addition to naturalized per Shyama Pagad.,0,1,1,0,,,1
4255,2650,414,Jamaica,1,Status for species is only provided when considered invasive. List may contain cultivated and casual species in addition to naturalized per Shyama Pagad.,0,1,1,0,,,1
4256,2650,1510,Jordan,1,Status for species is only provided when considered invasive. List may contain cultivated and casual species in addition to naturalized per Shyama Pagad.,0,1,1,0,,,1
4257,2650,416,Japan,1,Status for species is only provided when considered invasive. List may contain cultivated and casual species in addition to naturalized per Shyama Pagad.,0,1,1,0,,,1
4258,2650,417,Kenya,1,Status for species is only provided when considered invasive. List may contain cultivated and casual species in addition to naturalized per Shyama Pagad.,0,1,1,0,,,1
4259,2650,1500,Cambodia,1,Status for species is only provided when considered invasive. List may contain cultivated and casual species in addition to naturalized per Shyama Pagad.,0,1,1,0,,,1
4260,2650,1503,Kiribati,1,Status for species is only provided when considered invasive. List may contain cultivated and casual species in addition to naturalized per Shyama Pagad.,0,1,1,0,,,1
4261,2650,432,Lao People's Democratic Republic,1,Status for species is only provided when considered invasive. List may contain cultivated and casual species in addition to naturalized per Shyama Pagad.,0,1,1,0,,,1
4262,2650,435,Saint Lucia,1,Status for species is only provided when considered invasive. List may contain cultivated and casual species in addition to naturalized per Shyama Pagad.,0,1,1,0,,,1
4263,2650,437,Sri Lanka,1,Status for species is only provided when considered invasive. List may contain cultivated and casual species in addition to naturalized per Shyama Pagad.,0,1,1,0,,,1
4264,2650,439,Lithuania,1,Status for species is only provided when considered invasive. List may contain cultivated and casual species in addition to naturalized per Shyama Pagad.,0,1,1,0,,,1
4265,2650,440,Luxembourg,1,Status for species is only provided when considered invasive. List may contain cultivated and casual species in addition to naturalized per Shyama Pagad.,0,1,1,0,,,1
4266,2650,441,Latvia,1,Status for species is only provided when considered invasive. List may contain cultivated and casual species in addition to naturalized per Shyama Pagad.,0,1,1,0,,,1
4267,2650,1001,Maldives,1,Status for species is only provided when considered invasive. List may contain cultivated and casual species in addition to naturalized per Shyama Pagad.,0,1,1,0,,,1
4268,2650,482,Mali,1,Status for species is only provided when considered invasive. List may contain cultivated and casual species in addition to naturalized per Shyama Pagad.,0,1,1,0,,,1
4269,2650,483,Malta,1,Status for species is only provided when considered invasive. List may contain cultivated and casual species in addition to naturalized per Shyama Pagad.,0,1,1,0,,,1
4270,2650,1411,Myanmar,1,Status for species is only provided when considered invasive. List may contain cultivated and casual species in addition to naturalized per Shyama Pagad.,0,1,1,0,,,1
4271,2650,1505,Montenegro,1,Status for species is only provided when considered invasive. List may contain cultivated and casual species in addition to naturalized per Shyama Pagad.,0,1,1,0,,,1
4273,2650,882,Mozambique,1,Status for species is only provided when considered invasive. List may contain cultivated and casual species in addition to naturalized per Shyama Pagad.,0,1,1,0,,,1
4274,2650,507,Mauritania,1,Status for species is only provided when considered invasive. List may contain cultivated and casual species in addition to naturalized per Shyama Pagad.,0,1,1,0,,,1
4275,2650,511,Malawi,1,Status for species is only provided when considered invasive. List may contain cultivated and casual species in addition to naturalized per Shyama Pagad.,0,1,1,0,,,1
4276,2650,515,Niger,1,Status for species is only provided when considered invasive. List may contain cultivated and casual species in addition to naturalized per Shyama Pagad.,0,1,1,0,,,1
4277,2650,517,Nigeria,1,Status for species is only provided when considered invasive. List may contain cultivated and casual species in addition to naturalized per Shyama Pagad.,0,1,1,0,,,1
4278,2650,903,Niue,1,Status for species is only provided when considered invasive. List may contain cultivated and casual species in addition to naturalized per Shyama Pagad.,0,1,1,0,,,1
4279,2650,519,Netherlands,1,Status for species is only provided when considered invasive. List may contain cultivated and casual species in addition to naturalized per Shyama Pagad.,0,1,1,0,,,1
4280,2650,523,Nepal,1,Status for species is only provided when considered invasive. List may contain cultivated and casual species in addition to naturalized per Shyama Pagad.,0,1,1,0,,,1
4281,2650,524,Nauru,1,Status for species is only provided when considered invasive. List may contain cultivated and casual species in addition to naturalized per Shyama Pagad.,0,1,1,0,,,1
4282,2650,525,New Zealand,1,Status for species is only provided when considered invasive. List may contain cultivated and casual species in addition to naturalized per Shyama Pagad.,0,1,1,0,,,1
4283,2650,844,Pakistan,1,Status for species is only provided when considered invasive. List may contain cultivated and casual species in addition to naturalized per Shyama Pagad.,0,1,1,0,,,1
4284,2650,845,Palau,1,Status for species is only provided when considered invasive. List may contain cultivated and casual species in addition to naturalized per Shyama Pagad.,0,1,1,0,,,1
4285,2650,532,Poland,1,Status for species is only provided when considered invasive. List may contain cultivated and casual species in addition to naturalized per Shyama Pagad.,0,1,1,0,,,1
4286,2650,885,Portugal,1,Status for species is only provided when considered invasive. List may contain cultivated and casual species in addition to naturalized per Shyama Pagad.,0,1,1,0,,,1
4287,2650,614,Romania,1,Status for species is only provided when considered invasive. List may contain cultivated and casual species in addition to naturalized per Shyama Pagad.,0,1,1,0,,,1
4288,2650,659,Saudi Arabia,1,Status for species is only provided when considered invasive. List may contain cultivated and casual species in addition to naturalized per Shyama Pagad.,0,1,1,0,,,1
4289,2650,661,Senegal,1,Status for species is only provided when considered invasive. List may contain cultivated and casual species in addition to naturalized per Shyama Pagad.,0,1,1,0,,,1
4290,2650,1507,Solomon Islands,1,Status for species is only provided when considered invasive. List may contain cultivated and casual species in addition to naturalized per Shyama Pagad.,0,1,1,0,,,1
4291,2650,670,Sierra Leone,1,Status for species is only provided when considered invasive. List may contain cultivated and casual species in addition to naturalized per Shyama Pagad.,0,1,1,0,,,1
4292,2650,671,Somalia,1,Status for species is only provided when considered invasive. List may contain cultivated and casual species in addition to naturalized per Shyama Pagad.,0,1,1,0,,,1
4293,2650,1506,Serbia,1,Status for species is only provided when considered invasive. List may contain cultivated and casual species in addition to naturalized per Shyama Pagad.,0,1,1,0,,,1
4295,2650,676,Slovenia,1,Status for species is only provided when considered invasive. List may contain cultivated and casual species in addition to naturalized per Shyama Pagad.,0,1,1,0,,,1
4296,2650,887,Seychelles,1,Status for species is only provided when considered invasive. List may contain cultivated and casual species in addition to naturalized per Shyama Pagad.,0,1,1,0,,,1
4298,2650,726,Togo,1,Status for species is only provided when considered invasive. List may contain cultivated and casual species in addition to naturalized per Shyama Pagad.,0,1,1,0,,,1
4299,2650,727,Thailand,1,Status for species is only provided when considered invasive. List may contain cultivated and casual species in addition to naturalized per Shyama Pagad.,0,1,1,0,,,1
4300,2650,728,Tonga,1,Status for species is only provided when considered invasive. List may contain cultivated and casual species in addition to naturalized per Shyama Pagad.,0,1,1,0,,,1
4301,2650,729,Tunisia,1,Status for species is only provided when considered invasive. List may contain cultivated and casual species in addition to naturalized per Shyama Pagad.,0,1,1,0,,,1
4302,2650,889,Turkey,1,Status for species is only provided when considered invasive. List may contain cultivated and casual species in addition to naturalized per Shyama Pagad.,0,1,1,0,,,1
4303,2650,1508,Tuvalu,1,Status for species is only provided when considered invasive. List may contain cultivated and casual species in addition to naturalized per Shyama Pagad.,0,1,1,0,,,1
4304,2650,733,Uganda,1,Status for species is only provided when considered invasive. List may contain cultivated and casual species in addition to naturalized per Shyama Pagad.,0,1,1,0,,,1
4305,2650,734,Ukraine,1,Status for species is only provided when considered invasive. List may contain cultivated and casual species in addition to naturalized per Shyama Pagad.,0,1,1,0,,,1
4306,2650,735,Uruguay,1,Status for species is only provided when considered invasive. List may contain cultivated and casual species in addition to naturalized per Shyama Pagad.,0,1,1,0,,,1
4307,2650,891,Saint Vincent and the Grenadines,1,Status for species is only provided when considered invasive. List may contain cultivated and casual species in addition to naturalized per Shyama Pagad.,0,1,1,0,,,1
4308,2650,808,Venezuela,1,Status for species is only provided when considered invasive. List may contain cultivated and casual species in addition to naturalized per Shyama Pagad.,0,1,1,0,,,1
4309,2650,851,Vietnam,1,Status for species is only provided when considered invasive. List may contain cultivated and casual species in addition to naturalized per Shyama Pagad.,0,1,1,0,,,1
4310,2650,1511,Vanuatu,1,Status for species is only provided when considered invasive. List may contain cultivated and casual species in addition to naturalized per Shyama Pagad.,0,1,1,0,,,1
4311,2650,893,Samoa,1,Status for species is only provided when considered invasive. List may contain cultivated and casual species in addition to naturalized per Shyama Pagad.,0,1,1,0,,,1
4312,2650,818,Yemen,1,Status for species is only provided when considered invasive. List may contain cultivated and casual species in addition to naturalized per Shyama Pagad.,0,1,1,0,,,1
4313,2650,894,South Africa,1,Status for species is only provided when considered invasive. List may contain cultivated and casual species in addition to naturalized per Shyama Pagad.,0,1,1,0,,,1
4314,2650,895,Zambia,1,Status for species is only provided when considered invasive. List may contain cultivated and casual species in addition to naturalized per Shyama Pagad.,0,1,1,0,,,1
4315,2650,896,Zimbabwe,1,Status for species is only provided when considered invasive. List may contain cultivated and casual species in addition to naturalized per Shyama Pagad.,0,1,1,0,,,1
4325,2650,287,Cote d'Ivoire,1,Status for species is only provided when considered invasive. List may contain cultivated and casual species in addition to naturalized per Shyama Pagad.,0,1,1,0,,,1
4326,2650,289,Democratic Republic of the Congo,1,Status for species is only provided when considered invasive. List may contain cultivated and casual species in addition to naturalized per Shyama Pagad.,0,1,1,0,,,1
4327,2650,1450,Comoros Archipelago incl. Mayotte,1,Status for species is only provided when considered invasive. List may contain cultivated and casual species in addition to naturalized per Shyama Pagad.,0,1,1,0,,,1
4328,2650,865,Ecuador (incl. Galapagos),1,Status for species is only provided when considered invasive. List may contain cultivated and casual species in addition to naturalized per Shyama Pagad.,0,1,1,0,,,1
4329,2650,866,Spain (incl. islands),1,Status for species is only provided when considered invasive. List may contain cultivated and casual species in addition to naturalized per Shyama Pagad.,0,1,1,0,,,1
4330,2650,1441,France (incl. Corsica),1,Status for species is only provided when considered invasive. List may contain cultivated and casual species in addition to naturalized per Shyama Pagad.,0,1,1,0,,,1
4331,2650,1504,Micronesia (Federated States of),1,Status for species is only provided when considered invasive. List may contain cultivated and casual species in addition to naturalized per Shyama Pagad.,0,1,1,0,,,1
4332,2650,868,United Kingdom of Great Britain and Northern Ireland (the),1,Status for species is only provided when considered invasive. List may contain cultivated and casual species in addition to naturalized per Shyama Pagad.,0,1,1,0,,,1
4333,2650,900,Iran (Islamic Republic of),1,Status for species is only provided when considered invasive. List may contain cultivated and casual species in addition to naturalized per Shyama Pagad.,0,1,1,0,,,1
4335,2650,878,Marshall Islands (the),1,Status for species is only provided when considered invasive. List may contain cultivated and casual species in addition to naturalized per Shyama Pagad.,0,1,1,0,,,1
4336,2650,481,The former Yugoslav Republic of Macedonia,1,Status for species is only provided when considered invasive. List may contain cultivated and casual species in addition to naturalized per Shyama Pagad.,0,1,1,0,,,1
4337,2650,510,"Mauritius, Republic of",1,Status for species is only provided when considered invasive. List may contain cultivated and casual species in addition to naturalized per Shyama Pagad.,0,1,1,0,,,1
4338,2650,886,Russian Federation (the),1,Status for species is only provided when considered invasive. List may contain cultivated and casual species in addition to naturalized per Shyama Pagad.,0,1,1,0,,,1
4339,2650,660,Sudan (incl. South Sudan),1,Status for species is only provided when considered invasive. List may contain cultivated and casual species in addition to naturalized per Shyama Pagad.,0,1,1,0,,,1
4340,2650,678,Swaziland,1,Status for species is only provided when considered invasive. List may contain cultivated and casual species in addition to naturalized per Shyama Pagad.,0,1,1,0,,,1
4341,2650,732,United Republic of Tanzania,1,Status for species is only provided when considered invasive. List may contain cultivated and casual species in addition to naturalized per Shyama Pagad.,0,1,1,0,,,1
4356,2650,2,Angola,1,Status for species is only provided when considered invasive. List may contain cultivated and casual species in addition to naturalized per Shyama Pagad.,0,1,1,0,,,1
4362,2650,2334,Azerbaijan,1,Status for species is only provided when considered invasive. List may contain cultivated and casual species in addition to naturalized per Shyama Pagad.,0,1,1,0,,,1
4363,2650,2335,Bahrain,1,Status for species is only provided when considered invasive. List may contain cultivated and casual species in addition to naturalized per Shyama Pagad.,0,1,1,0,,,1
4364,2650,922,Bangladesh,1,Status for species is only provided when considered invasive. List may contain cultivated and casual species in addition to naturalized per Shyama Pagad.,0,1,1,0,,,1
4365,2650,149,Belize,1,Status for species is only provided when considered invasive. List may contain cultivated and casual species in addition to naturalized per Shyama Pagad.,0,1,1,0,,,1
4366,2650,290,Congo,1,Status for species is only provided when considered invasive. List may contain cultivated and casual species in addition to naturalized per Shyama Pagad.,0,1,1,0,,,1
4367,2650,309,Costa Rica,1,Status for species is only provided when considered invasive. List may contain cultivated and casual species in addition to naturalized per Shyama Pagad.,0,1,1,0,,,1
4368,2650,315,Czech Republic,1,Status for species is only provided when considered invasive. List may contain cultivated and casual species in addition to naturalized per Shyama Pagad.,0,1,1,0,,,1
4369,2650,318,Dominica,1,Status for species is only provided when considered invasive. List may contain cultivated and casual species in addition to naturalized per Shyama Pagad.,0,1,1,0,,,1
4370,2650,320,Dominican Republic,1,Status for species is only provided when considered invasive. List may contain cultivated and casual species in addition to naturalized per Shyama Pagad.,0,1,1,0,,,1
4372,2650,356,Equatorial Guinea,1,Status for species is only provided when considered invasive. List may contain cultivated and casual species in addition to naturalized per Shyama Pagad.,0,1,1,0,,,1
4373,2650,329,Estonia,1,Status for species is only provided when considered invasive. List may contain cultivated and casual species in addition to naturalized per Shyama Pagad.,0,1,1,0,,,1
4374,2650,349,Georgia,1,Status for species is only provided when considered invasive. List may contain cultivated and casual species in addition to naturalized per Shyama Pagad.,0,1,1,0,,,1
4376,2650,351,Guinea,1,Status for species is only provided when considered invasive. List may contain cultivated and casual species in addition to naturalized per Shyama Pagad.,0,1,1,0,,,1
4377,2650,872,"Haiti, Republic of",1,Status for species is only provided when considered invasive. List may contain cultivated and casual species in addition to naturalized per Shyama Pagad.,0,1,1,0,,,1
4379,2650,367,Hungary,1,Status for species is only provided when considered invasive. List may contain cultivated and casual species in addition to naturalized per Shyama Pagad.,0,1,1,0,,,1
4380,2650,876,Italy,1,Status for species is only provided when considered invasive. List may contain cultivated and casual species in addition to naturalized per Shyama Pagad.,0,1,1,0,,,1
4381,2650,1409,Kazakhstan (without Caspian Sea),1,Status for species is only provided when considered invasive. List may contain cultivated and casual species in addition to naturalized per Shyama Pagad.,0,1,1,0,,,1
4382,2650,534,"Korea, Democratic People's Republic of",1,Status for species is only provided when considered invasive. List may contain cultivated and casual species in addition to naturalized per Shyama Pagad.,0,1,1,0,,,1
4384,2650,418,Kyrgyzstan,1,Status for species is only provided when considered invasive. List may contain cultivated and casual species in addition to naturalized per Shyama Pagad.,0,1,1,0,,,1
4385,2650,2341,Lebanon,1,Status for species is only provided when considered invasive. List may contain cultivated and casual species in addition to naturalized per Shyama Pagad.,0,1,1,0,,,1
4386,2650,438,Lesotho,1,Status for species is only provided when considered invasive. List may contain cultivated and casual species in addition to naturalized per Shyama Pagad.,0,1,1,0,,,1
4387,2650,433,Liberia,1,Status for species is only provided when considered invasive. List may contain cultivated and casual species in addition to naturalized per Shyama Pagad.,0,1,1,0,,,1
4388,2650,434,Libyan Arab Jamahiriya,1,Status for species is only provided when considered invasive. List may contain cultivated and casual species in addition to naturalized per Shyama Pagad.,0,1,1,0,,,1
4389,2650,436,Liechtenstein,1,Status for species is only provided when considered invasive. List may contain cultivated and casual species in addition to naturalized per Shyama Pagad.,0,1,1,0,,,1
4390,2650,444,Madagascar,1,Status for species is only provided when considered invasive. List may contain cultivated and casual species in addition to naturalized per Shyama Pagad.,0,1,1,0,,,1
4391,2650,881,Malaysia,1,Status for species is only provided when considered invasive. List may contain cultivated and casual species in addition to naturalized per Shyama Pagad.,0,1,1,0,,,1
4392,2650,880,Mexico,1,Status for species is only provided when considered invasive. List may contain cultivated and casual species in addition to naturalized per Shyama Pagad.,0,1,1,0,,,1
4393,2650,443,Republic of Moldova,1,Status for species is only provided when considered invasive. List may contain cultivated and casual species in addition to naturalized per Shyama Pagad.,0,1,1,0,,,1
4394,2650,442,Morocco,1,Status for species is only provided when considered invasive. List may contain cultivated and casual species in addition to naturalized per Shyama Pagad.,0,1,1,0,,,1
4395,2650,513,Namibia,1,Status for species is only provided when considered invasive. List may contain cultivated and casual species in addition to naturalized per Shyama Pagad.,0,1,1,0,,,1
4396,2650,518,Nicaragua,1,Status for species is only provided when considered invasive. List may contain cultivated and casual species in addition to naturalized per Shyama Pagad.,0,1,1,0,,,1
4397,2650,520,Norway (mainland),1,Status for species is only provided when considered invasive. List may contain cultivated and casual species in addition to naturalized per Shyama Pagad.,0,1,1,0,,,1
4398,2650,528,Oman,1,Status for species is only provided when considered invasive. List may contain cultivated and casual species in addition to naturalized per Shyama Pagad.,0,1,1,0,,,1
4400,2650,529,Panama,1,Status for species is only provided when considered invasive. List may contain cultivated and casual species in addition to naturalized per Shyama Pagad.,0,1,1,0,,,1
4401,2650,921,Papua New Guinea,1,Status for species is only provided when considered invasive. List may contain cultivated and casual species in addition to naturalized per Shyama Pagad.,0,1,1,0,,,1
4402,2650,919,Paraguay,1,Status for species is only provided when considered invasive. List may contain cultivated and casual species in addition to naturalized per Shyama Pagad.,0,1,1,0,,,1
4403,2650,530,Peru,1,Status for species is only provided when considered invasive. List may contain cultivated and casual species in addition to naturalized per Shyama Pagad.,0,1,1,0,,,1
4404,2650,531,Philippines,1,Status for species is only provided when considered invasive. List may contain cultivated and casual species in addition to naturalized per Shyama Pagad.,0,1,1,0,,,1
4405,2650,613,Qatar,1,Status for species is only provided when considered invasive. List may contain cultivated and casual species in addition to naturalized per Shyama Pagad.,0,1,1,0,,,1
4406,2650,431,"Korea, Republic of",1,Status for species is only provided when considered invasive. List may contain cultivated and casual species in addition to naturalized per Shyama Pagad.,0,1,1,0,,,1
4407,2650,658,Rwanda,1,Status for species is only provided when considered invasive. List may contain cultivated and casual species in addition to naturalized per Shyama Pagad.,0,1,1,0,,,1
4408,2650,662,Singapore,1,Status for species is only provided when considered invasive. List may contain cultivated and casual species in addition to naturalized per Shyama Pagad.,0,1,1,0,,,1
4409,2650,675,Slovakia,1,Status for species is only provided when considered invasive. List may contain cultivated and casual species in addition to naturalized per Shyama Pagad.,0,1,1,0,,,1
4410,2650,2141,South Sudan,1,Status for species is only provided when considered invasive. List may contain cultivated and casual species in addition to naturalized per Shyama Pagad.,0,1,1,0,,,1
4411,2650,674,Suriname,1,Status for species is only provided when considered invasive. List may contain cultivated and casual species in addition to naturalized per Shyama Pagad.,0,1,1,0,,,1
4412,2650,677,Sweden,1,Status for species is only provided when considered invasive. List may contain cultivated and casual species in addition to naturalized per Shyama Pagad.,0,1,1,0,,,1
4413,2650,849,Syria,1,Status for species is only provided when considered invasive. List may contain cultivated and casual species in addition to naturalized per Shyama Pagad.,0,1,1,0,,,1
4414,2650,2344,Tajikistan,1,Status for species is only provided when considered invasive. List may contain cultivated and casual species in addition to naturalized per Shyama Pagad.,0,1,1,0,,,1
4415,2650,1406,East Timor,1,Status for species is only provided when considered invasive. List may contain cultivated and casual species in addition to naturalized per Shyama Pagad.,0,1,1,0,,,1
4416,2650,850,Trinidad and Tobago,1,Status for species is only provided when considered invasive. List may contain cultivated and casual species in addition to naturalized per Shyama Pagad.,0,1,1,0,,,1
4417,2650,2345,Turkmenistan,1,Status for species is only provided when considered invasive. List may contain cultivated and casual species in addition to naturalized per Shyama Pagad.,0,1,1,0,,,1
4418,2650,906,"United States of America, contiguous (without Alaska and Hawaii)",1,Status for species is only provided when considered invasive. List may contain cultivated and casual species in addition to naturalized per Shyama Pagad.,0,1,1,0,,,1
4419,2650,2357,Uzbekistan,1,Status for species is only provided when considered invasive. List may contain cultivated and casual species in addition to naturalized per Shyama Pagad.,0,1,1,0,,,1
