Group,Family,Scientific Name,Common Name,Species Origin,Native Habitat
Algae,Rhodomelaceae,Acanthophora spicifera,,Exotic,Marine
Algae,Caulerpaceae,Caulerpa prolifera,,Native,Marine
Algae,Rhodomelaceae,Chondria tumulosa,,Cryptogenic,Marine
Algae,Gomphonemataceae,Didymosphenia geminata,didymo,Cryptogenic,Freshwater
Algae,Characeae,Nitellopsis obtusa,starry stonewort,Exotic,Freshwater-Marine
Algae,Prymnesiaceae,Prymnesium parvum,golden algae,Unknown,Marine-Freshwater
Amphibians-Caecilians,Typhlonectidae,Typhlonectes natans,Rio Cauca Caecilian,Exotic,Freshwater
Amphibians-Frogs,Hylidae,Acris crepitans,Northern Cricket Frog,Native,Freshwater
Amphibians-Frogs,Hyperoliidae,Afrixalus fornasini,Fornasini's Spiny Reed Frog,Exotic,Freshwater
Amphibians-Frogs,Phyllomedusidae,Agalychnis dacnicolor,Mexican Giant Tree Frog,Exotic,Freshwater
Amphibians-Frogs,Bufonidae,Anaxyrus boreas halophilus,Southern California Toad,Native,Freshwater
Amphibians-Frogs,Bufonidae,Atelopus zeteki,Panamanian Golden Frog,Exotic,Freshwater
Amphibians-Frogs,Bombinatoridae,Bombina orientalis,Oriental Fire-bellied Toad,Exotic,Freshwater
Amphibians-Frogs,Bufonidae,Bufo bufo,European Toad,Exotic,Freshwater
Amphibians-Frogs,Dendrobatidae,Dendrobates auratus,Green and Black Poison Dart Frog,Exotic,Freshwater
Amphibians-Frogs,Dendrobatidae,Dendrobates leucomelas,Yellow-banded Poison Dart Frog,Exotic,Freshwater
Amphibians-Frogs,Dendrobatidae,Dendrobates sp.,a Poison Dart Frog,Exotic,Freshwater
Amphibians-Frogs,Hylidae,Dendropsophus marmoratus,Marbled Tree Frog,Exotic,Freshwater
Amphibians-Frogs,Hylidae,Dryophytes cinereus,Green Treefrog,Native,Freshwater
Amphibians-Frogs,Hylidae,Dryophytes gratiosus,Barking Treefrog,Native,Freshwater
Amphibians-Frogs,Hylidae,Dryophytes squirellus,Squirrel Treefrog,Native,Freshwater
Amphibians-Frogs,Hylidae,Dryophytes wrightorum,Arizona Treefrog,Native,Freshwater
Amphibians-Frogs,Bufonidae,Duttaphrynus melanostictus,Southeast Asian Toad,Exotic,Freshwater
Amphibians-Frogs,Eleutherodactylidae,Eleutherodactylus campi,Rio Grande Chirping Frog,Native,Freshwater
Amphibians-Frogs,Eleutherodactylidae,Eleutherodactylus coqui,Coqui,Exotic,Freshwater
Amphibians-Frogs,Eleutherodactylidae,Eleutherodactylus planirostris,Greenhouse Frog,Exotic,Freshwater
Amphibians-Frogs,Eleutherodactylidae,Eleutherodactylus portoricensis,Forest Coqui,Exotic,Freshwater
Amphibians-Frogs,Dicroglossidae,Fejervarya cancrivora,Crab-Eating Frog,Exotic,Freshwater
Amphibians-Frogs,Dicroglossidae,Fejervarya limnocharis,Rice Frog,Exotic,Freshwater
Amphibians-Frogs,Ranidae,Glandirana rugosa,Japanese Wrinkled Frog,Exotic,Freshwater
Amphibians-Frogs,Pipidae,Hymenochirus boettgeri,Zaire Dwarf Clawed Frog,Exotic,Freshwater
Amphibians-Frogs,Microhylidae,Kaloula pulchra,Malaysian Painted Frog,Exotic,Freshwater
Amphibians-Frogs,Ranidae,Lithobates berlandieri,Rio Grande Leopard Frog,Native,Freshwater
Amphibians-Frogs,Ranidae,Lithobates blairi,Plains Leopard Frog,Native,Freshwater
Amphibians-Frogs,Ranidae,Lithobates catesbeianus,American Bullfrog,Native,Freshwater
Amphibians-Frogs,Ranidae,Lithobates clamitans,Green Frog,Native,Freshwater
Amphibians-Frogs,Ranidae,Lithobates grylio,Pig Frog,Native,Freshwater
Amphibians-Frogs,Ranidae,Lithobates pipiens,Northern Leopard Frog,Native,Freshwater
Amphibians-Frogs,Ranidae,Lithobates sphenocephalus,Southern Leopard Frog,Native,Freshwater
Amphibians-Frogs,Hylidae,Litoria fallax,Eastern Dwarf Treefrog,Exotic,Freshwater
Amphibians-Frogs,Microhylidae,Microhyla pulchra,Marbled Pigmy Frog,Exotic,Freshwater
Amphibians-Frogs,Hylidae,Osteopilus septentrionalis,Cuban Treefrog,Exotic,Freshwater
Amphibians-Frogs,Ranidae,Pelophylax nigromaculatus,Black-spotted Frog,Exotic,Freshwater
Amphibians-Frogs,Pipidae,Pipa pipa,Suriname toad,Exotic,Freshwater
Amphibians-Frogs,Rhacophoridae,Polypedates megacephalus,Hong Kong Whipping Frog,Exotic,Freshwater
Amphibians-Frogs,Hylidae,Pseudacris hypochondriaca,Baja California Treefrog,Native,Freshwater
Amphibians-Frogs,Hylidae,Pseudacris regilla,Northern Pacific Treefrog,Native,Freshwater
Amphibians-Frogs,Hylidae,Pseudacris sierra,Sierran Chorus Frog,Native,Freshwater
Amphibians-Frogs,Ranidae,Rana aurora,Northern Red-legged Frog,Native,Freshwater
Amphibians-Frogs,Pelodryadidae,Ranoidea aurea,Green and Golden Bell Frog,Exotic,Freshwater
Amphibians-Frogs,Pelodryadidae,Ranoidea caerulea,Australian Green Treefrog,Exotic,Freshwater
Amphibians-Frogs,Bufonidae,Rhaebo blombergi,Columbian Giant Toad,Exotic,Freshwater
Amphibians-Frogs,Bufonidae,Rhinella horribilis,Mesoamerican Cane Toad,Native,Freshwater
Amphibians-Frogs,Bufonidae,Rhinella marina,Cane Toad,Exotic,Freshwater
Amphibians-Frogs,Hylidae,Scinax ruber,Red Snouted Treefrog,Exotic,Freshwater
Amphibians-Frogs,Ranidae,Sylvirana guentheri,Günther's Amoy Frog,Exotic,Freshwater
Amphibians-Frogs,Pipidae,Xenopus laevis,African Clawed Frog,Exotic,Freshwater
Amphibians-Frogs,Pipidae,Xenopus tropicalis,Western clawed frog,Exotic,Freshwater
Amphibians-Salamanders,Ambystomatidae,Ambystoma gracile,Northwestern Salamander,Native,Freshwater
Amphibians-Salamanders,Ambystomatidae,Ambystoma macrodactylum,Long-toed Salamander,Native,Freshwater
Amphibians-Salamanders,Ambystomatidae,Ambystoma mavortium melanostictum,Blotched Tiger Salamander,Native,Freshwater
Amphibians-Salamanders,Ambystomatidae,Ambystoma tigrinum,Eastern Tiger Salamander,Native,Freshwater
Amphibians-Salamanders,Amphiumidae,Amphiuma tridactylum,Three-toed Amphiuma,Native,Freshwater
Amphibians-Salamanders,Plethodontidae,Batrachoseps attenuatus,California Slender Salamander,Native,Freshwater
Amphibians-Salamanders,Salamandridae,Cynops orientalis,Oriental Fire-bellied Newt,Exotic,Freshwater
Amphibians-Salamanders,Salamandridae,Cynops pyrrhogaster,Japanese Fire-bellied Salamander,Exotic,Freshwater
Amphibians-Salamanders,Plethodontidae,Desmognathus monticola,Seal Salamander,Native,Freshwater
Amphibians-Salamanders,Plethodontidae,Desmognathus quadramaculatus,Black-bellied Salamander,Native,Freshwater
Amphibians-Salamanders,Plethodontidae,Desmognathus santeetlah,Santeetlah Dusky Salamander,Native,Freshwater
Amphibians-Salamanders,Plethodontidae,Ensatina eschscholtzii klauberi,Large-blotched Ensatina,Native,Freshwater
Amphibians-Salamanders,Proteidae,Necturus maculosus,Mudpuppy,Native,Freshwater
Amphibians-Salamanders,Salamandridae,Notophthalmus viridescens,Eastern Newt,Native,Freshwater
Amphibians-Salamanders,Salamandridae,Notophthalmus viridescens viridescens,Red-spotted Newt,Native,Freshwater
Amphibians-Salamanders,Salamandridae,Paramesotriton labiatus,Paddle-Tail Newt,Exotic,Freshwater
Amphibians-Salamanders,Sirenidae,Siren intermedia,Lesser Siren,Native,Freshwater
Amphibians-Salamanders,Salamandridae,Taricha granulosa,Rough-skinned Newt,Native,Freshwater
Annelids-Hirundinea,Salifidae,Barbronia weberi,leech,Exotic,Freshwater
Annelids-Oligochaetes,Naididae,Ripistes parasita,an oligochaete,Exotic,Freshwater
Bryozoans,Vesiculariidae,Lophopodella carteri,Asian freshwater bryozoan,Exotic,Freshwater
Bryozoans,Lophopodidae,Lophopus crystallinus,crystal moss-animal,Exotic,Freshwater
Bryozoans,Pectinatellidae,Pectinatella magnifica,magnificent bryozoan,Native,Freshwater
Bryozoans,Plumatellidae,Plumatella repens,creeping bryozoan,Native,Freshwater
Bryozoans,Stephanellidae,Stephanella hina,Japanese moss animal,Exotic,Freshwater
Coelenterates-Anthozoan,Xeniidae,Unomia stolonifera,pulsing xenia,Exotic,Marine
Coelenterates-Hydrozoans,Blackfordiidae,Blackfordia virginica,Black Sea jellyfish,Exotic,Freshwater-Marine
Coelenterates-Hydrozoans,Oceanidae,Cordylophora caspia,freshwater hydroid,Exotic,Freshwater-Marine
Coelenterates-Hydrozoans,Olindiidae,Craspedacusta sowerbii,freshwater jellyfish,Exotic,Freshwater
Coelenterates-Scyphozoan,Mastigiidae,Phyllorhiza punctata,Australian spotted jellyfish,Exotic,Marine
Crustaceans-Amphipods,Corophiidae,Apocorophium lacustre,scud,Native,Marine
Crustaceans-Amphipods,Crangonyctidae,Crangonyx pseudogracilis,northern river crangonyctid,Native,Freshwater
Crustaceans-Amphipods,Gammaridae,Echinogammarus ischnus,scud,Exotic,Freshwater-Marine
Crustaceans-Amphipods,Gammaridae,Gammarus fasciatus,a freshwater amphipod,Native,Freshwater
Crustaceans-Amphipods,Gammaridae,Gammarus sp.,an amphipod,Native,Freshwater
Crustaceans-Amphipods,Gammaridae,Gammarus tigrinus,tiger scud,Native,Freshwater-Marine
Crustaceans-Amphipods,Corophiidae,Paracorophium lucasi,a New Zealand amphipod,Exotic,Brackish-Freshwater
Crustaceans-Amphipods,Corophiidae,Paracorophium sp.,an amphipod,Exotic,Freshwater-Brackish
Crustaceans-Barnacles,Balanidae,Megabalanus coccopoma,Titan acorn barnacle,Exotic,Marine
Crustaceans-Cladocerans,Cercopagidae,Bythotrephes longimanus,spiny waterflea,Exotic,Freshwater
Crustaceans-Cladocerans,Cercopagidae,Cercopagis pengoi,fishhook waterflea,Exotic,Freshwater-Brackish
Crustaceans-Cladocerans,Daphniidae,Daphnia curvirostris,a water flea,Exotic,Freshwater
Crustaceans-Cladocerans,Daphniidae,Daphnia galeata galeata,a waterflea,Exotic,Freshwater
Crustaceans-Cladocerans,Daphniidae,Daphnia lumholtzi,a waterflea,Exotic,Freshwater
Crustaceans-Cladocerans,Sididae,Diaphanosoma brevireme,a cladoceran,Exotic,Freshwater
Crustaceans-Cladocerans,Sididae,Diaphanosoma fluviatile,a cladoceran,Exotic,Freshwater
Crustaceans-Cladocerans,Bosminidae,Eubosmina coregoni,Baltic Long-nosed Waterflea,Exotic,Freshwater
Crustaceans-Cladocerans,Bosminidae,Eubosmina maritima,a cladoceran,Exotic,Freshwater-Marine
Crustaceans-Copepods,Cyclopidae,Apocyclops dengizicus,a copepod,Exotic,Freshwater
Crustaceans-Copepods,Diaptomidae,Arctodiaptomus dorsalis,copepod,Native,Freshwater
Crustaceans-Copepods,Argulidae,Argulus japonicus,Japanese fishlouse,Exotic,Freshwater-Marine
Crustaceans-Copepods,Cyclopidae,Bryocyclops muscicola,a copepod,Exotic,Freshwater
Crustaceans-Copepods,Crangonyctidae,Crangonyx floridanus,Florida crangonyctid, a freshwater amphipod,Native,Freshwater
Crustaceans-Copepods,Cyclopidae,Cyclops abyssorum divergens,divergens copepod,Exotic,Freshwater
Crustaceans-Copepods,Cyclopida,Cyclops abyssorum sibiricus,sibiricus copepod,Exotic,Freshwater
Crustaceans-Copepods,Cyclopidae,Cyclops strenuus,a copepod,Native,Freshwater
Crustaceans-Copepods,Canthocamptidae,Elaphoidella bidens,a copepod,Exotic,Freshwater
Crustaceans-Copepods,Canthocamptidae,Elaphoidella bidens bidens,a copepod,Exotic,Freshwater
Crustaceans-Copepods,Temoridae,Eurytemora affinis,a calanoid copepod,Native,Freshwater-Marine
Crustaceans-Copepods,Harpacticidae,Harpacticella paradoxa,harpacticoid copepod,Exotic,Freshwater-Brackish
Crustaceans-Copepods,Canthocamptidae,Heteropsyllus nr. nunni,a copepod,Unknown,Freshwater-Marine
Crustaceans-Copepods,Canthocamptidae,Heteropsyllus nunni,a copepod,Native,Freshwater-Marine
Crustaceans-Copepods,Lernaeidae,Lernaea cyprinacea,anchor worm,Exotic,Freshwater
Crustaceans-Copepods,Oithonidae,Limnoithona sinensis,Asian copepod,Exotic,Freshwater-Marine
Crustaceans-Copepods,Oithonidae,Limnoithona tetraspina,a copepod,Exotic,Freshwater-Marine
Crustaceans-Copepods,Cyclopidae,Megacyclops viridis,a cyclopoid copepod,Exotic,Freshwater-Marine
Crustaceans-Copepods,Cyclopidae,Mesocyclops ogunnus,a copepod,Exotic,Freshwater
Crustaceans-Copepods,Cyclopidae,Mesocyclops pehpeiensis,a copepod,Exotic,Freshwater
Crustaceans-Copepods,Ergasilidae,Neoergasilus japonicus,a parasitic copepod,Exotic,Freshwater
Crustaceans-Copepods,Ameiridae,Nitokra hibernica,a harpacticoid copepod,Exotic,Freshwater-Marine
Crustaceans-Copepods,Ameiridae,Nitokra incerta,a harpacticoid copepod,Exotic,Freshwater-Marine
Crustaceans-Copepods,Cyclopidae,Paracyclops bromeliacola,a copepod,Exotic,Freshwater
Crustaceans-Copepods,Pseudodiaptomidae,Pseudodiaptomus forbesi,a calanoid copepod,Exotic,Freshwater-Marine
Crustaceans-Copepods,Lernaeopodidae,Salmincola lotae,a parasitic copepod,Cryptogenic,Freshwater
Crustaceans-Copepods,Diosaccidae,Schizopera borutzkyi,an oarsman,Exotic,Freshwater-Marine
Crustaceans-Copepods,Centropagidae,Sinocalanus doerri,Asian calanoid copepod,Exotic,Freshwater-Marine
Crustaceans-Copepods,Diaptomidae,Sinodiaptomus sarsi,a copepod,Exotic,Freshwater
Crustaceans-Copepods,Diaptomidae,Sinodiaptomus valkanovi,a copepod,Exotic,Freshwater
Crustaceans-Copepods,Diaptomidae,Skistodiaptomus pallidus,a calanoid copepod,Native,Freshwater
Crustaceans-Copepods,Tachidiidae,Tachidius triangularis,a copepod,Exotic,Marine-Brackish
Crustaceans-Copepods,Cyclopidae,Thermocyclops crassus,a copepod,Exotic,Freshwater
Crustaceans-Crabs,Portunidae,Callinectes bocourti,Bocourt swimming crab,Native,Marine
Crustaceans-Crabs,Portunidae,Carcinus maenas,green crab,Exotic,Marine
Crustaceans-Crabs,Gecarcinidae,Cardisoma guanhumi,blue land crab,Native,Brackish
Crustaceans-Crabs,Portunidae,Charybdis hellerii,Indo-Pacific swimming crab,Exotic,Marine
Crustaceans-Crabs,Grapsidae,Eriocheir sinensis,Chinese mitten crab,Exotic,Marine-Freshwater
Crustaceans-Crabs,Potamidae,Geothelphusa dehaani,a freshwater crab,Exotic,Freshwater
Crustaceans-Crabs,Grapsidae,Hemigrapsus sanguineus,Asian shore crab,Exotic,Marine
Crustaceans-Crabs,Grapsidae,Platychirograpsus spectabilis,saber crab,Exotic,Freshwater-Brackish
Crustaceans-Crabs,Panopeidae,Rhithropanopeus harrisii,Harris mud crab,Native,Marine-Freshwater
Crustaceans-Crayfish,Cambaridae,Cambarellus shufeldtii,Cajun dwarf crayfish,Native,Freshwater
Crustaceans-Crayfish,Cambaridae,Cambarus cumberlandensis,Cumberland crayfish,Native,Freshwater
Crustaceans-Crayfish,Cambaridae,Cambarus robustus,Big Water Crayfish,Native,Freshwater
Crustaceans-Crayfish,Parastacidae,Cherax quadricarinatus,Australian redclaw crayfish,Exotic,Freshwater
Crustaceans-Crayfish,Cambaridae,Faxonella clypeata,Ditch Fencing Crayfish,Native,Freshwater
Crustaceans-Crayfish,Cambaridae,Faxonius causeyi,Western plains crayfish,Native,Freshwater
Crustaceans-Crayfish,Cambaridae,Faxonius cristavarius,Spiny stream crayfish,Native,Freshwater
Crustaceans-Crayfish,Cambaridae,Faxonius deanae,Conchas crayfish,Native,Freshwater
Crustaceans-Crayfish,Cambaridae,Faxonius harrisonii,Belted crayfish,Native,Freshwater
Crustaceans-Crayfish,Cambaridae,Faxonius hylas,Woodland crayfish,Native,Freshwater
Crustaceans-Crayfish,Cambaridae,Faxonius immunis,calico crayfish,Native,Freshwater
Crustaceans-Crayfish,Cambaridae,Faxonius juvenilis,Kentucky River crayfish,Native,Freshwater
Crustaceans-Crayfish,Cambaridae,Faxonius luteus,Golden crayfish,Native,Freshwater
Crustaceans-Crayfish,Cambaridae,Faxonius neglectus,Ringed crayfish,Native,Freshwater
Crustaceans-Crayfish,Cambaridae,Faxonius neglectus chaenodactylus,gap ringed crayfish,Native,Freshwater
Crustaceans-Crayfish,Cambaridae,Faxonius neglectus neglectus,Ringed crayfish,Native,Freshwater
Crustaceans-Crayfish,Cambaridae,Faxonius obscurus,Allegheny crayfish,Native,Freshwater
Crustaceans-Crayfish,Cambaridae,Faxonius palmeri creolanus,Creole painted crayfish,Native,Freshwater
Crustaceans-Crayfish,Cambaridae,Faxonius propinquus,Northern clearwater crayfish,Native,Freshwater
Crustaceans-Crayfish,Cambaridae,Faxonius rusticus,Rusty Crayfish,Native,Freshwater
Crustaceans-Crayfish,Cambaridae,Faxonius sanbornii,Sanborn crayfish,Native,Freshwater
Crustaceans-Crayfish,Cambaridae,Faxonius virilis,Virile Crayfish,Native,Freshwater
Crustaceans-Crayfish,Astacidae,Pacifastacus leniusculus,Signal Crayfish,Native,Freshwater
Crustaceans-Crayfish,Cambaridae,Procambarus acutus,White River crawfish,Native,Freshwater
Crustaceans-Crayfish,Cambaridae,Procambarus alleni,Everglades Crayfish,Native,Freshwater
Crustaceans-Crayfish,Cambaridae,Procambarus clarkii,Red Swamp Crayfish,Native,Freshwater
Crustaceans-Crayfish,Cambaridae,Procambarus hayi,straightedge crayfish,Native,Freshwater
Crustaceans-Crayfish,Cambaridae,Procambarus seminolae,Seminole crayfish,Native,Freshwater
Crustaceans-Crayfish,Cambaridae,Procambarus simulans,Southern plains crayfish,Native,Freshwater
Crustaceans-Crayfish,Cambaridae,Procambarus virginalis,marbled crayfish,Cryptogenic,Freshwater
Crustaceans-Crayfish,Cambaridae,Procambarus zonangulus,Southern White River Crayfish,Native,Freshwater
Crustaceans-Isopods,Asellidae,Asellus hilgendorfii,an asellid isopod,Exotic,Freshwater
Crustaceans-Isopods,Trachelipodidae,Caecidotea laticaudata,a  freshwater isopod,Native,Freshwater
Crustaceans-Isopods,Asellidae,Caecidotea racovitzai,an asellid isopod,Native,Freshwater
Crustaceans-Isopods,Bopyridae,Orthione griffenis,Griffen's isopod,Exotic,Marine
Crustaceans-Mysids,Mysidae,Hemimysis anomala,bloody red shrimp,Exotic,Freshwater-Marine
Crustaceans-Mysids,Mysidae,Mysis diluviana,opossum shrimp,Native,Freshwater
Crustaceans-Mysids,Mysidae,Taphromysis louisianae,Possum shrimp,Native,Freshwater-Brackish
Crustaceans-Shrimp,Atyidae,Caridina weberi,atyid shrimp,Exotic,Freshwater
Crustaceans-Shrimp,Palaemonidae,Exopalaemon modestus,siberian prawn,Exotic,Freshwater
Crustaceans-Shrimp,Penaeidae,Litopenaeus vannamei,whiteleg shrimp,Exotic,Marine
Crustaceans-Shrimp,Palaemonidae,Macrobrachium heterochirus,cascade river prawn,Exotic,Freshwater
Crustaceans-Shrimp,Palaemonidae,Macrobrachium lar,Tahitian prawn,Exotic,Marine-Freshwater
Crustaceans-Shrimp,Palaemonidae,Macrobrachium macrobrachion,brackish river prawn,Exotic,Brackish-Marine
Crustaceans-Shrimp,Palaemonidae,Macrobrachium nipponense,East Asian river prawn,Exotic,Freshwater
Crustaceans-Shrimp,Palaemonidae,Macrobrachium ohione,Ohio shrimp,Native,Freshwater
Crustaceans-Shrimp,Palaemonidae,Macrobrachium olfersii,bristled river shrimp,Exotic,Freshwater
Crustaceans-Shrimp,Palaemonidae,Macrobrachium rosenbergii,giant river prawn,Exotic,Marine-Freshwater
Crustaceans-Shrimp,Atyidae,Neocaridina denticulata sinensis,a shrimp,Exotic,Freshwater
Crustaceans-Shrimp,Palaemonidae,Palaemonetes kadiakensis,Mississippi Grass Shrimp,Native,Freshwater
Crustaceans-Shrimp,Palaemonidae,Palaemonetes paludosus,Eastern grass shrimp,Native,Freshwater
Crustaceans-Shrimp,Penaeidae,Penaeus monodon,giant tiger prawn,Exotic,Marine
Crustaceans-Shrimp,Atyidae,Potimirim potimirim,potimirim,Exotic,Freshwater
Entoprocts,Barentsiidae,Urnatella gracilis,freshwater goblet worm,Native,Freshwater
Fishes,Acanthuridae,Acanthurus lineatus,lined surgeonfish,Unknown,Marine
Fishes,Acipenseridae,Acipenser fulvescens,Lake Sturgeon,Native,Freshwater
Fishes,Acipenseridae,Acipenser transmontanus,White Sturgeon,Native,Freshwater
Fishes,Cichlidae,Aequidens pulcher,blue acara,Exotic,Freshwater
Fishes,Doradidae,Agamyxis pectinifrons,spotted rafael catfish,Exotic,Freshwater
Fishes,Cyprinidae,Agosia chrysogaster,Longfin Dace,Native,Freshwater
Fishes,Clupeidae,Alosa aestivalis,Blueback Herring,Native,Freshwater-Marine
Fishes,Clupeidae,Alosa chrysochloris,Skipjack Herring,Native,Freshwater-Marine
Fishes,Clupeidae,Alosa pseudoharengus,Alewife,Native,Freshwater-Marine
Fishes,Clupeidae,Alosa sapidissima,American Shad,Native,Freshwater-Marine
Fishes,Centrarchidae,Ambloplites cavifrons,Roanoke Bass,Native,Freshwater
Fishes,Centrarchidae,Ambloplites constellatus,Ozark Bass,Native,Freshwater
Fishes,Centrarchidae,Ambloplites rupestris,Rock Bass,Native,Freshwater
Fishes,Goodeidae,Ameca splendens,Butterfly Splitfin,Exotic,Freshwater
Fishes,Ictaluridae,Ameiurus brunneus,Snail Bullhead,Native,Freshwater
Fishes,Ictaluridae,Ameiurus catus,White Catfish,Native,Freshwater
Fishes,Ictaluridae,Ameiurus melas,Black Bullhead,Native,Freshwater
Fishes,Ictaluridae,Ameiurus natalis,Yellow Bullhead,Native,Freshwater
Fishes,Ictaluridae,Ameiurus nebulosus,Brown Bullhead,Native,Freshwater
Fishes,Ictaluridae,Ameiurus platycephalus,Flat Bullhead,Native,Freshwater
Fishes,Ictaluridae,Ameiurus sp.,bullhead catfish,Native,Freshwater
Fishes,Amiidae,Amia calva,Bowfin,Native,Freshwater
Fishes,Percidae,Ammocrypta bifascia,Florida Sand Darter,Native,Freshwater
Fishes,Percidae,Ammocrypta clara,Western Sand Darter,Native,Freshwater
Fishes,Cichlidae,Amphilophus citrinellus,Midas Cichlid,Exotic,Freshwater
Fishes,Cichlidae,Amphilophus citrinellus × Cichlasoma urophthalmus,Midas Cichlid × Mayan Cichlid,Exotic Hybrid,Freshwater
Fishes,Cichlidae,Amphilophus labiatus,red devil,Exotic,Freshwater
Fishes,Cichlidae,Amphilophus trimaculatus,Threespot Cichlid,Exotic,Freshwater
Fishes,Cichlidae,Amphilophus trimaculatus × Amphilophus sp.,Threespot Cichlid hybrid,Exotic Hybrid,Freshwater
Fishes,Embiotocidae,Amphistichus rhodoterus,Redtail Surfperch,Native,Marine-Brackish
Fishes,Anabantidae,Anabas testudineus,climbing perch,Exotic,Freshwater
Fishes,Loricariidae,Ancistrus cf. temminckii,a bristlenosed catfish,Exotic,Freshwater-Brackish
Fishes,Loricariidae,Ancistrus sp.,bristlenosed catfish,Exotic,Freshwater
Fishes,Anguillidae,Anguilla anguilla,European eel,Exotic,Freshwater-Marine
Fishes,Anguillidae,Anguilla marmorata,marbled eel,Exotic,Freshwater-Marine
Fishes,Anguillidae,Anguilla rostrata,American Eel,Native,Freshwater-Marine
Fishes,Anguillidae,Anguilla sp.,unidentified eel,Exotic,Freshwater-Marine
Fishes,Gasterosteidae,Apeltes quadracus,Fourspine Stickleback,Native,Freshwater-Brackish
Fishes,Aphredoderidae,Aphredoderus sayanus,Pirate Perch,Native,Freshwater
Fishes,Characidae,Aphyocharax anisitsi,bloodfin tetra,Exotic,Freshwater
Fishes,Aplocheilidae,Aplocheilus lineatus,striped panchax,Exotic,Freshwater
Fishes,Sciaenidae,Aplodinotus grunniens,Freshwater Drum,Native,Freshwater
Fishes,Osteoglossidae,Arapaima sp.,Arapaima,Exotic,Freshwater
Fishes,Cichlidae,Archocentrus nigrofasciatus,Convict Cichlid,Exotic,Freshwater
Fishes,Cichlidae,Archocentrus spilurus,blue-eye cichlid,Exotic,Freshwater
Fishes,Centrarchidae,Archoplites interruptus,Sacramento Perch,Native,Freshwater
Fishes,Cichlidae,Astatotilapia calliptera,eastern happy,Exotic,Freshwater
Fishes,Cichlidae,Astronotus ocellatus,Oscar,Exotic,Freshwater
Fishes,Characidae,Astyanax mexicanus,Mexican Tetra,Native,Freshwater
Fishes,Lepisosteidae,Atractosteus spatula,Alligator Gar,Native,Freshwater
Fishes,Cichlidae,Aulonocara,hybrid peacock cichlid,Exotic Hybrid,Freshwater
Fishes,Aplocheilidae,Austrolebias bellottii,Argentine pearlfish,Exotic,Freshwater
Fishes,Aplocheilidae,Austrolebias nigripinnis,blackfin pearlfish,Exotic,Freshwater
Fishes,Cyprinidae,Balantiocheilos melanopterus,tricolor sharkminnow,Exotic,Freshwater
Fishes,Cyprinidae,Barbonymus gonionotus,Java Barb,Exotic,Freshwater
Fishes,Cyprinidae,Barbonymus schwanenfeldii,tinfoil barb,Exotic,Freshwater
Fishes,Poeciliidae,Belonesox belizanus,Pike Killifish,Exotic,Freshwater
Fishes,Osphronemidae,Betta splendens,Siamese fighting fish,Exotic,Freshwater
Fishes,Callichthyidae,Callichthys callichthys,cascarudo,Exotic,Freshwater
Fishes,Cyprinidae,Campostoma anomalum,Central Stoneroller,Native,Freshwater
Fishes,Cyprinidae,Campostoma oligolepis,Largescale Stoneroller,Native,Freshwater
Fishes,Cyprinidae,Carassius auratus,Goldfish,Exotic,Freshwater
Fishes,Cyprinidae,Carassius auratus × carassius,Goldfish × Crucian Carp,Exotic Hybrid,Freshwater
Fishes,Cyprinidae,Carassius auratus × Cyprinus carpio,Goldfish × Common Carp,Exotic Hybrid,Freshwater
Fishes,Cyprinidae,Carassius carassius,crucian carp,Exotic,Freshwater
Fishes,Cyprinidae,Carassius gibelio,Prussian carp,Exotic,Freshwater
Fishes,Cyprinidae,Carassius langsdorfii,Ginbuna,Exotic,Freshwater
Fishes,Catostomidae,Carpiodes carpio,River Carpsucker,Native,Freshwater
Fishes,Catostomidae,Carpiodes cyprinus,Quillback,Native,Freshwater
Fishes,Catostomidae,Carpiodes velifer,Highfin Carpsucker,Native,Freshwater
Fishes,Catostomidae,Catostomus ardens,Utah Sucker,Native,Freshwater
Fishes,Catostomidae,Catostomus catostomus,Longnose Sucker,Native,Freshwater
Fishes,Catostomidae,Catostomus commersonii,White Sucker,Native,Freshwater
Fishes,Catostomidae,Catostomus fumeiventris,Owens Sucker,Native,Freshwater
Fishes,Catostomidae,Catostomus occidentalis,Sacramento Sucker,Native,Freshwater
Fishes,Catostomidae,Catostomus sp.,Little Colorado sucker,Native,Freshwater
Fishes,Catostomidae,Catostomus tahoensis,Tahoe Sucker,Native,Freshwater
Fishes,Centrarchidae,Centrarchus macropterus,Flier,Native,Freshwater
Fishes,Channidae,Channa argus,Northern Snakehead,Exotic,Freshwater
Fishes,Channidae,Channa aurolineata,Goldline Snakehead,Exotic,Freshwater
Fishes,Channidae,Channa maculata,Blotched Snakehead,Exotic,Freshwater
Fishes,Channidae,Channa micropeltes,Giant Snakehead,Exotic,Freshwater
Fishes,Channidae,Channa striata,Chevron snakehead,Exotic,Freshwater
Fishes,Catostomidae,Chasmistes brevirostris,Shortnose Sucker,Native,Freshwater
Fishes,Atherinopsidae,Chirostoma jordani,Mesa Silverside,Exotic,Freshwater
Fishes,Notopteridae,Chitala ornata,Clown Knifefish,Exotic,Freshwater
Fishes,Cyprinidae,Chrosomus eos,Northern Redbelly Dace,Native,Freshwater
Fishes,Cyprinidae,Chrosomus neogaeus,Finescale Dace,Native,Freshwater
Fishes,Cyprinidae,Chrosomus oreas,Mountain Redbelly Dace,Native,Freshwater
Fishes,Cichlidae,Cichla ocellaris,Butterfly Peacock Bass,Exotic,Freshwater
Fishes,Cichlidae,Cichla sp.,eyetail cichlids,Exotic,Freshwater
Fishes,Cichlidae,Cichla temensis,speckled pavon,Exotic,Freshwater
Fishes,Cichlidae,Cichlasoma beani,Green Guapote,Exotic,Freshwater
Fishes,Cichlidae,Cichlasoma bimaculatum,Black Acara,Exotic,Freshwater
Fishes,Cichlidae,Cichlasoma dimerus,Chanchita,Exotic,Freshwater
Fishes,Cichlidae,Cichlasoma salvini,Yellowbelly Cichlid,Exotic,Freshwater
Fishes,Cichlidae,Cichlasoma sp.,cichlid,Exotic,Freshwater
Fishes,Cichlidae,Cichlasoma urophthalma,Mayan Cichlid,Exotic,Freshwater
Fishes,Clariidae,Clarias batrachus,Walking Catfish,Exotic,Freshwater
Fishes,Clariidae,Clarias fuscus,whitespotted clarias,Exotic,Freshwater
Fishes,Clariidae,Clarias gariepinus,Sharptooth catfish,Exotic,Freshwater
Fishes,Cyprinidae,Clinostomus elongatus,Redside Dace,Native,Freshwater
Fishes,Cyprinidae,Clinostomus funduloides,Rosyside Dace,Native,Freshwater
Fishes,Cyprinidae,Clinostomus funduloides funduloides,Rosyside Dace,Native,Freshwater
Fishes,Osphronemidae,Colisa lalia,dwarf gourami,Exotic,Freshwater
Fishes,Characidae,Colossoma macropomum,Tambaqui,Exotic,Freshwater
Fishes,Characidae,Colossoma or Piaractus sp.,unidentified pacu,Exotic,Freshwater
Fishes,Cichlidae,Coptodon sp.,,Exotic,Freshwater
Fishes,Salmonidae,Coregonus albula,vendace,Exotic,Freshwater
Fishes,Salmonidae,Coregonus artedi,Cisco,Native,Freshwater
Fishes,Salmonidae,Coregonus clupeaformis,Lake Whitefish,Native,Freshwater
Fishes,Salmonidae,Coregonus maraena,Maraena whitefish,Exotic,Freshwater
Fishes,Salmonidae,Coregonus sp.,a whitefish,Native,Freshwater
Fishes,Salmonidae,Coregonus wartmanni,blaufelchen,Exotic,Freshwater
Fishes,Callichthyidae,Corydoras aeneus,green corydoras,Exotic,Freshwater
Fishes,Callichthyidae,Corydoras sp.,corydoras,Exotic,Freshwater
Fishes,Cottidae,Cottus asper,Prickly Sculpin,Native,Freshwater
Fishes,Cottidae,Cottus bairdii,Mottled Sculpin,Native,Freshwater
Fishes,Cottidae,Cottus extensus,Bear Lake Sculpin,Native,Freshwater
Fishes,Cottidae,Cottus greenei,Shoshone Sculpin,Native,Freshwater
Fishes,Cottidae,Cottus immaculatus,Knobfin Sculpin,Native,Freshwater
Fishes,Cyprinidae,Couesius plumbeus,Lake Chub,Native,Freshwater
Fishes,Goodeidae,Crenichthys baileyi grandis,Hiko White River springfish,Native,Freshwater
Fishes,Goodeidae,Crenichthys nevadae,Railroad Valley Springfish,Native,Freshwater
Fishes,Ctenoluciidae,Ctenolucius hujeta,Gar Characin,Exotic,Freshwater
Fishes,Cyprinidae,Ctenopharyngodon idella,Grass Carp,Exotic,Freshwater
Fishes,Cyprinidae,Ctenopharyngodon idella,Grass Carp (diploid),Exotic,Freshwater
Fishes,Cyprinidae,Ctenopharyngodon idella,Grass Carp (triploid),Exotic,Freshwater
Fishes,Cyprinidae,Ctenopharyngodon idella × Hypophthalmichthys nobilis,Grass Carp × Bighead Carp,Exotic Hybrid,Freshwater
Fishes,Anabantidae,Ctenopoma nigropannosum,twospot climbing perch,Exotic,Freshwater
Fishes,Gasterosteidae,Culaea inconstans,Brook Stickleback,Native,Freshwater
Fishes,Cyprinidae,Cyprinella analostana,Satinfin Shiner,Native,Freshwater
Fishes,Cyprinidae,Cyprinella galactura,Whitetail Shiner,Native,Freshwater
Fishes,Cyprinidae,Cyprinella lutrensis,Red Shiner,Native,Freshwater
Fishes,Cyprinidae,Cyprinella pyrrhomelas,Fieryblack Shiner,Native,Freshwater
Fishes,Cyprinidae,Cyprinella spiloptera,Spotfin Shiner,Native,Freshwater
Fishes,Cyprinidae,Cyprinella venusta,Blacktail Shiner,Native,Freshwater
Fishes,Cyprinidae,Cyprinella whipplei,Steelcolor Shiner,Native,Freshwater
Fishes,Cyprinodontidae,Cyprinodon diabolis,Devils Hole Pupfish,Native,Freshwater
Fishes,Cyprinodontidae,Cyprinodon eremus,Sonoyta Pupfish,Native,Freshwater
Fishes,Cyprinodontidae,Cyprinodon macularius,Desert Pupfish,Native,Freshwater
Fishes,Cyprinodontidae,Cyprinodon macularius macularius,Desert Pupfish,Native,Freshwater
Fishes,Cyprinodontidae,Cyprinodon nevadensis,Amargosa Pupfish,Native,Freshwater
Fishes,Cyprinodontidae,Cyprinodon nevadensis amargosae,Amargosa pupfish,Native,Freshwater
Fishes,Cyprinodontidae,Cyprinodon radiosus,Owens Pupfish,Native,Freshwater
Fishes,Cyprinodontidae,Cyprinodon rubrofluviatilis,Red River Pupfish,Native,Freshwater
Fishes,Cyprinodontidae,Cyprinodon salinus,Salt Creek Pupfish,Native,Freshwater
Fishes,Cyprinodontidae,Cyprinodon variegatus,Sheepshead Minnow,Native,Freshwater
Fishes,Cyprinidae,Cyprinus carpio,Common Carp,Exotic,Freshwater
Fishes,Cyprinidae,Cyprinus rubrofuscus,Koi,Exotic,Freshwater
Fishes,Umbridae,Dallia pectoralis,Alaska Blackfish,Native,Freshwater
Fishes,Cyprinidae,Danio rerio,zebra danio,Exotic,Freshwater
Fishes,Cyprinidae,Dawkinsia filamentosa,blackspot barb,Exotic,Freshwater
Fishes,Cyprinidae,Devario malabaricus,Malabar danio,Exotic,Freshwater
Fishes,Tetraodontidae,Dichotomyctere nigroviridis,spotted green pufferfish,Exotic,Freshwater-Brackish
Fishes,Clupeidae,Dorosoma cepedianum,Gizzard Shad,Native,Freshwater-Marine
Fishes,Clupeidae,Dorosoma petenense,Threadfin Shad,Native,Freshwater-Marine
Fishes,Clupeidae,Dorosoma petenense atchafalayae,Mississippi threadfin shad,Native,Freshwater
Fishes,Goodeidae,Empetrichthys latos,Pahrump Poolfish,Native,Freshwater
Fishes,Goodeidae,Empetrichthys latos latos,Pahrump Poolfish,Native,Freshwater
Fishes,Centrarchidae,Enneacanthus gloriosus,Bluespotted Sunfish,Native,Freshwater
Fishes,Cyprinidae,Eremichthys acros,Desert Dace,Native,Freshwater
Fishes,Catostomidae,Erimyzon sucetta,Lake Chubsucker,Native,Freshwater
Fishes,Esocidae,Esox americanus,Redfin Pickerel,Native,Freshwater
Fishes,Esocidae,Esox americanus americanus,Redfin Pickerel,Native,Freshwater
Fishes,Esocidae,Esox americanus vermiculatus,Grass Pickerel,Native,Freshwater
Fishes,Esocidae,Esox lucius,Northern Pike,Native,Freshwater
Fishes,Esocidae,Esox lucius × masquinongy,tiger muskellunge,Native Hybrid,Freshwater
Fishes,Esocidae,Esox lucius × niger,Northern Pike × Chain Pickerel,Native Hybrid,Freshwater
Fishes,Esocidae,Esox lucius × reichertii,Northern Pike × Amur pike,Exotic Hybrid,Freshwater
Fishes,Esocidae,Esox masquinongy,Muskellunge,Native,Freshwater
Fishes,Esocidae,Esox niger,Chain Pickerel,Native,Freshwater
Fishes,Esocidae,Esox reichertii,Amur pike,Exotic,Freshwater
Fishes,Percidae,Etheostoma blennioides,Greenside Darter,Native,Freshwater
Fishes,Percidae,Etheostoma caeruleum,Rainbow Darter,Native,Freshwater
Fishes,Percidae,Etheostoma cragini,Arkansas Darter,Native,Freshwater
Fishes,Percidae,Etheostoma edwini,Brown Darter,Native,Freshwater
Fishes,Percidae,Etheostoma exile,Iowa Darter,Native,Freshwater
Fishes,Percidae,Etheostoma fusiforme,Swamp Darter,Native,Freshwater
Fishes,Percidae,Etheostoma nigrum,Johnny Darter,Native,Freshwater
Fishes,Percidae,Etheostoma nuchale,Watercress Darter,Native,Freshwater
Fishes,Percidae,Etheostoma olmstedi,Tessellated Darter,Native,Freshwater
Fishes,Percidae,Etheostoma rufilineatum,Redline Darter,Native,Freshwater
Fishes,Percidae,Etheostoma simoterum,Snubnose Darter,Native,Freshwater
Fishes,Percidae,Etheostoma sp.,darter,Native,Freshwater
Fishes,Percidae,Etheostoma variatum,variegate darter,Native,Freshwater
Fishes,Percidae,Etheostoma zonale,Banded Darter,Native,Freshwater
Fishes,Cyprinidae,Exoglossum laurae,Tonguetied Minnow,Native,Freshwater
Fishes,Cyprinidae,Exoglossum maxillingua,Cutlip Minnow,Native,Freshwater
Fishes,Loricariidae,Farlowella vittata,twig catfish,Exotic,Freshwater
Fishes,Amblyopsidae,Forbesichthys agassizii,Spring Cavefish,Native,Freshwater
Fishes,Fundulidae,Fundulus catenatus,Northern Studfish,Native,Freshwater
Fishes,Fundulidae,Fundulus chrysotus,Golden Topminnow,Native,Freshwater
Fishes,Fundulidae,Fundulus diaphanus,Banded Killifish,Native,Freshwater
Fishes,Fundulidae,Fundulus diaphanus diaphanus,eastern banded killifish,Native,Freshwater
Fishes,Fundulidae,Fundulus heteroclitus,Mummichog,Native,Freshwater
Fishes,Fundulidae,Fundulus kansae,Northern Plains Killifish,Native,Freshwater
Fishes,Fundulidae,Fundulus lineolatus,Lined Topminnow,Native,Freshwater
Fishes,Fundulidae,Fundulus notatus,Blackstripe Topminnow,Native,Freshwater
Fishes,Fundulidae,Fundulus sciadicus,Plains Topminnow,Native,Freshwater
Fishes,Fundulidae,Fundulus seminolis,Seminole Killifish,Native,Freshwater
Fishes,Fundulidae,Fundulus stellifer,Southern Studfish,Native,Freshwater
Fishes,Fundulidae,Fundulus zebrinus,Plains Killifish,Native,Freshwater
Fishes,Poeciliidae,Gambusia affinis,Western Mosquitofish,Native,Freshwater
Fishes,Poeciliidae,Gambusia geiseri,Largespring Gambusia,Native,Freshwater
Fishes,Poeciliidae,Gambusia holbrooki,Eastern Mosquitofish,Native,Freshwater
Fishes,Poeciliidae,Gambusia nobilis,Pecos Gambusia,Native,Freshwater
Fishes,Gasterosteidae,Gasterosteus aculeatus,Threespine Stickleback,Native,Marine
Fishes,Cichlidae,Geophagus sp.,earth eaters,Exotic,Freshwater
Fishes,Cichlidae,Geophagus steindachneri,Redhump Eartheater,Exotic,Freshwater
Fishes,Cyprinidae,Gila atraria,Utah Chub,Native,Freshwater
Fishes,Cyprinidae,Gila coerulea,Blue Chub,Native,Freshwater
Fishes,Cyprinidae,Gila orcuttii,Arroyo Chub,Native,Freshwater
Fishes,Cyprinidae,Gila pandora,Rio Grande Chub,Native,Freshwater
Fishes,Cyprinidae,Gila robusta,roundtail chub,Native,Freshwater
Fishes,Cyprinidae,Gila seminuda,Virgin Chub,Native,Freshwater
Fishes,Loricariidae,Glyptoperichthys gibbiceps,leopard pleco,Exotic,Freshwater
Fishes,Gobiidae,Gobionellus oceanicus,Highfin Goby,Native,Freshwater-Marine
Fishes,Percidae,Gymnocephalus cernua,Ruffe,Exotic,Freshwater
Fishes,Characidae,Gymnocorymbus ternetzi,black tetra,Exotic,Freshwater
Fishes,Gyrinocheilidae,Gyrinocheilus aymonieri,Chinese algae-eater,Exotic,Freshwater
Fishes,Helostomatidae,Helostoma temminkii,kissing gourami,Exotic,Freshwater
Fishes,Cichlidae,Hemichromis camerounensis,,Exotic,Freshwater
Fishes,Cichlidae,Hemichromis elongatus,banded jewelfish,Exotic,Freshwater
Fishes,Cichlidae,Hemichromis fasciatus,banded jewelfish,Exotic,Freshwater
Fishes,Cichlidae,Hemichromis letourneuxi,African Jewelfish,Exotic,Freshwater-Brackish
Fishes,Characidae,Hemigrammus ocellifer,head-and-taillight tetra,Exotic,Freshwater
Fishes,Cichlidae,Herichthys carpintis,Lowland Cichlid,Exotic,Freshwater
Fishes,Cichlidae,Herichthys cyanoguttatus,Rio Grande Cichlid,Native,Freshwater
Fishes,Cichlidae,Heros severus,Banded Cichlid,Exotic,Freshwater
Fishes,Cyprinidae,Hesperoleucus symmetricus,California Roach,Native,Freshwater
Fishes,Poeciliidae,Heterandria formosa,Least Killifish,Native,Freshwater
Fishes,Hiodontidae,Hiodon alosoides,Goldeye,Native,Freshwater
Fishes,Hiodontidae,Hiodon tergisus,Mooneye,Native,Freshwater
Fishes,Erythrinidae,Hoplias malabaricus,trahira,Exotic,Freshwater
Fishes,Callichthyidae,Hoplosternum littorale,Brown Hoplo,Exotic,Freshwater
Fishes,Bagridae,Horabagrus brachysoma,Günther's catfish,Exotic,Freshwater-Brackish
Fishes,Cyprinidae,Hybognathus hankinsoni,Brassy Minnow,Native,Freshwater
Fishes,Cyprinidae,Hybognathus nuchalis,Mississippi Silvery Minnow,Native,Freshwater
Fishes,Cyprinidae,Hybognathus placitus,Plains Minnow,Native,Freshwater
Fishes,Cyprinidae,Hybognathus regius,Eastern Silvery Minnow,Native,Freshwater
Fishes,Cyprinidae,Hybopsis amblops,Bigeye Chub,Native,Freshwater
Fishes,Cyprinidae,Hybopsis amnis,Pallid Shiner,Native,Freshwater
Fishes,Cyprinidae,Hybopsis cf. winchelli,clear chub,Native,Freshwater
Fishes,Cyprinidae,Hybopsis hypsinotus,Highback Chub,Native,Freshwater
Fishes,Catostomidae,Hypentelium etowanum,Alabama Hog Sucker,Native,Freshwater
Fishes,Catostomidae,Hypentelium nigricans,Northern Hog Sucker,Native,Freshwater
Fishes,Catostomidae,Hypentelium roanokense,Roanoke Hog Sucker,Native,Freshwater
Fishes,Characidae,Hyphessobrycon eques,serpae tetra,Exotic,Freshwater
Fishes,Osmeridae,Hypomesus nipponensis,wakasagi,Exotic,Freshwater
Fishes,Osmeridae,Hypomesus transpacificus,Delta Smelt,Native,Freshwater
Fishes,Cyprinidae,Hypophthalmichthys molitrix,Silver Carp,Exotic,Freshwater
Fishes,Cyprinidae,Hypophthalmichthys molitrix × nobilis,Silver Carp × Bighead Carp,Exotic Hybrid,Freshwater
Fishes,Cyprinidae,Hypophthalmichthys nobilis,Bighead Carp,Exotic,Freshwater
Fishes,Cyprinidae,Hypophthalmichthys sp.,bigheaded carps,Exotic,Freshwater
Fishes,Loricariidae,Hypostomus plecostomus,Suckermouth Catfish,Exotic,Freshwater
Fishes,Loricariidae,Hypostomus sp.,suckermouth catfish,Exotic,Freshwater
Fishes,Loricariidae,Hypostomus sp. (watwata group),suckermouth catfish,Exotic,Freshwater
Fishes,Cichlidae,Hypsophrys nicaraguensis,Moga,Exotic,Freshwater
Fishes,Embiotocidae,Hysterocarpus traskii,Tule Perch,Native,Freshwater
Fishes,Petromyzontidae,Ichthyomyzon unicuspis,Silver Lamprey,Native,Freshwater
Fishes,Ictaluridae,Ictalurus furcatus,Blue Catfish,Native,Freshwater
Fishes,Ictaluridae,Ictalurus pricei,Yaqui Catfish,Native,Freshwater
Fishes,Ictaluridae,Ictalurus punctatus,Channel Catfish,Native,Freshwater
Fishes,Catostomidae,Ictiobus bubalus,Smallmouth Buffalo,Native,Freshwater
Fishes,Catostomidae,Ictiobus cyprinellus,Bigmouth Buffalo,Native,Freshwater
Fishes,Catostomidae,Ictiobus niger,Black Buffalo,Native,Freshwater
Fishes,Cyprinidae,Iotichthys phlegethontis,Least Chub,Native,Freshwater
Fishes,Cyprinodontidae,Jordanella floridae,Flagfish,Native,Freshwater
Fishes,Kuhlidae,Kuhlia rupestris,Rock flagtail,Exotic,Freshwater-Brackish
Fishes,Cyprinidae,Labeo chrysophekadion,black labeo,Exotic,Freshwater
Fishes,Cichlidae,Labeotropheus fuelleborni,blue mbuna,Exotic,Freshwater
Fishes,Atherinopsidae,Labidesthes sicculus,Brook Silverside,Native,Freshwater
Fishes,Cichlidae,Labidochromis caeruleus,blue streak hap,Exotic,Freshwater
Fishes,Lamnidae,Lamna ditropis,salmon shark,Native,Marine
Fishes,Centropomidae,Lates angustifrons,Tanganyika lates,Exotic,Freshwater
Fishes,Centropomidae,Lates mariae,bigeye lates,Exotic,Freshwater
Fishes,Centropomidae,Lates niloticus,Nile perch,Exotic,Freshwater
Fishes,Cyprinidae,Lavinia exilicauda,Hitch,Native,Freshwater
Fishes,Pimelodidae,Leiarius marmoratus,Marbled Pim,Exotic,Freshwater
Fishes,Cyprinidae,Lepidomeda albivallis,White River Spinedace,Native,Freshwater
Fishes,Cyprinidae,Lepidomeda copei,Northern Leatherside Chub,Native,Freshwater
Fishes,Cyprinidae,Lepidomeda mollispinis mollispinis,Virgin Spinedace,Native,Freshwater
Fishes,Cyprinidae,Lepidomeda mollispinis pratensis,Big Spring spinedace,Native,Freshwater
Fishes,Lepisosteidae,Lepisosteus oculatus,Spotted Gar,Native,Freshwater
Fishes,Lepisosteidae,Lepisosteus platostomus,Shortnose Gar,Native,Freshwater
Fishes,Lepisosteidae,Lepisosteus platyrhincus,Florida Gar,Native,Freshwater
Fishes,Lepisosteidae,Lepisosteus sp.,gar,Native,Freshwater
Fishes,Centrarchidae,Lepomis,hybrid sunfish,Native Hybrid,Freshwater
Fishes,Centrarchidae,Lepomis auritus,Redbreast Sunfish,Native,Freshwater
Fishes,Centrarchidae,Lepomis cyanellus,Green Sunfish,Native,Freshwater
Fishes,Centrarchidae,Lepomis gibbosus,Pumpkinseed,Native,Freshwater
Fishes,Centrarchidae,Lepomis gibbosus × cyanellus,Pumpkinseed × Green Sunfish,Native Hybrid,Freshwater
Fishes,Centrarchidae,Lepomis gibbosus × macrochirus,Pumpkinseed × Bluegill,Native Hybrid,Freshwater
Fishes,Centrarchidae,Lepomis gulosus,Warmouth,Native,Freshwater
Fishes,Centrarchidae,Lepomis humilis,Orangespotted Sunfish,Native,Freshwater
Fishes,Centrarchidae,Lepomis macrochirus,Bluegill,Native,Freshwater
Fishes,Centrarchidae,Lepomis macrochirus × cyanellus,Greengill Sunfish,Native Hybrid,Freshwater
Fishes,Centrarchidae,Lepomis macrochirus × microlophus,Bluegill × Redear Sunfish,Native Hybrid,Freshwater
Fishes,Centrarchidae,Lepomis megalotis,Longear Sunfish,Native,Freshwater
Fishes,Centrarchidae,Lepomis microlophus,Redear Sunfish,Native,Freshwater
Fishes,Centrarchidae,Lepomis miniatus,Redspotted Sunfish,Native,Freshwater
Fishes,Centrarchidae,Lepomis sp.,sunfish,Native,Freshwater
Fishes,Anostomidae,Leporinus fasciatus,banded leporinus,Exotic,Freshwater
Fishes,Cyprinidae,Leuciscus idus,Ide,Exotic,Freshwater
Fishes,Poeciliidae,Limia vittata,banded limia,Exotic,Freshwater
Fishes,Gadidae,Lota lota,Burbot,Native,Freshwater
Fishes,Fundulidae,Lucania goodei,Bluefin Killifish,Native,Freshwater
Fishes,Fundulidae,Lucania parva,Rainwater Killifish,Native,Freshwater
Fishes,Cyprinidae,Luxilus albeolus,White Shiner,Native,Freshwater
Fishes,Cyprinidae,Luxilus cerasinus,Crescent Shiner,Native,Freshwater
Fishes,Cyprinidae,Luxilus chrysocephalus,Striped Shiner,Native,Freshwater
Fishes,Cyprinidae,Luxilus chrysocephalus isolepis,Striped Shiner,Native,Freshwater
Fishes,Cyprinidae,Luxilus coccogenis,Warpaint Shiner,Native,Freshwater
Fishes,Cyprinidae,Luxilus cornutus,Common Shiner,Native,Freshwater
Fishes,Cyprinidae,Luxilus zonistius,Bandfin Shiner,Native,Freshwater
Fishes,Cyprinidae,Lythrurus ardens,Rosefin Shiner,Native,Freshwater
Fishes,Cyprinidae,Lythrurus atrapiculus,Blacktip Shiner,Native,Freshwater
Fishes,Cyprinidae,Lythrurus fasciolaris,Scarlet Shiner,Native,Freshwater
Fishes,Cyprinidae,Lythrurus matutinus,Pinewoods Shiner,Native,Freshwater
Fishes,Cyprinidae,Macrhybopsis meeki,Sicklefin Chub,Native,Freshwater
Fishes,Mastacembelidae,Macrognathus siamensis,Spotfin Spiny Eel,Exotic,Freshwater
Fishes,Osphronemidae,Macropodus opercularis,paradise fish,Exotic,Freshwater
Fishes,Cyprinidae,Margariscus margarita,Allegheny Pearl Dace,Native,Freshwater
Fishes,Mastacembelidae,Mastacembelus favus,tire track eel,Exotic,Freshwater
Fishes,Cichlidae,Maylandia estherae,Red Zebra Cichlid,Exotic,Freshwater
Fishes,Cichlidae,Maylandia lombardoi,kenyi cichlid,Exotic,Freshwater
Fishes,Cyprinidae,Meda fulgida,Spikedace,Native,Freshwater
Fishes,Cichlidae,Melanochromis auratus,golden mbuna,Exotic,Freshwater
Fishes,Cichlidae,Melanochromis johannii,blue mbuna,Exotic,Freshwater
Fishes,Melanotaeniidae,Melanotaenia fluviatilis,Australian rainbowfish,Exotic,Freshwater
Fishes,Melanotaeniidae,Melanotaenia nigrans,black-banded rainbowfish,Exotic,Freshwater
Fishes,Atherinopsidae,Menidia audens,Mississippi Silverside,Native,Freshwater
Fishes,Atherinopsidae,Menidia beryllina,Inland Silverside,Native,Freshwater-Marine
Fishes,Cichlidae,Mesonauta festivus,festivum,Exotic,Freshwater
Fishes,Cichlidae,Metriaclima zebra,Nyassa blue cichlid,Exotic,Freshwater
Fishes,Characidae,Metynnis sp.,metynnis,Exotic,Freshwater
Fishes,Centrarchidae,Micropterus cataractae,Shoal Bass,Native,Freshwater
Fishes,Centrarchidae,Micropterus coosae,Redeye Bass (sensu lato),Native,Freshwater
Fishes,Centrarchidae,Micropterus dolomieu,Smallmouth Bass,Native,Freshwater
Fishes,Centrarchidae,Micropterus dolomieu × treculii,a black bass hybrid,Native Hybrid,Freshwater
Fishes,Centrarchidae,Micropterus henshalli,Alabama Bass,Native,Freshwater
Fishes,Centrarchidae,Micropterus punctulatus,Spotted Bass,Native,Freshwater
Fishes,Centrarchidae,Micropterus salmoides,Largemouth Bass,Native,Freshwater
Fishes,Centrarchidae,Micropterus salmoides floridanus,Florida largemouth bass,Native,Freshwater
Fishes,Centrarchidae,Micropterus salmoides salmoides,northern largemouth bass,Native,Freshwater
Fishes,Centrarchidae,Micropterus sp.,black bass,Native,Freshwater
Fishes,Centrarchidae,Micropterus sp. cf. cataractae,Bartram's Bass,Native,Freshwater
Fishes,Centrarchidae,Micropterus treculii,Guadalupe Bass,Native,Freshwater
Fishes,Catostomidae,Minytrema melanops,Spotted Sucker,Native,Freshwater
Fishes,Cobitidae,Misgurnus anguillicaudatus,Pond Loach,Exotic,Freshwater
Fishes,Cobitidae,Misgurnus mizolepis,Chinese fine-scaled loach,Exotic,Freshwater
Fishes,Cyprinidae,Moapa coriacea,Moapa Dace,Native,Freshwater
Fishes,Characidae,Moenkhausia sanctaefilomenae,redeye tetra,Exotic,Freshwater
Fishes,Monodactylidae,Monodactylus sebae,African moony,Exotic,Marine-Freshwater
Fishes,Synbranchidae,Monopterus albus,Asian Swamp Eel,Exotic,Freshwater
Fishes,Synbranchidae,Monopterus cuchia,cuchia,Exotic,Freshwater
Fishes,Synbranchidae,Monopterus sp.,jowled swamp eels,Exotic,Freshwater
Fishes,Moronidae,Morone americana,White Perch,Native,Freshwater
Fishes,Moronidae,Morone americana × mississippiensis,White Perch × Yellow Bass,Native Hybrid,Freshwater
Fishes,Moronidae,Morone americana × saxatilis,White Perch × Striped Bass,Native Hybrid,Freshwater
Fishes,Moronidae,Morone chrysops,White Bass,Native,Freshwater-Marine
Fishes,Moronidae,Morone chrysops × americana,White Bass × White Perch,Native Hybrid,Freshwater
Fishes,Moronidae,Morone chrysops × mississippiensis,White Bass × Yellow Bass,Native Hybrid,Freshwater
Fishes,Moronidae,Morone chrysops × saxatilis,wiper,Native Hybrid,Freshwater-Marine
Fishes,Moronidae,Morone mississippiensis,Yellow Bass,Native,Freshwater
Fishes,Moronidae,Morone mississippiensis × saxatilis,Yellow Bass × Striped Bass,Native Hybrid,Freshwater
Fishes,Moronidae,Morone saxatilis,Striped Bass,Native,Freshwater-Marine
Fishes,Catostomidae,Moxostoma anisurum,Silver Redhorse,Native,Freshwater
Fishes,Catostomidae,Moxostoma cervinum,Blacktip Jumprock,Native,Freshwater
Fishes,Catostomidae,Moxostoma collapsum,Notchlip Redhorse,Native,Freshwater
Fishes,Catostomidae,Moxostoma congestum,Gray Redhorse,Native,Freshwater
Fishes,Catostomidae,Moxostoma erythrurum,Golden Redhorse,Native,Freshwater
Fishes,Catostomidae,Moxostoma lachneri,Greater Jumprock,Native,Freshwater
Fishes,Catostomidae,Moxostoma macrolepidotum,Shorthead Redhorse,Native,Freshwater
Fishes,Catostomidae,Moxostoma pisolabrum,Pealip Redhorse,Native,Freshwater
Fishes,Catostomidae,Moxostoma rupiscartes,Striped Jumprock,Native,Freshwater
Fishes,Mugilidae,Mugil sp.,a mullet,Native,Freshwater
Fishes,Cyprinidae,Mylocheilus caurinus,Peamouth,Native,Freshwater
Fishes,Cyprinidae,Mylopharyngodon piceus,Black Carp,Exotic,Freshwater
Fishes,Cyprinidae,Mylopharyngodon piceus,Black Carp (diploid),Exotic,Freshwater
Fishes,Cyprinidae,Mylopharyngodon piceus,Black Carp (triploid),Exotic,Freshwater
Fishes,Characidae,Myloplus rubripinnis,redhook pacu,Exotic,Freshwater
Fishes,Aplocheilidae,Nematolebias whitei,Rio pearlfish,Exotic,Freshwater
Fishes,Gobiidae,Neogobius melanostomus,Round Goby,Exotic,Freshwater-Brackish
Fishes,Cyprinidae,Nocomis biguttatus,Hornyhead Chub,Native,Freshwater
Fishes,Cyprinidae,Nocomis leptocephalus,Bluehead Chub,Native,Freshwater
Fishes,Cyprinidae,Nocomis leptocephalus bellicus,Bluehead Chub,Native,Freshwater
Fishes,Cyprinidae,Nocomis micropogon,River Chub,Native,Freshwater
Fishes,Cyprinidae,Nocomis raneyi,Bull Chub,Native,Freshwater
Fishes,Cyprinidae,Notemigonus crysoleucas,Golden Shiner,Native,Freshwater
Fishes,Aplocheilidae,Nothobranchius guentheri,redtail notho,Exotic,Freshwater
Fishes,Cyprinidae,Notropis altipinnis,Highfin Shiner,Native,Freshwater
Fishes,Cyprinidae,Notropis amabilis,Texas Shiner,Native,Freshwater
Fishes,Cyprinidae,Notropis amoenus,Comely Shiner,Native,Freshwater
Fishes,Cyprinidae,Notropis amplamala,Longjaw Minnow,Native,Freshwater
Fishes,Cyprinidae,Notropis ariommus,Popeye Shiner,Native,Freshwater
Fishes,Cyprinidae,Notropis atherinoides,Emerald Shiner,Native,Freshwater
Fishes,Cyprinidae,Notropis baileyi,Rough Shiner,Native,Freshwater
Fishes,Cyprinidae,Notropis bairdi,Red River Shiner,Native,Freshwater
Fishes,Cyprinidae,Notropis blennius,River Shiner,Native,Freshwater
Fishes,Cyprinidae,Notropis boops,Bigeye Shiner,Native,Freshwater
Fishes,Cyprinidae,Notropis braytoni,Tamaulipas shiner,Native,Freshwater
Fishes,Cyprinidae,Notropis buccatus,Silverjaw Minnow,Native,Freshwater
Fishes,Cyprinidae,Notropis buccula,Smalleye Shiner,Native,Freshwater
Fishes,Cyprinidae,Notropis chihuahua,Chihuahua shiner,Native,Freshwater
Fishes,Cyprinidae,Notropis chiliticus,Redlip Shiner,Native,Freshwater
Fishes,Cyprinidae,Notropis chrosomus,Rainbow Shiner,Native,Freshwater
Fishes,Cyprinidae,Notropis dorsalis,Bigmouth Shiner,Native,Freshwater
Fishes,Cyprinidae,Notropis girardi,Arkansas River Shiner,Native,Freshwater
Fishes,Cyprinidae,Notropis harperi,Redeye Chub,Native,Freshwater
Fishes,Cyprinidae,Notropis heterolepis,Blacknose Shiner,Native,Freshwater
Fishes,Cyprinidae,Notropis hudsonius,Spottail Shiner,Native,Freshwater
Fishes,Cyprinidae,Notropis hypsilepis,Highscale Shiner,Native,Freshwater
Fishes,Cyprinidae,Notropis leuciodus,Tennessee Shiner,Native,Freshwater
Fishes,Cyprinidae,Notropis longirostris,Longnose Shiner,Native,Freshwater
Fishes,Cyprinidae,Notropis lutipinnis,Yellowfin Shiner,Native,Freshwater
Fishes,Cyprinidae,Notropis nubilus,Ozark Minnow,Native,Freshwater
Fishes,Cyprinidae,Notropis orca,phantom shiner,Native,Freshwater
Fishes,Cyprinidae,Notropis ozarcanus,Ozark Shiner,Native,Freshwater
Fishes,Cyprinidae,Notropis potteri,Chub Shiner,Native,Freshwater
Fishes,Cyprinidae,Notropis procne,Swallowtail Shiner,Native,Freshwater
Fishes,Cyprinidae,Notropis rubellus,Rosyface Shiner,Native,Freshwater
Fishes,Cyprinidae,Notropis rubricroceus,Saffron Shiner,Native,Freshwater
Fishes,Cyprinidae,Notropis spectrunculus,Mirror Shiner,Native,Freshwater
Fishes,Cyprinidae,Notropis stramineus,Sand Shiner,Native,Freshwater
Fishes,Cyprinidae,Notropis stramineus missuriensis,Sand Shiner,Native,Freshwater
Fishes,Cyprinidae,Notropis telescopus,Telescope Shiner,Native,Freshwater
Fishes,Cyprinidae,Notropis texanus,Weed Shiner,Native,Freshwater
Fishes,Cyprinidae,Notropis volucellus,Mimic Shiner,Native,Freshwater
Fishes,Cyprinidae,Notropis xaenocephalus,Coosa Shiner,Native,Freshwater
Fishes,Ictaluridae,Noturus exilis,Slender Madtom,Native,Freshwater
Fishes,Ictaluridae,Noturus flavus,Stonecat,Native,Freshwater
Fishes,Ictaluridae,Noturus gilberti,Orangefin Madtom,Native,Freshwater
Fishes,Ictaluridae,Noturus gyrinus,Tadpole Madtom,Native,Freshwater
Fishes,Ictaluridae,Noturus insignis,Margined Madtom,Native,Freshwater
Fishes,Ictaluridae,Noturus miurus,Brindled Madtom,Native,Freshwater
Fishes,Ictaluridae,Noturus munitus,Frecklebelly Madtom,Native,Freshwater
Fishes,Ictaluridae,Noturus nocturnus,Freckled Madtom,Native,Freshwater
Fishes,Umbridae,Novumbra hubbsi,Olympic Mudminnow,Native,Freshwater
Fishes,Blenniidae,Omobranchus obliquus,zebra blenny,Exotic,Marine
Fishes,Salmonidae,Oncorhynchus aguabonita,Golden Trout,Native,Freshwater
Fishes,Salmonidae,Oncorhynchus apache,Apache Trout,Native,Freshwater
Fishes,Salmonidae,Oncorhynchus clarkii,Cutthroat Trout,Native,Freshwater
Fishes,Salmonidae,Oncorhynchus clarkii behnkei,Snake River Finespotted Cutthroat Trout,Native,Freshwater
Fishes,Salmonidae,Oncorhynchus clarkii bouvieri,Yellowstone cutthroat trout,Native,Freshwater
Fishes,Salmonidae,Oncorhynchus clarkii henshawi,Lahontan cutthroat trout,Native,Freshwater
Fishes,Salmonidae,Oncorhynchus clarkii lewisi,Westslope Cutthroat Trout,Native,Freshwater
Fishes,Salmonidae,Oncorhynchus clarkii pleuriticus,Colorado River cutthroat trout,Native,Freshwater
Fishes,Salmonidae,Oncorhynchus clarkii seleniris,Paiute cutthroat trout,Native,Freshwater
Fishes,Salmonidae,Oncorhynchus clarkii ssp. 2,Pikes Peak cutthroat trout,Native,Freshwater
Fishes,Salmonidae,Oncorhynchus clarkii stomias,greenback cutthroat trout,Native,Freshwater
Fishes,Salmonidae,Oncorhynchus clarkii utah,Bonneville cutthroat trout,Native,Freshwater
Fishes,Salmonidae,Oncorhynchus clarkii virginalis,Rio Grande cutthroat trout,Native,Freshwater
Fishes,Salmonidae,Oncorhynchus clarkii × mykiss,cutbow trout,Native Hybrid,Freshwater
Fishes,Salmonidae,Oncorhynchus gilae,Gila Trout,Native,Freshwater
Fishes,Salmonidae,Oncorhynchus gorbuscha,Pink Salmon,Native,Freshwater-Marine
Fishes,Salmonidae,Oncorhynchus keta,Chum Salmon,Native,Freshwater-Marine
Fishes,Salmonidae,Oncorhynchus kisutch,Coho Salmon,Native,Freshwater-Marine
Fishes,Salmonidae,Oncorhynchus masou,cherry salmon,Exotic,Freshwater
Fishes,Salmonidae,Oncorhynchus mykiss,Rainbow Trout,Native,Freshwater-Marine
Fishes,Salmonidae,Oncorhynchus mykiss irideus,coastal rainbow trout,Native,Freshwater-Marine
Fishes,Salmonidae,Oncorhynchus mykiss kamloops strain,Kamloops trout,Native,Freshwater-Marine
Fishes,Salmonidae,Oncorhynchus mykiss ssp.,redband trout,Native,Freshwater-Marine
Fishes,Salmonidae,Oncorhynchus mykiss whitei,Little Kern golden trout,Native,Freshwater
Fishes,Salmonidae,Oncorhynchus nerka,Sockeye Salmon,Native,Freshwater-Marine
Fishes,Salmonidae,Oncorhynchus tshawytscha,Chinook Salmon,Native,Freshwater-Marine
Fishes,Cichlidae,Oreochromis aureus,Blue Tilapia,Exotic,Freshwater
Fishes,Cichlidae,Oreochromis aureus × mossambicus,Blue Tilapia × Mozambique Tilapia,Exotic Hybrid,Freshwater
Fishes,Cichlidae,Oreochromis aureus × niloticus,Blue Tilapia × Nile Tilapia,Exotic Hybrid,Freshwater
Fishes,Cichlidae,Oreochromis macrochir,longfin tilapia,Exotic,Freshwater
Fishes,Cichlidae,Oreochromis mossambicus,Mozambique Tilapia,Exotic,Freshwater-Brackish
Fishes,Cichlidae,Oreochromis mossambicus × hornorum,hybrid tilapia,Exotic Hybrid,Freshwater
Fishes,Cichlidae,Oreochromis niloticus,Nile Tilapia,Exotic,Freshwater
Fishes,Cichlidae,Oreochromis niloticus × mossambicus,Nile Tilapia × Mozambique Tilapia,Exotic Hybrid,Freshwater
Fishes,Cichlidae,Oreochromis sp.,tilapia,Exotic,Freshwater
Fishes,Cichlidae,Oreochromis urolepis,Wami Tilapia,Exotic,Freshwater
Fishes,Cichlidae,Oreochromis urolepis hornorum,Wami Tilapia,Exotic,Freshwater
Fishes,Cichlidae,Oreochromis urolepis hornorum × mossambicus,hybrid tilapia,Exotic Hybrid,Freshwater
Fishes,Cichlidae,Oreochromis, Sarotherodon, Tilapia sp.,tilapia,Exotic,Freshwater
Fishes,Cichlidae,Oreochromis, Sarotherodon, Tilapia sp. × sp.,hybrid tilapia,Exotic Hybrid,Freshwater
Fishes,Cyprinidae,Orthodon microlepidotus,Sacramento Blackfish,Native,Freshwater
Fishes,Adrianichthyidae,Oryzias latipes,Japanese medaka,Exotic,Freshwater
Fishes,Osmeridae,Osmerus mordax,Rainbow Smelt,Native,Freshwater-Marine
Fishes,Osphronemidae,Osphronemus goramy,giant gourami,Exotic,Freshwater
Fishes,Osteoglossidae,Osteoglossum bicirrhosum,Silver Arowana,Exotic,Freshwater
Fishes,Loricariidae,Otocinclus sp.,suckermouth catfish,Exotic,Freshwater
Fishes,Doradidae,Oxydoras niger,ripsaw catfish,Exotic,Freshwater
Fishes,Pangasiidae,Pangasianodon hypophthalmus,iridescent shark,Exotic,Freshwater
Fishes,Cobitidae,Pangio kuhlii,coolie loach,Exotic,Freshwater
Fishes,Catostomidae,Pantosteus platyrhynchus,Mountain Sucker,Native,Freshwater
Fishes,Catostomidae,Pantosteus plebeius,Rio Grande Sucker,Native,Freshwater
Fishes,Catostomidae,Pantosteus santaanae,Santa Ana Sucker,Native,Freshwater
Fishes,Characidae,Paracheirodon innesi,neon tetra,Exotic,Freshwater
Fishes,Cichlidae,Parachromis dovii,wolf cichlid,Exotic,Freshwater
Fishes,Cichlidae,Parachromis managuensis,Jaguar Guapote,Exotic,Freshwater
Fishes,Cichlidae,Parachromis motaguensis,mota,Exotic,Freshwater
Fishes,Cobitidae,Paramisgurnus dabryanus,Large scale loach,Exotic,Freshwater
Fishes,Loricariidae,Peckoltia sp.,clown pleco,Exotic,Freshwater
Fishes,Cichlidae,Pelvicachromis pulcher,rainbow krib,Exotic,Freshwater
Fishes,Stromateidae,Peprilus simillimus,Pacific Pompano,Native,Marine-Freshwater
Fishes,Percidae,Perca flavescens,Yellow Perch,Native,Freshwater
Fishes,Percidae,Percina caprodes,Logperch,Native,Freshwater
Fishes,Percidae,Percina macrolepida,Bigscale Logperch,Native,Freshwater
Fishes,Percidae,Percina maculata,Blackside Darter,Native,Freshwater
Fishes,Percidae,Percina nigrofasciata,Blackbanded Darter,Native,Freshwater
Fishes,Percidae,Percina notogramma,Stripeback Darter,Native,Freshwater
Fishes,Percidae,Percina peltata,Shield Darter,Native,Freshwater
Fishes,Percidae,Percina roanoka,Roanoke Darter,Native,Freshwater
Fishes,Percidae,Percina shumardi,River Darter,Native,Freshwater
Fishes,Percidae,Percina tanasi,Snail Darter,Native,Freshwater
Fishes,Percopsidae,Percopsis omiscomaycus,Trout-perch,Native,Freshwater
Fishes,Pimelodidae,Perrunichthys perruno,leopard catfish,Exotic,Freshwater
Fishes,Cichlidae,Petenia splendida,Giant Cichlid,Exotic,Freshwater
Fishes,Cyprinidae,Pethia conchonius,rosy barb,Exotic,Freshwater
Fishes,Cyprinidae,Pethia gelius,dwarf barb,Exotic,Freshwater
Fishes,Petromyzontidae,Petromyzon marinus,Sea Lamprey,Native,Freshwater-Marine
Fishes,Cyprinidae,Phenacobius mirabilis,Suckermouth Minnow,Native,Freshwater
Fishes,Alestiidae,Phenacogrammus interruptus,Congo tetra,Exotic,Freshwater
Fishes,Pimelodidae,Phractocephalus hemiliopterus × Pseudoplatystoma sp.,Pimelodid hybrid catfish,Exotic Hybrid,Freshwater
Fishes,Pimelodidae,Phractocephalus hemioliopterus,redtail catfish,Exotic,Freshwater
Fishes,Characidae,Piaractus brachypomus,pirapitinga, red-bellied pacu,Exotic,Freshwater
Fishes,Characidae,Piaractus mesopotamicus,small-scaled pacu,Exotic,Freshwater
Fishes,Characidae,Piaractus orinoquensis,pirapatinga,Exotic,Freshwater
Fishes,Characidae,Piaractus sp.,pacu,Exotic,Freshwater
Fishes,Cyprinidae,Pimephales notatus,Bluntnose Minnow,Native,Freshwater
Fishes,Cyprinidae,Pimephales promelas,Fathead Minnow,Native,Freshwater
Fishes,Cyprinidae,Pimephales tenellus,Slim Minnow,Native,Freshwater
Fishes,Cyprinidae,Pimephales vigilax,Bullhead Minnow,Native,Freshwater
Fishes,Cyprinidae,Plagopterus argentissimus,Woundfin,Native,Freshwater
Fishes,Doradidae,Platydoras costatus,Raphael catfish,Exotic,Freshwater
Fishes,Cyprinidae,Platygobio gracilis,Flathead Chub,Native,Freshwater
Fishes,Osmeridae,Plecoglossus altivelis,ayu,Exotic,Freshwater
Fishes,Poeciliidae,Poecilia formosa,Amazon Molly,Native,Freshwater
Fishes,Poeciliidae,Poecilia kykesis,Péten molly,Exotic,Freshwater
Fishes,Poeciliidae,Poecilia latipinna,Sailfin Molly,Native,Freshwater
Fishes,Poeciliidae,Poecilia latipinna × velifera,black molly,Exotic Hybrid,Freshwater
Fishes,Poeciliidae,Poecilia latipunctata,Tamesí Molly,Exotic,Freshwater
Fishes,Poeciliidae,Poecilia mexicana,Shortfin Molly,Exotic,Freshwater
Fishes,Poeciliidae,Poecilia reticulata,Guppy,Exotic,Freshwater
Fishes,Poeciliidae,Poecilia sp.,unidentified poeciliid (hybrid),Exotic,Freshwater-Brackish
Fishes,Poeciliidae,Poecilia sphenops,Mexican Molly,Exotic,Freshwater
Fishes,Poeciliidae,Poecilia spp. hybrid,lyretail black molly,Exotic Hybrid,Freshwater
Fishes,Poeciliidae,Poecilia vivipara,Guaru,Exotic,Freshwater
Fishes,Poeciliidae,Poeciliopsis gracilis,Porthole Livebearer,Exotic,Freshwater
Fishes,Poeciliidae,Poeciliopsis monacha-occidentalis,,Exotic,Freshwater
Fishes,Poeciliidae,Poeciliopsis occidentalis,Gila Topminnow,Native,Freshwater
Fishes,Poeciliidae,Poeciliopsis occidentalis occidentalis,Gila Topminnow,Native,Freshwater
Fishes,Poeciliidae,Poeciliopsis sp.,unidentified Poeciliopsis,Native,Freshwater
Fishes,Cyprinidae,Pogonichthys macrolepidotus,Splittail,Native,Freshwater
Fishes,Polyodontidae,Polyodon spathula,Paddlefish,Native,Freshwater
Fishes,Polypteridae,Polypterus delhezi,barred bichir,Exotic,Freshwater
Fishes,Centrarchidae,Pomoxis annularis,White Crappie,Native,Freshwater
Fishes,Centrarchidae,Pomoxis nigromaculatus,Black Crappie,Native,Freshwater
Fishes,Centrarchidae,Pomoxis sp.,crappie,Native,Freshwater
Fishes,Salmonidae,Prosopium cylindraceum,Round Whitefish,Native,Freshwater
Fishes,Salmonidae,Prosopium gemmifer,Bonneville Cisco,Native,Freshwater
Fishes,Salmonidae,Prosopium williamsoni,Mountain Whitefish,Native,Freshwater
Fishes,Gobiidae,Proterorhinus semilunaris,Freshwater Tubenose Goby,Exotic,Freshwater-Brackish
Fishes,Protopteridae,Protopterus sp.,lungfish,Exotic,Freshwater
Fishes,Pimelodidae,Pseudoplatystoma fasciatum,tiger catfish,Exotic,Freshwater
Fishes,Pimelodidae,Pseudoplatystoma punctifer,Spotted Tiger Shovelnose Catfish,Exotic,Freshwater
Fishes,Cichlidae,Pseudotropheus demasoni,DeMason's Cichlid,Exotic,Freshwater
Fishes,Cichlidae,Pseudotropheus socolofi,Pindani,Exotic,Freshwater
Fishes,Cichlidae,Pseudotropheus sp.,African Lake cichlid,Exotic,Freshwater
Fishes,Doradidae,Pterodoras granulosus,granulated catfish,Exotic,Freshwater
Fishes,Doradidae,Pterodoras sp.,thorny catfish,Exotic,Freshwater
Fishes,Cichlidae,Pterophyllum scalare,freshwater angelfish,Exotic,Freshwater
Fishes,Cichlidae,Pterophyllum sp.,freshwater angelfish,Exotic,Freshwater
Fishes,Loricariidae,Pterygoplichthys anisitsi,Paraná Sailfin Catfish,Exotic,Freshwater
Fishes,Loricariidae,Pterygoplichthys disjunctivus,Vermiculated Sailfin Catfish,Exotic,Freshwater
Fishes,Loricariidae,Pterygoplichthys multiradiatus,Orinoco Sailfin Catfish,Exotic,Freshwater
Fishes,Loricariidae,Pterygoplichthys pardalis,Amazon Sailfin Catfish,Exotic,Freshwater
Fishes,Loricariidae,Pterygoplichthys sp.,sailfin armored catfish,Exotic,Freshwater
Fishes,Cyprinidae,Ptychocheilus grandis,Sacramento Pikeminnow,Native,Freshwater
Fishes,Cyprinidae,Ptychocheilus umpquae,Umpqua Pikeminnow,Native,Freshwater
Fishes,Gasterosteidae,Pungitius pungitius,Ninespine Stickleback,Native,Freshwater
Fishes,Cyprinidae,Puntigrus tetrazona,tiger barb,Exotic,Freshwater
Fishes,Cyprinidae,Puntius semifasciolatus,green barb,Exotic,Freshwater
Fishes,Characidae,Pygocentrus nattereri,red piranha,Exotic,Freshwater
Fishes,Characidae,Pygocentrus or Serrasalmus sp.,unidentified piranha,Exotic,Freshwater
Fishes,Ictaluridae,Pylodictis olivaris,Flathead Catfish,Native,Freshwater
Fishes,Rachycentridae,Rachycentron canadum,Cobia,Native,Marine-Brackish
Fishes,Cyprinidae,Relictus solitarius,Relict Dace,Native,Freshwater
Fishes,Heptapteridae,Rhamdia quelen,bagre,Exotic,Freshwater
Fishes,Heptapteridae,Rhamdia sp.,bagre de Rio,Exotic,Freshwater
Fishes,Cyprinidae,Rhinichthys atratulus,Blacknose Dace,Native,Freshwater
Fishes,Cyprinidae,Rhinichthys cataractae,Longnose Dace,Native,Freshwater
Fishes,Cyprinidae,Rhinichthys osculus,Speckled Dace,Native,Freshwater
Fishes,Cyprinidae,Rhinichthys osculus klamathensis,Klamath speckled dace,Native,Freshwater
Fishes,Cyprinidae,Rhinichthys osculus robustus,Lahontan speckled dace,Native,Freshwater
Fishes,Gobiidae,Rhinogobius brunneus,Amur goby,Exotic,Freshwater
Fishes,Cyprinidae,Rhodeus sericeus,Bitterling,Exotic,Freshwater
Fishes,Cyprinidae,Richardsonius balteatus,Redside Shiner,Native,Freshwater
Fishes,Cyprinidae,Richardsonius balteatus hydrophlox,Bonneville redside shiner,Native,Freshwater
Fishes,Cyprinidae,Richardsonius egregius,Lahontan Redside,Native,Freshwater
Fishes,Aplocheilidae,Rivulus hartii,Hart's rivulus,Exotic,Freshwater
Fishes,Cichlidae,Rocio octofasciata,Jack Dempsey,Exotic,Freshwater
Fishes,Salmonidae,Salmo letnica,Ohrid trout,Exotic,Freshwater
Fishes,Salmonidae,Salmo salar,Atlantic Salmon,Native,Freshwater-Marine
Fishes,Salmonidae,Salmo salar sebago,Atlantic Salmon,Native,Freshwater-Marine
Fishes,Salmonidae,Salmo salar × trutta,Sambrown,Exotic Hybrid,Freshwater
Fishes,Salmonidae,Salmo trutta,Brown Trout,Exotic,Freshwater
Fishes,Salmonidae,Salmo trutta × Salvelinus fontinalis,tiger trout,Exotic Hybrid,Freshwater
Fishes,Salmonidae,Salvelinus alpinus,Arctic Char,Native,Freshwater-Marine
Fishes,Salmonidae,Salvelinus alpinus oquassa,blueback trout, Sunapee trout,Native,Freshwater-Marine
Fishes,Salmonidae,Salvelinus confluentus,Bull Trout,Native,Freshwater
Fishes,Salmonidae,Salvelinus fontinalis,Brook Trout,Native,Freshwater
Fishes,Salmonidae,Salvelinus fontinalis × confluentus,Brook Trout × Bull Trout,Native Hybrid,Freshwater
Fishes,Salmonidae,Salvelinus fontinalis × namaycush,splake,Native Hybrid,Freshwater
Fishes,Salmonidae,Salvelinus malma,Dolly Varden,Native,Freshwater-Marine
Fishes,Salmonidae,Salvelinus namaycush,Lake Trout,Native,Freshwater
Fishes,Percidae,Sander canadensis,Sauger,Native,Freshwater
Fishes,Percidae,Sander canadensis × vitreus,Saugeye,Native Hybrid,Freshwater
Fishes,Percidae,Sander lucioperca,Zander,Exotic,Freshwater
Fishes,Percidae,Sander vitreus,Walleye,Native,Freshwater
Fishes,Cichlidae,Sarotherodon melanotheron,Blackchin Tilapia,Exotic,Freshwater
Fishes,Cyprinidae,Scardinius erythrophthalmus,Rudd,Exotic,Freshwater
Fishes,Cyprinidae,Semotilus atromaculatus,Creek Chub,Native,Freshwater
Fishes,Cyprinidae,Semotilus corporalis,Fallfish,Native,Freshwater
Fishes,Characidae,Serrasalmus rhombeus,white piranha,Exotic,Freshwater
Fishes,Cyprinidae,Siphateles bicolor,Tui Chub,Native,Freshwater
Fishes,Cyprinidae,Siphateles bicolor mohavensis,Mohave Tui Chub,Native,Freshwater
Fishes,Cyprinidae,Siphateles bicolor obesus,Lahontan Creek Tui Chub,Native,Freshwater
Fishes,Cyprinidae,Siphateles bicolor snyderi,Owens Tui Chub,Native,Freshwater
Fishes,Pimelodidae,Sorubim sp.,unidentified shovelnose catfish,Exotic,Freshwater
Fishes,Pimelodidae,Sorubimichthys planiceps,firewood catfish,Exotic,Freshwater
Fishes,Belonidae,Strongylura marina,Atlantic Needlefish,Native,Freshwater-Marine
Fishes,Cichlidae,Symphysodon discus,red discus,Exotic,Freshwater
Fishes,Mochokidae,Synodontis ocellifer,Ocellated Synodontis,Exotic,Freshwater
Fishes,Mochokidae,Synodontis sp.,squeaker,Exotic,Freshwater
Fishes,Cyprinidae,Tanichthys albonubes,White Cloud Mountain Minnow,Exotic,Freshwater
Fishes,Cichlidae,Telmatochromis bifrenatus,Lake Tanganyika dwarf cichlid,Exotic,Freshwater
Fishes,Catostomidae,Thoburnia rhothoeca,Torrent Sucker,Native,Freshwater
Fishes,Cichlidae,Thorichthys meeki,Firemouth Cichlid,Exotic,Freshwater
Fishes,Salmonidae,Thymallus arcticus,Arctic Grayling,Native,Freshwater
Fishes,Cichlidae,Tilapia buttikoferi,zebra tilapia,Exotic,Freshwater
Fishes,Cichlidae,Tilapia mariae,Spotted Tilapia,Exotic,Freshwater
Fishes,Cichlidae,Tilapia rendalli,redbreast tilapia,Exotic,Freshwater
Fishes,Cichlidae,Tilapia sp.,unidentified tilapia,Exotic,Freshwater
Fishes,Cichlidae,Tilapia sparrmanii,banded tilapia,Exotic,Freshwater
Fishes,Cichlidae,Tilapia zillii,Redbelly Tilapia,Exotic,Freshwater
Fishes,Cyprinidae,Tinca tinca,Tench,Exotic,Freshwater
Fishes,Auchenipteridae,Trachelyopterus galeatus,driftwood catfish,Exotic,Freshwater
Fishes,Osphronemidae,Trichogaster fasciata,banded gourami,Exotic,Freshwater
Fishes,Osphronemidae,Trichogaster labiosa,thicklipped gourami,Exotic,Freshwater
Fishes,Osphronemidae,Trichogaster trichopterus,three-spot gourami,Exotic,Freshwater
Fishes,Osphronemidae,Trichopodus leerii,pearl gourami,Exotic,Freshwater
Fishes,Osphronemidae,Trichopsis vittata,Croaking Gourami,Exotic,Freshwater
Fishes,Gobiidae,Tridentiger bifasciatus,Shimofuri Goby,Exotic,Freshwater-Marine
Fishes,Amblyopsidae,Typhlichthys subterraneus,Southern Cavefish,Native,Freshwater
Fishes,Umbridae,Umbra limi,Central Mudminnow,Native,Freshwater
Fishes,Cichlidae,Vieja bifasciata,,Exotic,Freshwater
Fishes,Cichlidae,Vieja maculicauda,Blackbelt Cichlid,Exotic,Freshwater
Fishes,Cichlidae,Vieja melanura,Redhead Cichlid,Exotic,Freshwater
Fishes,Cichlidae,Vieja zonata,,Exotic,Freshwater
Fishes,Belonidae,Xenentodon cancila,Asian needlefish,Exotic,Freshwater-Brackish
Fishes,Poeciliidae,Xiphophorus hellerii,Green Swordtail,Exotic,Freshwater
Fishes,Poeciliidae,Xiphophorus hellerii × maculatus,red swordtail,Exotic Hybrid,Freshwater
Fishes,Poeciliidae,Xiphophorus hellerii × variatus,platyfish/swordtail,Exotic Hybrid,Freshwater
Fishes,Poeciliidae,Xiphophorus maculatus,Southern Platyfish,Exotic,Freshwater
Fishes,Poeciliidae,Xiphophorus maculatus × variatus,platyfish/swordtail,Exotic Hybrid,Freshwater
Fishes,Poeciliidae,Xiphophorus sp.,platyfish,Exotic,Freshwater
Fishes,Poeciliidae,Xiphophorus variatus,Variable Platyfish,Exotic,Freshwater
Fishes,Poeciliidae,Xiphophorus xiphidium,Swordtail Platyfish,Exotic,Freshwater
Mammals,Castoridae,Castor canadensis,American Beaver,Native,Freshwater
Mammals,Caviidae,Hydrochoerus hydrochaeris,capybara,Exotic,Freshwater
Mammals,Mustelidae,Mustela vison,American Mink,Native,Freshwater-Marine
Mammals,Myocastoridae,Myocastor coypus,nutria,Exotic,Freshwater
Mammals,Muridae,Ondatra zibethicus,muskrat,Native,Freshwater
Mammals,Otariidae,Otaria byronia,South American sealion,Exotic,Marine
Mammals,Otariidae,Zalophus californianus,California sea lion,Native,Marine
Marine Fishes,Pomacentridae,Abudefduf vaigiensis,Sergeant-major,Exotic,Marine
Marine Fishes,Pomacentridae,Acanthochromis polyacanthus,spiny chromis damselfish,Exotic,Marine
Marine Fishes,Gobiidae,Acanthogobius flavimanus,Yellowfin Goby,Exotic,Marine
Marine Fishes,Acanthuridae,Acanthurus guttatus,whitespotted surgeonfish,Exotic,Marine
Marine Fishes,Acanthuridae,Acanthurus monroviae,doctorfish,Exotic,Marine
Marine Fishes,Acanthuridae,Acanthurus pyroferus,chocolate surgeonfish,Exotic,Marine
Marine Fishes,Acanthuridae,Acanthurus sohal,Red Sea surgeonfish,Exotic,Marine
Marine Fishes,Albulidae,Albula vulpes,Bonefish,Native,Marine
Marine Fishes,Pomacentridae,Amphiprion ocellaris,clown anemonefish,Exotic,Marine
Marine Fishes,Engraulidae,Anchoa compressa,Deepbody Anchovy,Exotic,Marine
Marine Fishes,Engraulidae,Anchoa mundeoloides,Northern Gulf Anchovy,Exotic,Marine
Marine Fishes,Anguillidae,Anguilla australis,shortfin eel,Exotic,Marine
Marine Fishes,Haemulidae,Anisotremus davidsonii,Sargo,Native,Marine
Marine Fishes,Pomacanthidae,Apolemichthys xanthopunctatus,goldspotted angelfish,Exotic,Marine
Marine Fishes,Tetraodontidae,Arothron diadematus,masked pufferfish,Exotic,Marine
Marine Fishes,Sciaenidae,Bairdiella icistia,Bairdiella,Exotic,Marine
Marine Fishes,Balistidae,Balistoides conspicillum,clown triggerfish,Exotic,Marine
Marine Fishes,Eleotridae,Butis koilomatodon,mud sleeper,Exotic,Marine
Marine Fishes,Carangidae,Caranx caballus,Green Jack,Exotic,Marine
Marine Fishes,Pomacanthidae,Centropyge flavissima,lemonpeel angel,Exotic,Marine
Marine Fishes,Pomacanthidae,Centropyge loricula,flaming angelfish,Native,Marine
Marine Fishes,Serranidae,Cephalopholis argus,peacock hind,Exotic,Marine
Marine Fishes,Serranidae,Cephalopholis urodeta,darkfin hind,Exotic,Marine
Marine Fishes,Engraulidae,Cetengraulis mysticetus,Anchoveta,Native,Marine
Marine Fishes,Chaetodontidae,Chaetodon lunula,raccoon butterflyfish,Exotic,Marine
Marine Fishes,Pomacanthidae,Chaetodontoplus mesoleucus,vermiculated angelfish,Exotic,Marine
Marine Fishes,Chanidae,Chanos chanos,Milkfish,Native,Marine-Brackish
Marine Fishes,Hemiscylliidae,Chiloscyllium punctatum,brownbanded bambooshark,Exotic,Marine
Marine Fishes,Serranidae,Chromileptes altivelis,Panther Grouper,Exotic,Marine
Marine Fishes,Pomacentridae,Chromis limbata,Azores chromis,Exotic,Marine
Marine Fishes,Cirrhitidae,Cirrhitichthys falco,dwarf hawkfish,Exotic,Marine
Marine Fishes,Cirrhitidae,Cirrhitichthys oxycephalus,Coral Hawkfish,Exotic,Marine
Marine Fishes,Atherinopsidae,Colpichthys regis,False Grunion,Exotic,Marine
Marine Fishes,Sciaenidae,Cynoscion nebulosus,Spotted Seatrout,Native,Marine
Marine Fishes,Sciaenidae,Cynoscion nebulosus × xanthulus,Spotted Seatrout × Orangemouth Corvina,Exotic Hybrid,Marine
Marine Fishes,Sciaenidae,Cynoscion othonopterus,Gulf Corvina,Exotic,Marine
Marine Fishes,Sciaenidae,Cynoscion parvipinnis,Shortfin Corvina,Native,Marine
Marine Fishes,Sciaenidae,Cynoscion xanthulus,Orangemouth Corvina,Exotic,Marine
Marine Fishes,Pomacentridae,Dascyllus aruanus,whitetail damselfish,Exotic,Marine
Marine Fishes,Pomacentridae,Dascyllus trimaculatus,three spot damselfish,Exotic,Marine
Marine Fishes,Engraulidae,Engraulis mordax,Northern Anchovy,Native,Marine
Marine Fishes,Serranidae,Epinephelus fasciatus,blacktip grouper,Exotic,Marine
Marine Fishes,Serranidae,Epinephelus hexagonatus,starspotted grouper,Exotic,Marine
Marine Fishes,Serranidae,Epinephelus irroratus,Marquesan grouper,Exotic,Marine
Marine Fishes,Serranidae,Epinephelus merra,dwarf spotted grouper,Exotic,Marine
Marine Fishes,Serranidae,Epinephelus ongus,Summan grouper,Exotic,Marine-Brackish
Marine Fishes,Paralichthyidae,Etropus crossotus,Fringed Flounder,Native,Marine
Marine Fishes,Gerreidae,Eucinostomus argenteus,Spotfin Mojarra,Native,Marine
Marine Fishes,Gerreidae,Eucinostomus gracilis,Graceful Mojarra,Native,Marine
Marine Fishes,Fundulidae,Fundulus grandis,Gulf Killifish,Native,Marine
Marine Fishes,Gobiidae,Gillichthys mirabilis,Longjaw Mudsucker,Native,Marine
Marine Fishes,Gobiidae,Gillichthys seta,Shortjaw Mudsucker,Exotic,Marine
Marine Fishes,Kyphosidae,Girella simplicidens,Gulf Opaleye,Exotic,Marine
Marine Fishes,Carangidae,Gnathanodon speciosus,golden trevally,Exotic,Marine
Marine Fishes,Gobiidae,Gobiosoma bosc,Naked Goby,Native,Marine
Marine Fishes,Grammatidae,Gramma loreto,Fairy Basslet,Exotic,Marine
Marine Fishes,Muraenidae,Gymnothorax sp.,unidentified moray,Exotic,Marine
Marine Fishes,Labridae,Halichoeres semicinctus,Rock Wrasse,Native,Marine
Marine Fishes,Chaetodontidae,Heniochus acuminatus,pennant coralfish,Exotic,Marine
Marine Fishes,Chaetodontidae,Heniochus diphreutes,pennant coralfish,Exotic,Marine
Marine Fishes,Chaetodontidae,Heniochus intermedius,Red Sea bannerfish,Exotic,Marine
Marine Fishes,Chaetodontidae,Heniochus sp.,bannerfish,Exotic,Marine
Marine Fishes,Clupeidae,Herklotsichthys quadrimaculatus,goldspot herring,Exotic,Marine
Marine Fishes,Blenniidae,Hypsoblennius invemar,Tessellated Blenny,Unknown,Marine
Marine Fishes,Blenniidae,Hypsoblennius ionthas,Freckled Blenny,Native,Marine
Marine Fishes,Pleuronectidae,Hypsopsetta guttulata,Diamond Turbot,Native,Marine
Marine Fishes,Sciaenidae,Leiostomus xanthurus,Spot,Native,Marine
Marine Fishes,Lethrinidae,Lethrinus sp.,emperor,Exotic,Marine
Marine Fishes,Atherinopsidae,Leuresthes sardina,Gulf Grunion,Exotic,Marine
Marine Fishes,Lutjanidae,Lutjanus fulvus,blacktail snapper,Exotic,Marine
Marine Fishes,Lutjanidae,Lutjanus gibbus,humpback snapper,Exotic,Marine
Marine Fishes,Lutjanidae,Lutjanus guttatus,Spotted Rose Snapper,Exotic,Marine
Marine Fishes,Lutjanidae,Lutjanus kasmira,bluestripe snapper,Exotic,Marine
Marine Fishes,Lutjanidae,Lutjanus sebae,emperor snapper,Exotic,Marine
Marine Fishes,Megalopidae,Megalops atlanticus,Tarpon,Native,Marine
Marine Fishes,Atherinopsidae,Membras martinica,Rough Silverside,Native,Marine
Marine Fishes,Sciaenidae,Menticirrhus nasus,Highfin Kingfish,Exotic,Marine
Marine Fishes,Sciaenidae,Menticirrhus undulatus,California Corbina,Native,Marine
Marine Fishes,Sciaenidae,Micropogonias megalops,Gulf Croaker,Exotic,Marine
Marine Fishes,Sciaenidae,Micropogonias undulatus,Atlantic Croaker,Native,Marine
Marine Fishes,Mugilidae,Mugil cephalus,Striped Mullet,Native,Marine
Marine Fishes,Mugilidae,Mugil curema,White Mullet,Native,Marine
Marine Fishes,Gobiidae,Mugilogobius cavifrons,mangrove goby,Exotic,Brackish
Marine Fishes,Acanthuridae,Naso lituratus,orangespine unicornfish,Exotic,Marine
Marine Fishes,Nematistiidae,Nematistius pectoralis,Roosterfish,Native,Marine
Marine Fishes,Pomacentridae,Neopomacentrus cyanomos,Regal Demoiselle,Exotic,Marine
Marine Fishes,Balistidae,Odonus niger,Red-toothed Triggerfish,Exotic,Marine
Marine Fishes,Blenniidae,Omobranchus ferox,fang-toothed blenny,Exotic,Brackish
Marine Fishes,Blenniidae,Omobranchus punctatus,Muzzled blenny,Exotic,Marine
Marine Fishes,Clupeidae,Opisthonema libertate,Deepbody Thread Herring,Exotic,Marine
Marine Fishes,Oplegnathidae,Oplegnathus fasciatus,barred knifejaw,Exotic,Marine
Marine Fishes,Blenniidae,Parablennius thysanius,blenny,Exotic,Marine
Marine Fishes,Acanthuridae,Paracanthurus hepatus,palette surgeonfish,Exotic,Marine
Marine Fishes,Serranidae,Paralabrax maculatofasciatus,Spotted Sand Bass,Native,Marine
Marine Fishes,Paralichthyidae,Paralichthys aestuarius,Cortez Halibut,Exotic,Marine
Marine Fishes,Paralichthyidae,Paralichthys albigutta,Gulf Flounder,Native,Marine
Marine Fishes,Paralichthyidae,Paralichthys lethostigma,Southern Flounder,Native,Marine
Marine Fishes,Paralichthyidae,Paralichthys woolmani,Dappled Flounder,Exotic,Marine
Marine Fishes,Ephippidae,Platax orbicularis,orbicular batfish,Exotic,Marine
Marine Fishes,Pleuronectidae,Platichthys flesus,European flounder,Exotic,Marine
Marine Fishes,Pleuronectidae,Platichthys stellatus,Starry Flounder,Native,Marine
Marine Fishes,Haemulidae,Plectorhinchus chaetodonoides,harlequin sweetlips,Exotic,Marine
Marine Fishes,Sciaenidae,Pogonias cromis,Black Drum,Native,Marine
Marine Fishes,Sciaenidae,Pogonias cromis × Sciaenops ocellatus,Black Drum × Red Drum,Native Hybrid,Marine
Marine Fishes,Pomacanthidae,Pomacanthus annularis,blue ringed angelfish,Exotic,Marine
Marine Fishes,Pomacanthidae,Pomacanthus asfur,Arabian angel,Exotic,Marine
Marine Fishes,Pomacanthidae,Pomacanthus imperator,emperor angelfish,Exotic,Marine
Marine Fishes,Pomacanthidae,Pomacanthus maculosus,yellowbar angelfish,Exotic,Marine
Marine Fishes,Pomacanthidae,Pomacanthus semicirculatus,semicircle angelfish,Exotic,Marine
Marine Fishes,Pomacanthidae,Pomacanthus xanthometopon,bluefaced angel,Exotic,Marine
Marine Fishes,Chaenopsidae,Protemblemaria punctata,Warthead Blenny,Exotic,Marine
Marine Fishes,Scorpaenidae,Pterois volitans/miles,lionfish,Exotic,Marine
Marine Fishes,Pomacanthidae,Pygoplites diacanthus,Regal angelfish,Exotic,Marine
Marine Fishes,Balistidae,Rhinecanthus aculeatus,Lagoon Triggerfish,Exotic,Marine
Marine Fishes,Balistidae,Rhinecanthus verrucosus,bursa triggerfish,Exotic,Marine
Marine Fishes,Carcharhinidae,Rhizoprionodon longurio,Pacific Sharpnose Shark,Native,Marine
Marine Fishes,Carcharhinidae,Rhizoprionodon terraenovae,Atlantic sharpnose shark,Native,Marine
Marine Fishes,Clupeidae,Sardinella marquesensis,Marquesan sardine,Exotic,Marine
Marine Fishes,Scatophagidae,Scatophagus argus,scat,Exotic,Brackish-Marine
Marine Fishes,Sciaenidae,Sciaenops ocellatus,Red Drum,Native,Marine
Marine Fishes,Scombridae,Scomberomorus concolor,Gulf Sierra,Native,Marine
Marine Fishes,Carangidae,Seriola lalandi,great amberjack,Exotic,Marine
Marine Fishes,Siganidae,Siganus unimaculatus,blotched foxface,Exotic,Marine
Marine Fishes,Pomacentridae,Stegastes leucorus,whitetail damselfish,Native,Marine
Marine Fishes,Labridae,Tautoga onitis,Tautog,Native,Marine
Marine Fishes,Terapontidae,Terapon jarbua,Jarbua terapon,Exotic,Marine-Brackish
Marine Fishes,Sciaenidae,Totoaba macdonaldi,Totoaba,Exotic,Marine
Marine Fishes,Carangidae,Trachinotus paitensis,Paloma Pompano,Exotic,Marine
Marine Fishes,Carcharhinidae,Triaenodon obesus,whitetip reef shark,Exotic,Marine
Marine Fishes,Gobiidae,Tridentiger barbatus,Shokihaze Goby,Exotic,Marine
Marine Fishes,Gobiidae,Tridentiger trigonocephalus,Chameleon Goby,Exotic,Marine
Marine Fishes,Mullidae,Upeneus vittatus,bandedtail goatfish,Exotic,Marine
Marine Fishes,Mugilidae,Valamugil engeli,kanda,Exotic,Marine-Brackish
Marine Fishes,Zanclidae,Zanclus cornutus,Moorish Idol,Exotic,Marine
Marine Fishes,Acanthuridae,Zebrasoma desjardinii,sailfin tang,Exotic,Marine
Marine Fishes,Acanthuridae,Zebrasoma flavescens,yellow tang,Exotic,Marine
Marine Fishes,Acanthuridae,Zebrasoma scopas,Brown Tang,Exotic,Marine
Marine Fishes,Acanthuridae,Zebrasoma velifer,sailfin tang,Exotic,Marine
Marine Fishes,Acanthuridae,Zebrasoma xanthurum,yellowtail tang,Exotic,Marine
Mollusks-Bivalves,Unionidae,Alasmidonta marginata,elktoe,Native,Freshwater
Mollusks-Bivalves,Mycetopodidae,Anodontites trapesialis,a freshwater mussel,Exotic,Freshwater
Mollusks-Bivalves,Mytilidae,Arcuatula senhousia,Asian date mussel,Exotic,Marine
Mollusks-Bivalves,Cyrenidae,Corbicula fluminea,basket clam,Exotic,Freshwater
Mollusks-Bivalves,Cyrenidae,Corbicula largillierti,Yangtze basket clam,Exotic,Freshwater
Mollusks-Bivalves,Cyrenidae,Corbicula sp. Form D,a freshwater clam,Exotic,Freshwater
Mollusks-Bivalves,Cyrenidae,Corbicula squalida,a freshwater clam,Exotic,Freshwater
Mollusks-Bivalves,Ostreidae,Crassostrea gigas,Pacific giant oyster,Exotic,Marine
Mollusks-Bivalves,Dreissenidae,Dreissena bugensis,quagga mussel,Exotic,Freshwater
Mollusks-Bivalves,Dreissenidae,Dreissena polymorpha,zebra mussel,Exotic,Freshwater
Mollusks-Bivalves,Dreissenidae,Dreissena sp.,a dreissenid mussel,Exotic,Freshwater
Mollusks-Bivalves,Pisidiidae,Eupera cubensis,mottled fingernailclam,Native,Freshwater
Mollusks-Bivalves,Unionidae,Fusconaia flava,Wabash pigtoe,Native,Freshwater
Mollusks-Bivalves,Unionidae,Lampsilis cardium,plain pocketbook,Native,Freshwater
Mollusks-Bivalves,Unionidae,Lasmigona subviridis,green floater,Native,Freshwater
Mollusks-Bivalves,Unionidae,Leptodea fragilis,fragile papershell,Native,Freshwater
Mollusks-Bivalves,Unionidae,Ligumia recta,black sandshell,Native,Freshwater
Mollusks-Bivalves,Mytilidae,Limnoperna fortunei,Golden Mussel,Exotic,Freshwater
Mollusks-Bivalves,Pisidiidae,Musculium sp.,fingernail clam,Native,Freshwater
Mollusks-Bivalves,Mytilidae,Mytella charruana,Charru mussel,Exotic,Marine
Mollusks-Bivalves,Mytilidae,Perna perna,Mexilhao mussel,Exotic,Marine
Mollusks-Bivalves,Mytilidae,Perna viridis,green mussel,Exotic,Marine-Brackish
Mollusks-Bivalves,Sphaeriidae,Pisidium amnicum,greater European peaclam,Exotic,Freshwater
Mollusks-Bivalves,Sphaeriidae,Pisidium henslowanum,Henslow peaclam,Exotic,Freshwater
Mollusks-Bivalves,Sphaeriidae,Pisidium moitessierianum,pygmy peaclam,Exotic,Freshwater
Mollusks-Bivalves,Sphaeriidae,Pisidium punctiferum,striate peaclam,Exotic,Freshwater
Mollusks-Bivalves,Sphaeriidae,Pisidium supinum,humpbacked peaclam,Exotic,Freshwater
Mollusks-Bivalves,Unionidae,Potamilus alatus,pink heelsplitter,Native,Freshwater
Mollusks-Bivalves,Unionidae,Pyganodon grandis,giant floater,Native,Freshwater
Mollusks-Bivalves,Unionidae,Sinanodonta woodiana,Chinese pond mussel,Exotic,Freshwater
Mollusks-Bivalves,Pisidiidae,Sphaerium corneum,European fingernail clam,Exotic,Freshwater
Mollusks-Bivalves,Modiolidae,Xenostrobus securis,axe-head mussel,Exotic,Brackish
Mollusks-Cephalopods,Octopodidae,Octopus sp.,octopus,Native,Marine
Mollusks-Cephalopods,Octopodidae,Octopus vulgaris,common octopus,Native,Marine
Mollusks-Gastropods,Planorbidae,Biomphalaria glabrata,bloodfluke planorb,Exotic,Freshwater
Mollusks-Gastropods,Planorbidae,Biomphalaria havanensis,ghost ramshorn,Native,Freshwater
Mollusks-Gastropods,Bithyniidae,Bithynia tentaculata,mud bithynia,Exotic,Freshwater
Mollusks-Gastropods,Viviparidae,Callinina georgiana,banded mysterysnail,Native,Freshwater
Mollusks-Gastropods,Viviparidae,Cipangopaludina chinensis,Chinese mysterysnail,Exotic,Freshwater
Mollusks-Gastropods,Viviparidae,Cipangopaludina chinensis malleata,Chinese mysterysnail,Exotic,Freshwater
Mollusks-Gastropods,Viviparidae,Cipangopaludina japonica,Japanese mysterysnail,Exotic,Freshwater
Mollusks-Gastropods,Viviparidae,Cipangopaludina sp.,mysterysnail,Exotic,Freshwater
Mollusks-Gastropods,Planorbidae,Drepanotrema kermatoides,crested ramshorn,Exotic,Freshwater
Mollusks-Gastropods,Pleuroceridae,Elimia livescens,liver elimia,Native,Freshwater
Mollusks-Gastropods,Pleuroceridae,Elimia virginica,Piedmont elimia,Native,Freshwater
Mollusks-Gastropods,Lymnaeidae,Fossaria viridis,a pond snail,Exotic,Freshwater
Mollusks-Gastropods,Hydrobiidae,Gillia altilis,buffalo pebblesnail,Native,Freshwater
Mollusks-Gastropods,Planorbidae,Helisoma sp.,unidentified rams-horn,Native,Freshwater
Mollusks-Gastropods,Ampullariidae,Marisa cornuarietis,giant ramshorn,Exotic,Freshwater
Mollusks-Gastropods,Thiaridae,Melanoides tuberculata,red-rim melania,Exotic,Freshwater
Mollusks-Gastropods,Thiaridae,Melanoides turriculus,fawn melania,Exotic,Freshwater
Mollusks-Gastropods,Thiaridae,Mieniplotia scabra,Pagoda tiara,Exotic,Freshwater
Mollusks-Gastropods,Physidae,Physella acuta,Acute bladder snail,Native,Freshwater
Mollusks-Gastropods,Ampullariidae,Pila luzonica,snail,Exotic,Freshwater
Mollusks-Gastropods,Ampullariidae,Pila scutata,an applesnail,Exotic,Freshwater
Mollusks-Gastropods,Planorbidae,Planorbella duryi,Seminole rams-horn,Native,Freshwater
Mollusks-Gastropods,Pleuroceridae,Pleurocera acuta,sharp hornsnail,Native,Freshwater
Mollusks-Gastropods,Ampullariidae,Pomacea bridgesii,spiketop applesnail,Exotic,Freshwater
Mollusks-Gastropods,Ampullariidae,Pomacea canaliculata,channeled applesnail,Exotic,Freshwater
Mollusks-Gastropods,Ampullariidae,Pomacea cf. canaliculata/maculata,an applesnail,Exotic,Freshwater
Mollusks-Gastropods,Ampullariidae,Pomacea cumingii,an applesnail,Exotic,Freshwater
Mollusks-Gastropods,Ampullariidae,Pomacea diffusa,spike-topped applesnail,Exotic,Freshwater
Mollusks-Gastropods,Ampullariidae,Pomacea haustrum,titan applesnail,Exotic,Freshwater
Mollusks-Gastropods,Ampullariidae,Pomacea maculata,giant applesnail,Exotic,Freshwater
Mollusks-Gastropods,Ampullariidae,Pomacea paludosa,Florida applesnail,Native,Freshwater
Mollusks-Gastropods,Hydrobiidae,Potamopyrgus antipodarum,New Zealand mudsnail,Exotic,Freshwater
Mollusks-Gastropods,Lymnaeidae,Pseudosuccinea columella,mimic lymnaea,Native,Freshwater
Mollusks-Gastropods,Hydrobiidae,Pyrgophorus parvulus,a crownsnail,Native,Freshwater-Brackish
Mollusks-Gastropods,Lymnaeidae,Radix auricularia,European ear snail,Exotic,Freshwater
Mollusks-Gastropods,Muricidae,Rapana rapiformis,Turnip Whelk,Exotic,Marine
Mollusks-Gastropods,Muricidae,Rapana venosa,veined rapa whelk,Exotic,Marine
Mollusks-Gastropods,Subulinidae,Rumina decollata,decollate snail,Exotic,Unknown
Mollusks-Gastropods,Physidae,Stenophysa marmorata,marbled aplexa,Exotic,Freshwater
Mollusks-Gastropods,Physidae,Stenophysa maugeriae,tawny aplexa,Exotic,Freshwater
Mollusks-Gastropods,Thiaridae,Tarebia granifera,quilted melania,Exotic,Freshwater
Mollusks-Gastropods,Valvatidae,Valvata piscinalis,European stream valvata,Exotic,Freshwater
Mollusks-Gastropods,Viviparidae,Viviparus subpurpureus,Olive Mysterysnail,Native,Freshwater
Mollusks-Gastropods,Viviparidae,Viviparus viviparus,Common river snail,Exotic,Freshwater
Nematodes,Anguillicolidae,Anguillicola crassus,eel swim bladder parasite,Exotic,Freshwater-Marine
Plants,Acoraceae,Acorus calamus,single-vein sweetflag,Exotic,Freshwater
Plants,Pteridaceae,Acrostichum aureum,golden leatherfern,Native,Freshwater
Plants,Fabaceae,Aeschynomene fluitans,giant water sensitive plant,Exotic,Freshwater
Plants,Droseraceae,Aldrovanda vesiculosa,waterwheel plant,Exotic,Freshwater
Plants,Alismataceae,Alisma gramineum,Geyer waterplantain,Native,Freshwater
Plants,Alismataceae,Alisma lanceolatum,lanceleaf water plantain,Exotic,Freshwater
Plants,Alismataceae,Alisma plantago-aquatica,European water-plantain,Exotic,Freshwater
Plants,Poaceae,Alopecurus geniculatus,water foxtail,Exotic,Freshwater
Plants,Amaranthaceae,Alternanthera philoxeroides,alligatorweed,Exotic,Freshwater
Plants,Amaranthaceae,Amaranthus australis,southern amaranth,Native,Freshwater
Plants,Amaranthaceae,Amaranthus cannabinus,tidalmarsh amaranth,Native,Brackish
Plants,Lythraceae,Ammannia coccinea,valley redstem,Native,Freshwater
Plants,Apiaceae,Apium nodiflorum,European marshwort,Exotic,Freshwater
Plants,Aponogetonaceae,Aponogeton distachyos,Cape pondweed,Exotic,Freshwater
Plants,Poaceae,Arundo donax,giantreed,Exotic,Freshwater
Plants,Acanthaceae,Avicennia marina,gray mangrove,Exotic,Brackish
Plants,Azollaceae,Azolla cf. cristata/filiculoides,mosquito ferns,Native,Freshwater
Plants,Azollaceae,Azolla pinnata,mosquito fern,Exotic,Freshwater
Plants,Plantaginaceae,Bacopa egensis,Brazilian waterhyssop,Exotic,Freshwater
Plants,Plantaginaceae,Bacopa monnieri,coastal waterhyssop,Native,Freshwater
Plants,Plantaginaceae,Bacopa repens,creeping waterhyssop,Exotic,Freshwater
Plants,Plantaginaceae,Bacopa rotundifolia,disk waterhyssop,Native,Freshwater
Plants,Bataceae,Batis maritima,turtleweed,Native,Brackish
Plants,Asteraceae,Bidens beckii,Beck's water-marigold,Native,Freshwater
Plants,Asteraceae,Blennosperma bakeri,Baker's stickyseed,Native,Freshwater
Plants,Hydrocharitaceae,Blyxa aubertii,roundfruit blyxa,Exotic,Freshwater
Plants,Cyperaceae,Bolboschoenus glaucus,tuberous bulrush,Exotic,Freshwater
Plants,Cyperaceae,Bolboschoenus maritimus paludosus,cosmopolitan bulrush,Native,Freshwater
Plants,Poaceae,Bromidium tandilense,Kennedy's bentgrass,Exotic,Freshwater
Plants,Butomaceae,Butomus umbellatus,flowering rush,Exotic,Freshwater
Plants,Cabombaceae,Cabomba caroliniana,Carolina fanwort,Native,Freshwater
Plants,Cabombaceae,Cabomba palaeformis,fish-grass,Exotic,Freshwater
Plants,Plantaginaceae,Callitriche stagnalis,pond water-starwort,Exotic,Freshwater
Plants,Ranunculaceae,Caltha palustris,yellow marsh-marigold,Native,Freshwater
Plants,Cannaceae,Canna glauca,maraca amarilla,Exotic,Freshwater
Plants,Cyperaceae,Carex acutiformis,lesser pond sedge,Exotic,Freshwater
Plants,Cyperaceae,Carex disticha,tworank sedge,Exotic,Freshwater
Plants,Cyperaceae,Carex extensa,longbract sedge,Exotic,Freshwater
Plants,Pteridaceae,Ceratopteris richardii,triangle waterfern,Native,Freshwater
Plants,Pteridaceae,Ceratopteris thalictroides,watersprite,Native,Freshwater
Plants,Araceae,Colocasia esculenta,wild taro,Exotic,Freshwater
Plants,Caryophyllaceae,Corrigiola litoralis litoralis,strapwort,Exotic,Freshwater
Plants,Asteraceae,Cotula coronopifolia,common brassbuttons,Exotic,Freshwater
Plants,Crassulaceae,Crassula aquatica,water pigmyweed,Native,Freshwater
Plants,Araceae,Cryptocoryne beckettii,Beckett's water trumpet,Exotic,Freshwater
Plants,Araceae,Cryptocoryne undulata,undulate water trumpet,Exotic,Freshwater
Plants,Araceae,Cryptocoryne wendtii,Wendt's water trumpet,Exotic,Freshwater
Plants,Cyperaceae,Cyperus blepharoleptos,Cuban bulrush,Exotic,Freshwater
Plants,Cyperaceae,Cyperus difformis,smallflower umbrella sedge,Exotic,Freshwater
Plants,Cyperaceae,Cyperus papyrus,papyrus,Exotic,Freshwater
Plants,Plantaginaceae,Dopatrium junceum,horsefly's eye,Exotic,Freshwater
Plants,Droseraceae,Drosera aliciae,Australian sundew,Exotic,Freshwater
Plants,Droseraceae,Drosera capensis,Cape sundew,Exotic,Freshwater
Plants,Droseraceae,Drosera filiformis,threadleaf sundew,Native,Freshwater
Plants,Hydrocharitaceae,Egeria densa,Brazilian waterweed,Exotic,Freshwater
Plants,Hydrocharitaceae,Egeria najas,narrowleaf anacharis,Exotic,Freshwater
Plants,Pontederiaceae,Eichhornia azurea,anchored waterhyacinth,Exotic,Freshwater
Plants,Pontederiaceae,Eichhornia crassipes,common water-hyacinth,Exotic,Freshwater
Plants,Pontederiaceae,Eichhornia paniculata,Brazilian water hyacinth,Exotic,Freshwater
Plants,Elatinaceae,Elatine ambigua,Asian waterwort,Exotic,Freshwater
Plants,Elatinaceae,Elatine triandra,longstem waterwort,Exotic,Freshwater
Plants,Cyperaceae,Eleocharis pachycarpa,blacksand spikerush,Exotic,Freshwater
Plants,Cyperaceae,Eleocharis schaffneri,Schaffner's spikerush,Exotic,Freshwater
Plants,Hydrocharitaceae,Elodea canadensis,Canadian waterweed,Native,Freshwater
Plants,Hydrocharitaceae,Elodea nuttallii,nuttall waterweed,Native,Freshwater
Plants,Hydrocharitaceae,Elodea sp.,water weed,Native,Freshwater
Plants,Asteraceae,Enydra fluctuans,buffalo spinach,Exotic,Freshwater
Plants,Eriocaulaceae,Eriocaulon cinereum,ashy pipewort,Exotic,Freshwater
Plants,Eriocaulaceae,Eriocaulon scariosum,rough pipewort,Exotic,Freshwater
Plants,Nymphaeaceae,Euryale ferox,prickly water lily,Exotic,Freshwater
Plants,Rosaceae,Filipendula ulmaria,Queen of the meadow,Exotic,Freshwater
Plants,Phrymaceae,Glossostigma cleistanthum,mudmats,Exotic,Freshwater
Plants,Phrymaceae,Glossostigma diandrum,mudmats,Exotic,Freshwater
Plants,Poaceae,Glyceria fluitans,water mannagrass,Exotic,Freshwater
Plants,Poaceae,Glyceria maxima,reed mannagrass,Exotic,Freshwater
Plants,Hydrocharitaceae,Halophila hawaiiana,Hawai'i seagrass,Native,Marine
Plants,Hydrocharitaceae,Halophila stipulacea,tropical seagrass,Exotic,Marine
Plants,Pontederiaceae,Heteranthera limosa,mud plantain,Native,Freshwater
Plants,Pontederiaceae,Heteranthera rotundifolia,roundleaf mudplantain,Native,Freshwater
Plants,Malvaceae,Hibiscus moscheutos moscheutos,crimsoneyed rosemallow,Native,Freshwater
Plants,Primulaceae,Hottonia palustris,featherfoil,Exotic,Freshwater
Plants,Hydrocharitaceae,Hydrilla verticillata,hydrilla,Exotic,Freshwater
Plants,Hydrocharitaceae,Hydrilla verticillata lithuanica,northern hydrilla,Exotic,Freshwater
Plants,Hydrocharitaceae,Hydrilla verticillata peregrina,wandering hydrilla,Exotic,Freshwater
Plants,Hydrocharitaceae,Hydrilla verticillata verticillata,whorled hydrilla,Exotic,Freshwater
Plants,Hydrocharitaceae,Hydrocharis morsus-ranae,European frogbit,Exotic,Freshwater
Plants,Alismataceae,Hydrocleys nymphoides,waterpoppy,Native,Freshwater
Plants,Araliaceae,Hydrocotyle ranunculoides,floating marsh pennywort,Native,Freshwater
Plants,Hydroleaceae,Hydrolea spinosa,spiny false fiddleleaf,Native,Freshwater
Plants,Acanthaceae,Hygrophila corymbosa,starhorn,Exotic,Freshwater
Plants,Acanthaceae,Hygrophila difformis,water-wisteria,Exotic,Freshwater
Plants,Acanthaceae,Hygrophila polysperma,Indian swampweed,Exotic,Freshwater
Plants,Poaceae,Hymenachne amplexicaulis,West Indian marsh grass,Native,Freshwater
Plants,Balsaminaceae,Impatiens balfourii,Balfour's touch-me-not,Exotic,Freshwater
Plants,Convolvulaceae,Ipomoea aquatica,water spinach,Exotic,Freshwater
Plants,Iridaceae,Iris pseudacorus,yellow iris,Exotic,Freshwater
Plants,Juncaceae,Juncus bulbosus,bulbous rush,Exotic,Freshwater
Plants,Juncaceae,Juncus compressus,roundfruit rush,Exotic,Freshwater
Plants,Juncaceae,Juncus effusus,lamp rush,Native,Freshwater
Plants,Juncaceae,Juncus effusus solutus,lamp rush,Native,Freshwater
Plants,Juncaceae,Juncus gerardii,saltmeadow rush,Native,Freshwater
Plants,Juncaceae,Juncus inflexus,European meadow rush,Exotic,Freshwater
Plants,Araceae,Landoltia punctata,dotted duckweed,Exotic,Freshwater
Plants,Hydrocharitaceae,Limnobium laevigatum,West Indian spongeplant,Exotic,Freshwater
Plants,Hydrocharitaceae,Limnobium spongia,frogbite,Native,Freshwater
Plants,Plantaginaceae,Limnophila × ludoviciana,marshweed,Exotic Hybrid,Freshwater
Plants,Plantaginaceae,Limnophila aromatica,rice paddy herb,Exotic,Freshwater
Plants,Plantaginaceae,Limnophila indica,Indian marshweed,Exotic,Freshwater
Plants,Plantaginaceae,Limnophila sessiliflora,Asian marshweed,Exotic,Freshwater
Plants,Onagraceae,Ludwigia cf. grandiflora/hexapetala,large-flower primrose-willow,Exotic,Freshwater
Plants,Onagraceae,Ludwigia decurrens,wingleaf primrose-willow,Native,Freshwater
Plants,Onagraceae,Ludwigia grandiflora,large-flower primrose-willow,Exotic,Freshwater
Plants,Onagraceae,Ludwigia hexapetala,six petal water primrose,Exotic,Freshwater
Plants,Onagraceae,Ludwigia peploides,floating primrose-willow,Native,Freshwater
Plants,Onagraceae,Ludwigia peploides glabrescens,floating primrose-willow,Native,Freshwater
Plants,Onagraceae,Ludwigia peploides montevidensis,floating primrose-willow,Exotic,Freshwater
Plants,Onagraceae,Ludwigia peploides peploides,floating primrosewillow,Native,Freshwater
Plants,Onagraceae,Ludwigia peruviana,Peruvian primrose-willow,Native,Freshwater
Plants,Combretaceae,Lumnitzera racemosa,white-flowered black mangrove,Exotic,Brackish
Plants,Poaceae,Luziola subintegra,Tropical American watergrass,Exotic,Freshwater
Plants,Lamiaceae,Lycopus asper,rough bugleweed,Native,Freshwater
Plants,Lamiaceae,Lycopus europaeus,European bugleweed,Exotic,Freshwater
Plants,Primulaceae,Lysimachia nummularia,creeping jenny,Exotic,Freshwater
Plants,Primulaceae,Lysimachia punctata,large yellow loosestrife,Exotic,Freshwater
Plants,Lythraceae,Lythrum hyssopifolia,hyssop loosestrife,Exotic,Freshwater
Plants,Lythraceae,Lythrum portula,spatulaleaf loosestrife,Exotic,Freshwater
Plants,Lythraceae,Lythrum salicaria,purple loosestrife,Exotic,Freshwater
Plants,Lythraceae,Lythrum tribracteatum,threebract loosestrife,Exotic,Freshwater
Plants,Marsileaceae,Marsilea crenata,false pepperwort,Exotic,Freshwater
Plants,Marsileaceae,Marsilea drummondii,nardoo,Exotic,Freshwater
Plants,Marsileaceae,Marsilea macropoda,big-foot water-clover,Native,Freshwater
Plants,Marsileaceae,Marsilea minuta,small water-clover,Exotic,Freshwater
Plants,Marsileaceae,Marsilea mutica,Australian water-clover,Exotic,Freshwater
Plants,Marsileaceae,Marsilea oligospora,Pacific waterclover,Native,Freshwater
Plants,Marsileaceae,Marsilea quadrifolia,European water-clover,Exotic,Freshwater
Plants,Marsileaceae,Marsilea sp.,pepperwort,Unknown,Freshwater
Plants,Marsileaceae,Marsilea vestita,hairy water-clover,Native,Freshwater
Plants,Myrtaceae,Melaleuca quinquenervia,paperbark tree,Exotic,Freshwater
Plants,Lamiaceae,Mentha × gracilis,gingermint,Exotic Hybrid,Freshwater
Plants,Lamiaceae,Mentha × piperita,peppermint,Exotic Hybrid,Freshwater
Plants,Lamiaceae,Mentha aquatica,water mint,Exotic,Freshwater
Plants,Pontederiaceae,Monochoria vaginalis,pickerel weed,Exotic,Freshwater
Plants,Commelinaceae,Murdannia keisak,marsh dewflower,Exotic,Freshwater
Plants,Boraginaceae,Myosotis scorpioides,forget-me-not,Exotic,Freshwater
Plants,Haloragaceae,Myriophyllum aquaticum,parrot feather,Exotic,Freshwater
Plants,Haloragaceae,Myriophyllum heterophyllum,variable-leaf watermilfoil,Native,Freshwater
Plants,Haloragaceae,Myriophyllum pinnatum,cutleaf watermilfoil,Native,Freshwater
Plants,Haloragaceae,Myriophyllum sibiricum × spicatum,hybrid watermilfoil,Exotic Hybrid,Freshwater
Plants,Haloragaceae,Myriophyllum sp.,water milfoil,Cryptogenic,Freshwater-Brackish
Plants,Haloragaceae,Myriophyllum spicatum,Eurasian watermilfoil,Exotic,Freshwater-Brackish
Plants,Hydrocharitaceae,Najas gracillima,slender waternymph,Native,Freshwater
Plants,Hydrocharitaceae,Najas graminea,ricefield waternymph,Exotic,Freshwater
Plants,Hydrocharitaceae,Najas guadalupensis,Guadalupe waternymph,Native,Freshwater
Plants,Hydrocharitaceae,Najas guadalupensis guadalupensis,Guadalupe waternymph,Native,Freshwater
Plants,Hydrocharitaceae,Najas marina,holly-leaf waternymph,Native,Freshwater-Brackish
Plants,Hydrocharitaceae,Najas minor,brittle waternymph,Exotic,Freshwater
Plants,Brassicaceae,Nasturtium microphyllum,onerow yellowcress,Exotic,Freshwater
Plants,Brassicaceae,Nasturtium officinale,water-cress,Exotic,Freshwater
Plants,Brassicaceae,Nasturtium sp.,a watercress,Exotic,Freshwater
Plants,Nelumbonaceae,Nelumbo lutea,American lotus,Native,Freshwater
Plants,Nelumbonaceae,Nelumbo nucifera,sacred lotus,Exotic,Freshwater
Plants,Acanthaceae,Nomaphila stricta,stiff beargrass,Exotic,Freshwater
Plants,Nymphaeaceae,Nymphaea × daubenyana,waterlily,Exotic Hybrid,Freshwater
Plants,Nymphaeaceae,Nymphaea × marliacea,waterlily,Exotic Hybrid,Freshwater
Plants,Nymphaeaceae,Nymphaea × thiona,waterlily,Native Hybrid,Freshwater
Plants,Nymphaeaceae,Nymphaea alba,European waterlily,Exotic,Freshwater
Plants,Nymphaeaceae,Nymphaea lotus,white Egyptian lotus,Exotic,Freshwater
Plants,Nymphaeaceae,Nymphaea mexicana,yellow waterlily,Native,Freshwater
Plants,Nymphaeaceae,Nymphaea nouchali,blue lotus,Exotic,Freshwater
Plants,Nymphaeaceae,Nymphaea nouchali,Egyptian lotus,Exotic,Freshwater
Plants,Nymphaeaceae,Nymphaea nouchali,Cape blue waterlily,Exotic,Freshwater
Plants,Nymphaeaceae,Nymphaea odorata,American white waterlily,Native,Freshwater
Plants,Nymphaeaceae,Nymphaea odorata odorata,American white waterlily,Native,Freshwater
Plants,Nymphaeaceae,Nymphaea sp.,waterlily,Cryptogenic,Freshwater
Plants,Menyanthaceae,Nymphoides cristata,crested floating-heart,Exotic,Freshwater
Plants,Menyanthaceae,Nymphoides grayana,Gray's floating-heart,Cryptogenic,Freshwater
Plants,Menyanthaceae,Nymphoides humboldtiana,Humboldt's floating-heart,Native,Freshwater
Plants,Menyanthaceae,Nymphoides indica,water snowflake,Exotic,Freshwater
Plants,Menyanthaceae,Nymphoides peltata,yellow floating-heart,Exotic,Freshwater
Plants,Menyanthaceae,Nymphoides sp.,floatingheart,Cryptogenic,Freshwater
Plants,Apiaceae,Oenanthe javanica,Java waterdropwort,Exotic,Freshwater
Plants,Apiaceae,Oenanthe sarmentosa,water parsley,Native,Freshwater
Plants,Poaceae,Oryza sativa,rice,Exotic,Freshwater
Plants,Hydrocharitaceae,Ottelia alismoides,duck-lettuce,Exotic,Freshwater
Plants,Poaceae,Panicum repens,torpedo grass,Exotic,Freshwater
Plants,Poaceae,Parapholis strigosa,strigose sicklegrass,Exotic,Freshwater
Plants,Araceae,Peltandra virginica,green arrow arum,Native,Freshwater
Plants,Polygonaceae,Persicaria hydropiper,marshpepper knotweed,Exotic,Freshwater
Plants,Poaceae,Phalaris arundinacea,reed canarygrass,Exotic,Freshwater
Plants,Philydraceae,Philydrum lanuginosum,woolly frogs mouth,Native,Freshwater
Plants,Poaceae,Phragmites australis australis,common reed,Exotic,Freshwater
Plants,Phyllanthaceae,Phyllanthus fluitans,red root floater,Exotic,Freshwater
Plants,Araceae,Pistia stratiotes,water lettuce,Cryptogenic,Freshwater
Plants,Pontederiaceae,Pontederia cordata,pickerelweed,Native,Freshwater
Plants,Potamogetonaceae,Potamogeton crispus,curly-leaf pondweed,Exotic,Freshwater
Plants,Potamogetonaceae,Potamogeton crispus × pusillus,hybrid curly-leaved pondweed,Native Hybrid,Freshwater
Plants,Potamogetonaceae,Potamogeton oakesianus,Oakes' pondweed,Native,Freshwater
Plants,Potamogetonaceae,Potamogeton wrightii,,Exotic,Freshwater
Plants,Poaceae,Puccinellia maritima,seaside alkaligrass,Exotic,Brackish
Plants,Polygonaceae,Reynoutria japonica,Itadori knotweed,Exotic,Freshwater
Plants,Brassicaceae,Rorippa amphibia,great yellowcress,Exotic,Freshwater
Plants,Brassicaceae,Rorippa sylvestris,keek,Exotic,Freshwater
Plants,Lythraceae,Rotala indica,Indian toothcup,Exotic,Freshwater
Plants,Lythraceae,Rotala rotundifolia,roundleaf toothcup,Exotic,Freshwater
Plants,Alismataceae,Sagittaria brevirostra,short-beak arrowhead,Native,Freshwater
Plants,Alismataceae,Sagittaria graminea graminea,grassy arrowhead,Native,Freshwater
Plants,Alismataceae,Sagittaria guayanensis guayanensis,Guyanese arrowhead,Exotic,Freshwater
Plants,Alismataceae,Sagittaria montevidensis montevidensis,giant arrowhead,Exotic,Freshwater
Plants,Alismataceae,Sagittaria platyphylla,delta arrowhead,Native,Freshwater
Plants,Alismataceae,Sagittaria rigida,sessilefruit arrowhead,Native,Freshwater
Plants,Salicaceae,Salix atrocinerea,large gray willow,Exotic,Freshwater
Plants,Salicaceae,Salix caprea,goat willow,Exotic,Freshwater
Plants,Salicaceae,Salix cf. cinerea/atrocinerea,large gray willow,Exotic,Freshwater
Plants,Salicaceae,Salix cinerea,large gray willow,Exotic,Freshwater
Plants,Salicaceae,Salix myrsinifolia,European willow,Exotic,Freshwater
Plants,Salviniaceae,Salvinia auriculata,eared watermoss,Exotic,Freshwater
Plants,Salviniaceae,Salvinia minima,water spangles,Exotic,Freshwater
Plants,Salviniaceae,Salvinia molesta,giant salvinia,Exotic,Freshwater
Plants,Salviniaceae,Salvinia natans,eared watermoss,Exotic,Freshwater
Plants,Salviniaceae,Salvinia oblongifolia,oblong salvinia,Exotic,Freshwater
Plants,Sarraceniaceae,Sarracenia purpurea purpurea,purple pitcherplant,Native,Freshwater
Plants,Saururaceae,Saururus cernuus,lizard's tail,Native,Freshwater
Plants,Cyperaceae,Schoenoplectiella mucronata,bog bulrush,Exotic,Freshwater
Plants,Cyperaceae,Schoenoplectus triqueter,streambank bulrush,Exotic,Freshwater
Plants,Cyperaceae,Scleria eggersiana,Eggers' nutrush,Native,Freshwater
Plants,Cyperaceae,Scleria microcarpa,tropical nutrush,Native,Freshwater
Plants,Selaginellaceae,Selaginella uncinata,peacock spikemoss,Exotic,Freshwater
Plants,Typhaceae,Sparganium glomeratum,northern bur-reed,Native,Freshwater
Plants,Caryophyllaceae,Spergularia platensis,La Plata sandspurry,Exotic,Freshwater
Plants,Araceae,Spirodela polyrrhiza,greater duckweed,Native,Freshwater
Plants,Poaceae,Sporobolus × alterniflorus,hybrid smooth cordgrass,Native Hybrid,Brackish-Freshwater
Plants,Poaceae,Sporobolus alterniflorus,smooth cordgrass,Native,Brackish-Freshwater
Plants,Poaceae,Sporobolus anglicus,common cordgrass,Exotic Hybrid,Brackish-Freshwater
Plants,Poaceae,Sporobolus niliacus,African pricklegrass,Exotic,Freshwater
Plants,Poaceae,Sporobolus pumilus,saltmeadow cordgrass,Native,Brackish-Freshwater
Plants,Poaceae,Sporobolus purpurascens,purple dropseed,Native,Brackish-Freshwater
Plants,Hydrocharitaceae,Stratiotes aloides,water soldiers,Exotic,Freshwater
Plants,Potamogetonaceae,Stuckenia pectinata,broadleaf pondweed,Native,Freshwater
Plants,Asteraceae,Symphyotrichum subulatum,southeastern annual saltmarsh aster,Exotic,Freshwater
Plants,Asteraceae,Symphyotrichum subulatum,Bahaman aster,Native,Freshwater
Plants,Asteraceae,Symphyotrichum subulatum,eastern annual saltmarsh aster,Native,Freshwater
Plants,Tamaricaceae,Tamarix sp.,tamarisk,Exotic,Freshwater
Plants,Marantaceae,Thalia dealbata,powdered thalia,Native,Freshwater
Plants,Marantaceae,Thalia geniculata,bent alligator-flag,Native,Freshwater
Plants,Lythraceae,Trapa bispinosa,water chestnut,Exotic,Freshwater
Plants,Lythraceae,Trapa natans,water chestnut,Exotic,Freshwater
Plants,Typhaceae,Typha × glauca,white cattail,Exotic Hybrid,Freshwater
Plants,Typhaceae,Typha angustifolia,narrow-leaved cattail,Exotic,Freshwater
Plants,Typhaceae,Typha domingensis,southern cattail,Native,Freshwater
Plants,Typhaceae,Typha latifolia,broadleaf cattail,Native,Freshwater
Plants,Typhaceae,Typha laxmannii,graceful cattail,Exotic,Freshwater
Plants,Typhaceae,Typha sp.,cattail,Cryptogenic,Freshwater
Plants,Poaceae,Urochloa mutica,para grass,Exotic,Freshwater
Plants,Lentibulariaceae,Utricularia gibba,humped bladderwort,Native,Freshwater
Plants,Lentibulariaceae,Utricularia inflata,swollen bladderwort,Native,Freshwater
Plants,Lentibulariaceae,Utricularia subulata,zigzag bladderwort,Native,Freshwater
Plants,Hydrocharitaceae,Vallisneria americana,wild-celery,Native,Freshwater
Plants,Hydrocharitaceae,Vallisneria australis,ribbon weed,Exotic,Freshwater
Plants,Hydrocharitaceae,Vallisneria spiralis × denseserrulata,hybrid eelgrass,Exotic Hybrid,Freshwater
Plants,Plantaginaceae,Veronica anagallis-aquatica,water speedwell,Exotic,Freshwater
Plants,Plantaginaceae,Veronica beccabunga,European speedwell,Exotic,Freshwater
Plants,Plantaginaceae,Veronica serpyllifolia,thymeleaf speedwell,Native,Freshwater
Plants,Araceae,Wolffia globosa,Asian watermeal,Exotic,Freshwater
Plants,Araceae,Zantedeschia aethiopica,calla lily,Exotic,Freshwater
Plants,Poaceae,Zizania latifolia,Manchurian wildrice,Exotic,Freshwater
Plants,Poaceae,Zizania palustris,northern wildrice,Native,Freshwater
Plants,Poaceae,Zizania palustris,northern wildrice,Native,Freshwater
Plants,Poaceae,Zizania palustris,northern wildrice,Native,Freshwater
Plants,Zosteraceae,Zostera japonica,Japanese eelgrass,Exotic,Marine
Platyhelminthes,Bothriocephalidae,Schyzocotyle acheilognathi,Asian tapeworm,Exotic,Freshwater
Reptiles-Crocodilians,Alligatoridae,Alligator mississippiensis,American alligator,Native,Freshwater
Reptiles-Crocodilians,Alligatoridae,Caiman crocodilus,Common Caiman,Exotic,Freshwater
Reptiles-Crocodilians,Crocodylidae,Crocodylus acutus,American crocodile,Native,Freshwater
Reptiles-Crocodilians,Crocodylidae,Crocodylus moreletii,Morelet's Crocodile,Exotic,Freshwater
Reptiles-Crocodilians,Crocodylidae,Crocodylus niloticus,Nile Crocodile,Exotic,Brackish
Reptiles-Crocodilians,Crocodylidae,Mecistops cataphractus,African Gavial,Exotic,Freshwater
Reptiles-Crocodilians,Alligatoridae,Paleosuchus palpebrosus,Dwarf Caiman,Exotic,Freshwater
Reptiles-Crocodilians,Alligatoridae,Paleosuchus trigonatus,Schneider's Smooth-fronted Caiman,Exotic,Freshwater
Reptiles-Lizards,Varanidae,Varanus salvator,Common Water Monitor,Exotic,Freshwater
Reptiles-Snakes,Acrochordidae,Acrochordus javanicus,Javan Filesnake,Exotic,Freshwater
Reptiles-Snakes,Viperidae,Agkistrodon piscivorus,Cottonmouth,Native,Freshwater
Reptiles-Snakes,Homalopsidae,Erpeton tentaculatum,Tentacled Snake,Exotic,Freshwater
Reptiles-Snakes,Boidae,Eunectes murinus,Green Anaconda,Exotic,Freshwater
Reptiles-Snakes,Boidae,Eunectes notaeus,Yellow Anaconda,Exotic,Freshwater
Reptiles-Snakes,Colubridae,Fordonia leucobalia,Crab-eating water snake,Exotic,Freshwater
Reptiles-Snakes,Colubridae,Natrix tessellata,Tessellated Watersnake,Exotic,Freshwater
Reptiles-Snakes,Colubridae,Nerodia fasciata fasciata,Southern Watersnake,Native,Freshwater
Reptiles-Snakes,Colubridae,Nerodia fasciata pictiventris,Florida Watersnake,Native,Freshwater
Reptiles-Snakes,Colubridae,Nerodia rhombifer,Diamond-backed Watersnake,Native,Freshwater
Reptiles-Snakes,Colubridae,Nerodia sipedon,Northern Watersnake,Native,Freshwater
Reptiles-Snakes,Colubridae,Nerodia taxispilota,Brown Watersnake,Native,Freshwater
Reptiles-Snakes,Pythonidae,Python bivittatus,Burmese Python,Exotic,Freshwater
Reptiles-Snakes,Colubridae,Xenochrophis vittatus,Striped Keelback,Exotic,Freshwater
Reptiles-Turtles,Trionychidae,Apalone ferox,Florida Softshell,Native,Freshwater
Reptiles-Turtles,Trionychidae,Apalone spinifera,Spiny Softshell,Native,Freshwater
Reptiles-Turtles,Trionychidae,Apalone spinifera emoryi,Texas Spiny Softshell,Native,Freshwater
Reptiles-Turtles,Trionychidae,Apalone spinifera pallida,Pallid Spiny Softshell,Native,Freshwater
Reptiles-Turtles,Trionychidae,Apalone spinifera spinifera,Eastern Spiny Softshell,Native,Freshwater
Reptiles-Turtles,Chelidae,Chelus fimbriata,Matamata Turtle,Exotic,Freshwater
Reptiles-Turtles,Chelydridae,Chelydra serpentina,Snapping Turtle,Native,Freshwater
Reptiles-Turtles,Emydidae,Chrysemys picta,Painted Turtle,Native,Freshwater
Reptiles-Turtles,Emydidae,Chrysemys picta bellii,Western Painted Turtle,Native,Freshwater
Reptiles-Turtles,Emydidae,Chrysemys picta dorsalis,Southern Painted Turtle,Native,Freshwater
Reptiles-Turtles,Emydidae,Chrysemys picta marginata,Midland Painted Turtle,Native,Freshwater
Reptiles-Turtles,Geoemydidae,Cuora,Asian box turtles,Exotic,Freshwater
Reptiles-Turtles,Geoemyididae,Cuora amboinensis,Southeast Asian Box Turtle,Exotic,Freshwater
Reptiles-Turtles,Geoemydidae,Cuora flavomarginata,Yellow-margined Box Turtle,Exotic,Freshwater
Reptiles-Turtles,Emydidae,Deirochelys reticularia chrysea,Florida Chicken Turtle,Native,Freshwater
Reptiles-Turtles,Emydidae,Emydoidea blandingii,Blanding's Turtle,Native,Freshwater
Reptiles-Turtles,Chelidae,Emydura subglobosa,Red-bellied Short-necked Turtle,Exotic,Freshwater
Reptiles-Turtles,Emydidae,Glyptemys insculpta,Wood Turtle,Native,Freshwater
Reptiles-Turtles,Emydidae,Glyptemys muhlenbergii,Bog Turtle,Native,Freshwater
Reptiles-Turtles,Emydidae,Graptemys barbouri,Barbour's Map Turtle,Native,Freshwater
Reptiles-Turtles,Emydidae,Graptemys ernsti,Escambia Map Turtle,Native,Freshwater
Reptiles-Turtles,Emydidae,Graptemys geographica,Northern Map Turtle,Native,Freshwater
Reptiles-Turtles,Emydidae,Graptemys ouachitensis,Ouachita Map Turtle,Native,Freshwater
Reptiles-Turtles,Emydidae,Graptemys pseudogeographica,False Map Turtle,Native,Freshwater
Reptiles-Turtles,Emydidae,Graptemys pseudogeographica kohnii,Mississippi Map Turtle,Native,Freshwater
Reptiles-Turtles,Emydidae,Graptemys spp.,Map turtle,Native,Freshwater
Reptiles-Turtles,Kinosternidae,Kinosternon flavescens,Yellow Mud Turtle,Native,Freshwater
Reptiles-Turtles,Kinosternidae,Kinosternon scorpioides,Scorpion Mud Turtle,Exotic,Freshwater
Reptiles-Turtles,Kinosternidae,Kinosternon subrubrum,Eastern Mud Turtle,Native,Freshwater
Reptiles-Turtles,Kinosternidae,Kinosternon subrubrum hippocrepis,Mississippi mud turtle,Native,Freshwater
Reptiles-Turtles,Chelydridae,Macrochelys temminckii,Alligator Snapping Turtle,Native,Freshwater
Reptiles-Turtles,Emydidae,Malaclemys terrapin,Diamond-backed Terrapin,Native,Freshwater
Reptiles-Turtles,Geoemydidae,Malayemys subtrijuga,Mekong Snail-eating Turtle,Exotic,Freshwater
Reptiles-Turtles,Geoemydidae,Mauremys caspica,Caspian Turtle,Exotic,Freshwater
Reptiles-Turtles,Geoemydidae,Mauremys reevesii,Chinese Three-keeled Pond Turtle,Exotic,Freshwater
Reptiles-Turtles,Geoemydidae,Mauremys sinensis,Chinese Stripe-necked Turtle,Exotic,Freshwater
Reptiles-Turtles,Trionychidae,Palea steindachneri,Wattle-necked Softshell,Exotic,Freshwater
Reptiles-Turtles,Trionychidae,Pelodiscus sinensis,Chinese softshell,Exotic,Freshwater
Reptiles-Turtles,Pelomedusidae,Pelusios castaneus,West African Mud Turtle,Exotic,Freshwater
Reptiles-Turtles,Pelomedusidae,Pelusios subniger,East African Black Mud Turtle,Exotic,Freshwater
Reptiles-Turtles,Chelidae,Platemys platycephala,twist-necked turtle,Exotic,Freshwater
Reptiles-Turtles,Platysternidae,Platysternon megacephalum,Big-headed Turtle,Exotic,Freshwater
Reptiles-Turtles,Pelomedusidae,Podocnemis lewyana,Magdalena River Turtle,Exotic,Freshwater
Reptiles-Turtles,Pelomedusidae,Podocnemis sextuberculata,Six-tubercled river turtle,Exotic,Freshwater
Reptiles-Turtles,Pelomedusidae,Podocnemis unifilis,Yellow-spotted River Turtle,Exotic,Freshwater
Reptiles-Turtles,Emydidae,Pseudemys concinna,River Cooter,Native,Freshwater
Reptiles-Turtles,Emydidae,Pseudemys concinna concinna,Eastern River Cooter,Native,Freshwater
Reptiles-Turtles,Emydidae,Pseudemys concinna floridana,Florida cooter,Native,Freshwater
Reptiles-Turtles,Emydidae,Pseudemys concinna suwanniensis,Suwannee River cooter,Native,Freshwater
Reptiles-Turtles,Emydidae,Pseudemys nelsoni,Florida Red-bellied Cooter,Native,Freshwater
Reptiles-Turtles,Emydidae,Pseudemys rubriventris,Northern Red-bellied Cooter,Native,Freshwater
Reptiles-Turtles,Emydidae,Pseudemys spp.,Red-bellied Turtles and Cooters,Native,Freshwater
Reptiles-Turtles,Geoemydidae,Rhinoclemmys funerea,Black Wood Turtle,Exotic,Freshwater
Reptiles-Turtles,Geoemydidae,Rhinoclemmys pulcherrima,Painted Wood Turtle,Exotic,Freshwater
Reptiles-Turtles,Geoemydidae,Rhinoclemmys punctularia,Spot-legged Turtle,Exotic,Freshwater
Reptiles-Turtles,Kinosternidae,Staurotypus salvinii,Pacific Coast giant musk turtle,Exotic,Freshwater
Reptiles-Turtles,Kinosternidae,Sternotherus carinatus,Razor-backed Musk Turtle,Native,Freshwater
Reptiles-Turtles,Kinosternidae,Sternotherus odoratus,Eastern Musk Turtle,Native,Freshwater
Reptiles-Turtles,Emydidae,Trachemys callirostris callirostris,Colombian Slider,Exotic,Freshwater
Reptiles-Turtles,Emydidae,Trachemys dorbigni,Brazilian Slider,Exotic,Freshwater
Reptiles-Turtles,Emydidae,Trachemys scripta,Pond Slider,Native,Freshwater
Reptiles-Turtles,Emydidae,Trachemys scripta elegans,Red-eared Slider,Native,Freshwater
Reptiles-Turtles,Emydidae,Trachemys scripta scripta,Yellow-bellied Slider,Native,Freshwater
Reptiles-Turtles,Emydidae,Trachemys scripta troostii,Cumberland Slider,Native,Freshwater
Reptiles-Turtles,Emydidae,Trachemys stejnegeri malonei,Inagua Slider,Exotic,Freshwater
Reptiles-Turtles,Emydidae,Trachemys venusta,Meso-American Slider,Exotic,Freshwater-Marine
Reptiles-Turtles,Emydidae,Trachemys venusta grayi,Gray's Slider,Exotic,Freshwater
Rotifers,Brachionidae,Brachionus forficula,a brachionid rotifer,Exotic,Freshwater
Rotifers,Brachionidae,Brachionus leydigii,a rotifer,Exotic,Freshwater
