Class,Taxon,habitat - river/lake,,,
"Class,""Taxon"",""river"",""lake"",""Ref"""
",""Adlafia minuscula var. muralis"",""0"",""0"","""""
",""Adlafia suchlandtii"",""0"",""0"","""""
",""Amphirhiza epizootica"","""","""","""""
",""Anathece clathrata"",""0"",""1"","""""
",""Anathece minutissima"",""1"",""0"","""""
",""Anthophysa vegetans"",""0"",""0"","""""
",""Apocalathium aciculiferum"",""0"",""1"","""""
",""Aulacomonas hyalina"",""0"",""0"","""""
",""Autumnella lusatica"",""0"",""0"","""""
",""Bicosoeca ainikkiae"",""0"",""0"","""""
",""Bicosoeca alaskana"","""","""","""""
",""Bicosoeca campanulata"",""0"",""0"","""""
",""Bicosoeca conica"","""","""","""""
",""Bicosoeca cylindrica"",""0"",""0"","""""
",""Bicosoeca eurystoma"","""","""","""""
",""Bicosoeca lacustris"",""0"",""0"","""""
",""Bicosoeca lauterbornii"","""","""","""""
",""Bicosoeca mitra"","""","""","""""
",""Bicosoeca mitra  v. suecica"","""","""","""""
",""Bicosoeca ovata"","""","""","""""
",""Bicosoeca planctonica"",""0"",""0"","""""
",""Bicosoeca planktonica"","""","""","""""
",""Bicosoeca planktonica  v. multiannulata"","""","""","""""
",""Bicosoeca socialis"",""0"",""0"","""""
",""Bicosoeca stellata"","""","""","""""
",""Bicosoeca turrigera"","""","""","""""
",""Borghiella tenuissima"",""0"",""0"","""""
",""Botrydiopsis arhiza"","""","""","""""
",""Cecidochloris adnata"",""0"",""0"","""""
",""Cerataulina pelagica"",""0"",""0"","""""
",""Chara aspera"","""","""","""""
",""Chara aspera var. curta"","""","""","""""
",""Chara aspera var. subinermis"","""","""","""""
",""Chara baltica"","""","""","""""
",""Chara baueri"","""","""","""""
",""Chara braunii"","""","""","""""
",""Chara canescens"","""","""","""""
",""Chara connivens"","""","""","""""
",""Chara contraria"","""","""","""""
",""Chara contraria var. hispidula"","""","""","""""
",""Chara dissoluta"","""","""","""""
",""Chara filiformis"","""","""","""""
",""Chara globularis"","""","""","""""
",""Chara hispida"","""","""","""""
",""Chara horrida"","""","""","""""
",""Chara intermedia"","""","""","""""
",""Chara polyacantha"","""","""","""""
",""Chara strigosa"","""","""","""""
",""Chara subspinosa"","""","""","""""
",""Chara tenuispina"","""","""","""""
",""Chara tomentosa"","""","""","""""
",""Chara virgata"","""","""","""""
",""Chara vulgaris"","""","""","""""
",""Chimonodinium lomnickii"",""0"",""0"","""""
",""Chimonodinium lomnickii var. wierzejskii"",""0"",""0"","""""
",""Chlorodesmos hispida"","""","""","""""
",""Chromophyton rosanoffii"",""0"",""1"","""""
",""Chroodactylon ornatum"","""","""","""""
",""Chrysidalis peritaphrena"",""0"",""0"","""""
",""Chrysocapsella planctonica"","""","""","""""
",""Chrysodendron ramosum"",""0"",""0"","""""
",""Chrysoikos skujae"",""0"",""0"","""""
",""Chrysopora fenestrata"",""0"",""0"","""""
",""Chrysosphaera paludosa"","""","""","""""
",""Chrysoxys rhizopodica"",""0"",""0"","""""
",""Codonosigopsis robinii"",""0"",""0"","""""
",""Coleochaete scutata"","""","""","""""
",""Cyathomonas truncata"",""0"",""0"","""""
",""Delphineis minutissima"","""","""","""""
",""Delphineis surirelloides"","""","""","""""
",""Diadesmis contenta"",""0"",""0"","""""
",""Dictyocha speculum"",""0"",""0"","""""
",""Dinophysis acuminata"",""0"",""0"","""""
",""Diploeca placita"",""0"",""0"","""""
",""Dissodinium pseudolunula"",""0"",""0"","""""
",""Ebria tripartita"",""0"",""0"","""""
",""Eunotogramma dubium"",""0"",""0"","""""
",""Eutreptiella marina"",""0"",""0"","""""
",""Geminella interrupta"",""0"",""0"","""""
",""Geminella mutabilis"",""0"",""0"","""""
",""Geminella turfosa"",""0"",""0"","""""
",""Glaucocystis oocystiformis"","""","""","""""
",""Gyrodinium helveticum"",""0"",""0"","""""
",""Gyrodinium hyalinum"","""","""","""""
",""Gyrodinium spirale"",""0"",""0"","""""
",""Helicopedinella tricostata"",""0"",""0"","""""
",""Heterocapsa rotundata"",""0"",""0"","""""
",""Heterocapsa triquetra"",""0"",""0"","""""
",""Heterodesmus multicellularis"","""","""","""""
",""Heterogloea pyreniger"","""","""","""""
",""Heterotrophe Flagellaten"",""0"",""0"","""""
",""Hortobagyiella verrucosa"",""0"",""0"","""""
",""Hydrococcus cesatii"","""","""","""""
",""Hydrococcus rivularis"",""0"",""0"","""""
",""Juranyiella javorkae"","""","""","""""
",""Kolkwitziella acuta"",""0"",""0"","""""
",""Kryptoperidinium foliaceum"",""0"",""0"","""""
",""Lagynion ampullaceum"","""","""","""""
",""Lamprothamnium papulosum"","""","""","""""
",""Lamprothamnium sonderi"","""","""","""""
",""Lebouridinium glaucum"",""0"",""0"","""""
",""Leucocryptos marina"",""0"",""0"","""""
",""Lobomonas verrucosa"",""0"",""0"","""""
",""Lychnothamnus barbatus"","""","""","""""
",""Marine Bacillariophyceae"","""","""","""""
",""Mediopyxis helysia"",""0"",""0"","""""
",""Menoidium tortuosum"",""0"",""0"","""""
",""Mesoporos perforatus"",""0"",""0"","""""
",""Microthamnion kuetzingianum"",""0"",""0"","""""
",""Microthamnion strictissimum"",""0"",""0"","""""
",""Miosira arentii"","""","""","""""
",""Mischococcus confervicola"","""","""","""""
",""Naiadinium polonicum"",""0"",""1"","""""
",""Nitella capillaris"","""","""","""""
",""Nitella confervacea"","""","""","""""
",""Nitella flexilis"","""","""","""""
",""Nitella flexilis / opaca"","""","""","""""
",""Nitella gracilis"","""","""","""""
",""Nitella hyalina"","""","""","""""
",""Nitella mucronata"","""","""","""""
",""Nitella opaca"","""","""","""""
",""Nitella syncarpa"","""","""","""""
",""Nitella tenuissima"","""","""","""""
",""Nitella translucens"","""","""","""""
",""Nitellopsis obtusa"","""","""","""""
",""Nitzschia salinarum"",""0"",""0"","""""
",""Noctiluca scintillans"",""0"",""0"","""""
",""Octactis speculum"",""0"",""0"","""""
",""Palatinus apiculatus"",""0"",""0"","""""
",""Paraphysomonas vestita"",""0"",""0"","""""
",""Parlibellus protracta"",""0"",""0"","""""
",""Parvodinium goslaviense"",""0"",""1"","""""
",""Parvodinium inconspicuum"",""0"",""0"","""""
",""Parvodinium pusillum"",""0"",""0"","""""
",""Parvodinium umbonatum"",""0"",""1"","""""
",""Pascherina tetras"",""0"",""0"","""""
",""Peridiniopsis berolinense"",""0"",""1"","""""
",""Peridiniopsis dinobryonis"","""","""","""""
",""Phaeocystis globosa"",""0"",""0"","""""
",""Phaeoplaca thallosa"","""","""","""""
",""Phalacroma rotundatum"",""0"",""0"","""""
",""Phytoplankton, divers"",""0"",""0"","""""
",""Picoplankton, divers"",""0"",""0"","""""
",""Polykrikos kofoidii"",""0"",""0"","""""
",""Polykrikos schwartzii"",""0"",""0"","""""
",""Protoperidinium bipes"",""0"",""0"","""""
",""Protoperidinium curtipes"",""0"",""0"","""""
",""Protoperidinium divergens"",""0"",""0"","""""
",""Protoperidinium pentagonum"",""0"",""0"","""""
",""Provasoliella ovata"",""0"",""0"","""""
",""Raphidonema planctonicum"",""0"",""0"","""""
",""Scotinosphaera paradoxa"","""","""","""""
",""Simonsenia delognei"",""0"",""0"","""""
",""Sphaerospermopsis aphanizomenoides"",""1"",""0"","""""
",""Stenokalyx tubiformis"",""1"",""1"","""""
",""Stephanoporos regularis"","""","""","""""
",""Stokesiella dissimilis"","""","""","""""
",""Stokesiella longipes"","""","""","""""
",""Stokesiella minutissima"","""","""","""""
",""Teleaulax acuta"",""0"",""0"","""""
",""Tetradinium javanicum"",""0"",""0"","""""
",""Tolypella glomerata"","""","""","""""
",""Tolypella intricata"","""","""","""""
",""Tolypella nidifica"","""","""","""""
",""Tolypella prolifera"","""","""","""""
",""Torodinium robustum"",""0"",""0"","""""
",""Tyrannodinium edax"",""0"",""1"","""""
",""Ulvella cladophorae"","""","""","""""
"Bacillariophyceae,""Acanthoceras zachariasii"",""1"",""1"","""""
"Bacillariophyceae,""Achnanthes brevipes"","""","""","""""
"Bacillariophyceae,""Achnanthes catenata"",""1"",""0"","""""
"Bacillariophyceae,""Achnanthes exigua"",""0"",""0"","""""
"Bacillariophyceae,""Achnanthes lanceolata - Sippen"",""1"",""0"","""""
"Bacillariophyceae,""Achnanthes linearis"","""","""","""""
"Bacillariophyceae,""Achnanthes oblongella"",""0"",""0"","""""
"Bacillariophyceae,""Achnanthes taeniata"","""","""","""""
"Bacillariophyceae,""Achnanthidium catenata"","""","""","""""
"Bacillariophyceae,""Achnanthidium catenatum"",""1"",""0"","""""
"Bacillariophyceae,""Achnanthidium exiguum"",""0"",""0"","""""
"Bacillariophyceae,""Achnanthidium exilis"","""","""","""""
"Bacillariophyceae,""Achnanthidium minutissima"","""","""","""""
"Bacillariophyceae,""Achnanthidium minutissimum"",""0"",""0"","""""
"Bacillariophyceae,""Achnanthidium minutissimum - Sippen"",""1"",""0"","""""
"Bacillariophyceae,""Achnanthidium minutissimum var. minutissimum"","""","""","""""
"Bacillariophyceae,""Achnanthidium subatomus"",""0"",""0"","""""
"Bacillariophyceae,""Achnanthidium subatomus"","""","""","""""
"Bacillariophyceae,""Actinella punctata"","""","""","""""
"Bacillariophyceae,""Actinocyclus normanii"",""1"",""1"","""""
"Bacillariophyceae,""Actinocyclus normanii  m. subsalsus"","""","""","""""
"Bacillariophyceae,""Actinocyclus normanii f. normanii"",""1"",""1"","""""
"Bacillariophyceae,""Actinocyclus normanii f. subsalsus"",""1"",""1"","""""
"Bacillariophyceae,""Actinoptychus senarius"",""0"",""0"","""""
"Bacillariophyceae,""Actinoptychus splendens"",""0"",""0"","""""
"Bacillariophyceae,""Amphipleura pellucida"","""","""","""""
"Bacillariophyceae,""Amphora aff. veneta"",""0"",""0"","""""
"Bacillariophyceae,""Amphora coffeaeformis"",""0"",""0"","""""
"Bacillariophyceae,""Amphora commutata"","""","""","""""
"Bacillariophyceae,""Amphora copulata"",""0"",""0"","""""
"Bacillariophyceae,""Amphora copulata"","""","""","""""
"Bacillariophyceae,""Amphora holsatica"",""0"",""0"","""""
"Bacillariophyceae,""Amphora inariensis"","""","""","""""
"Bacillariophyceae,""Amphora montana"",""0"",""0"","""""
"Bacillariophyceae,""Amphora oligotraphenta"",""0"",""0"","""""
"Bacillariophyceae,""Amphora ostrearia"","""","""","""""
"Bacillariophyceae,""Amphora ovalis"",""1"",""1"","""""
"Bacillariophyceae,""Amphora pediculus"",""0"",""0"","""""
"Bacillariophyceae,""Amphora pediculus"","""","""","""""
"Bacillariophyceae,""Amphora veneta"",""0"",""0"","""""
"Bacillariophyceae,""Amphora veneta"","""","""","""""
"Bacillariophyceae,""Anabaena aequalis"","""","""","""""
"Bacillariophyceae,""Anabaena affinis"",""0"",""0"","""""
"Bacillariophyceae,""Anabaena bergii"",""0"",""1"","""""
"Bacillariophyceae,""Anabaena bergii  var. limnetica"","""","""","""""
"Bacillariophyceae,""Anabaena catenula  var. affinis"","""","""","""""
"Bacillariophyceae,""Anabaena circinalis"",""0"",""1"","""""
"Bacillariophyceae,""Anabaena compacta"",""1"",""1"","""""
"Bacillariophyceae,""Anabaena crassa"",""0"",""1"","""""
"Bacillariophyceae,""Anabaena curva"","""","""","""""
"Bacillariophyceae,""Anabaena cylindrica"",""0"",""0"","""""
"Bacillariophyceae,""Anabaena danica"","""","""","""""
"Bacillariophyceae,""Anabaena delicatula"","""","""","""""
"Bacillariophyceae,""Anabaena ellipsoides"","""","""","""""
"Bacillariophyceae,""Anabaena farciminiformis"","""","""","""""
"Bacillariophyceae,""Anabaena flos-aquae"",""0"",""1"","""""
"Bacillariophyceae,""Anabaena flos-aquae  var. treleasi"","""","""","""""
"Bacillariophyceae,""Anabaena fusca"","""","""","""""
"Bacillariophyceae,""Anabaena heterospora"",""0"",""0"","""""
"Bacillariophyceae,""Anabaena inaequalis"","""","""","""""
"Bacillariophyceae,""Anabaena kisseleviana"","""","""","""""
"Bacillariophyceae,""Anabaena lemmermannii"",""1"",""1"","""""
"Bacillariophyceae,""Anabaena macrospora"",""0"",""1"","""""
"Bacillariophyceae,""Anabaena manguinii"","""","""","""""
"Bacillariophyceae,""Anabaena mendotae"",""0"",""0"","""""
"Bacillariophyceae,""Anabaena miniata"","""","""","""""
"Bacillariophyceae,""Anabaena mucosa"","""","""","""""
"Bacillariophyceae,""Anabaena planctonica"",""1"",""1"","""""
"Bacillariophyceae,""Anabaena sigmoidea"",""0"",""1"","""""
"Bacillariophyceae,""Anabaena skujae-laxa"","""","""","""""
"Bacillariophyceae,""Anabaena smithii"",""0"",""0"","""""
"Bacillariophyceae,""Anabaena solitaria"",""0"",""1"","""""
"Bacillariophyceae,""Anabaena spiroides"",""1"",""1"","""""
"Bacillariophyceae,""Anabaena subcylindrica"","""","""","""""
"Bacillariophyceae,""Anabaena viguieri"",""1"",""1"","""""
"Bacillariophyceae,""Aneumastus stroesei"","""","""","""""
"Bacillariophyceae,""Aneumastus tusculus"",""0"",""0"","""""
"Bacillariophyceae,""Aneumastus tusculus"","""","""","""""
"Bacillariophyceae,""Anomoeoneis sphaerophora"",""0"",""0"","""""
"Bacillariophyceae,""Anomoeoneis sphaerophora"","""","""","""""
"Bacillariophyceae,""Asterionella formosa"",""1"",""1"","""""
"Bacillariophyceae,""Asterionella ralfsii var. hustedtiana"","""","""","""""
"Bacillariophyceae,""Asterionella ralfsii var. ralfsii"","""","""","""""
"Bacillariophyceae,""Aulacoseira alpigena"","""","""","""""
"Bacillariophyceae,""Aulacoseira ambigua"",""1"",""1"","""""
"Bacillariophyceae,""Aulacoseira crassipunctata"","""","""","""""
"Bacillariophyceae,""Aulacoseira distans"",""1"",""1"","""""
"Bacillariophyceae,""Aulacoseira distans  v. tenella"","""","""","""""
"Bacillariophyceae,""Aulacoseira distans var. nivalis"","""","""","""""
"Bacillariophyceae,""Aulacoseira granulata"",""1"",""1"","""""
"Bacillariophyceae,""Aulacoseira granulata  var. curvata"",""0"",""1"","""""
"Bacillariophyceae,""Aulacoseira granulata var. angustissima"",""0"",""1"","""""
"Bacillariophyceae,""Aulacoseira islandica"",""1"",""1"","""""
"Bacillariophyceae,""Aulacoseira islandica  v. helvetica"","""","""","""""
"Bacillariophyceae,""Aulacoseira italica"",""0"",""1"","""""
"Bacillariophyceae,""Aulacoseira italica var. tenuissima"",""0"",""1"","""""
"Bacillariophyceae,""Aulacoseira laevissima"","""","""","""""
"Bacillariophyceae,""Aulacoseira muzzanensis"",""1"",""1"","""""
"Bacillariophyceae,""Aulacoseira perglabra"","""","""","""""
"Bacillariophyceae,""Aulacoseira pfaffiana"","""","""","""""
"Bacillariophyceae,""Aulacoseira subarctica"",""1"",""1"","""""
"Bacillariophyceae,""Aulacoseira subarctica  f. recta"","""","""","""""
"Bacillariophyceae,""Aulacoseira tenella"","""","""","""""
"Bacillariophyceae,""Aulacoseira valida"","""","""","""""
"Bacillariophyceae,""Bacillaria paradoxa"","""","""","""""
"Bacillariophyceae,""Bacillaria paxillifer"","""","""","""""
"Bacillariophyceae,""Bacillaria paxillifera"",""0"",""0"","""""
"Bacillariophyceae,""Berkeleya rutilans"","""","""","""""
"Bacillariophyceae,""Brachysira brebissonii"","""","""","""""
"Bacillariophyceae,""Brachysira neoexilis"",""0"",""0"","""""
"Bacillariophyceae,""Brachysira vitrea"","""","""","""""
"Bacillariophyceae,""Caloneis amphisbaena"",""0"",""0"","""""
"Bacillariophyceae,""Caloneis amphisbaena  f. subsalina"","""","""","""""
"Bacillariophyceae,""Caloneis bacillum"",""0"",""0"","""""
"Bacillariophyceae,""Caloneis lancettula"",""0"",""0"","""""
"Bacillariophyceae,""Caloneis silicula"","""","""","""""
"Bacillariophyceae,""Campylodiscus bicostatus"","""","""","""""
"Bacillariophyceae,""Campylodiscus clipeus"","""","""","""""
"Bacillariophyceae,""Campylodiscus clypeus"","""","""","""""
"Bacillariophyceae,""Campylodiscus echeneis"","""","""","""""
"Bacillariophyceae,""Campylodiscus hibernicus"",""0"",""0"","""""
"Bacillariophyceae,""Campylodiscus levanderi"","""","""","""""
"Bacillariophyceae,""Campylodiscus noricus"","""","""","""""
"Bacillariophyceae,""Catenula adhaerens"","""","""","""""
"Bacillariophyceae,""Cavinula scutelloides"",""0"",""0"","""""
"Bacillariophyceae,""Cavinula scutelloides"","""","""","""""
"Bacillariophyceae,""Centronella rostafinskii"","""","""","""""
"Bacillariophyceae,""Chaetoceros castracanei"",""0"",""0"","""""
"Bacillariophyceae,""Chaetoceros debilis"",""0"",""0"","""""
"Bacillariophyceae,""Chaetoceros decipiens"",""0"",""0"","""""
"Bacillariophyceae,""Chaetoceros exospermus"","""","""","""""
"Bacillariophyceae,""Chaetoceros muelleri"",""0"",""0"","""""
"Bacillariophyceae,""Chaetoceros orientalis"","""","""","""""
"Bacillariophyceae,""Chaetoceros protuberans"",""0"",""0"","""""
"Bacillariophyceae,""Chaetoceros radicans"","""","""","""""
"Bacillariophyceae,""Chaetoceros socialis"",""0"",""0"","""""
"Bacillariophyceae,""Chaetoceros subtilis"",""0"",""0"","""""
"Bacillariophyceae,""Characium acuminatum"","""","""","""""
"Bacillariophyceae,""Characium angustum"",""0"",""1"","""""
"Bacillariophyceae,""Characium ensiforme"","""","""","""""
"Bacillariophyceae,""Characium minutum"","""","""","""""
"Bacillariophyceae,""Characium ornithocephalum"","""","""","""""
"Bacillariophyceae,""Cocconeis euglypta"","""","""","""""
"Bacillariophyceae,""Cocconeis pediculus"",""1"",""0"","""""
"Bacillariophyceae,""Cocconeis placentula"",""1"",""1"","""""
"Bacillariophyceae,""Cocconeis placentula  v. lineata"","""","""","""""
"Bacillariophyceae,""Cocconeis placentula var. placentula"","""","""","""""
"Bacillariophyceae,""Cocconeis pseudolineata"","""","""","""""
"Bacillariophyceae,""Cocconeis pseudothumensis"",""0"",""0"","""""
"Bacillariophyceae,""Conticribra weissflogii"",""0"",""0"","""""
"Bacillariophyceae,""Coscinodiscopsis commutata"",""0"",""0"","""""
"Bacillariophyceae,""Coscinodiscus granii"",""0"",""0"","""""
"Bacillariophyceae,""Coscinodiscus granii"","""","""","""""
"Bacillariophyceae,""Coscinodiscus radiatus"",""0"",""0"","""""
"Bacillariophyceae,""Craticula accomoda"",""0"",""0"","""""
"Bacillariophyceae,""Craticula accomoda"","""","""","""""
"Bacillariophyceae,""Craticula ambigua"","""","""","""""
"Bacillariophyceae,""Craticula citrus"",""0"",""0"","""""
"Bacillariophyceae,""Craticula cuspidata"",""0"",""0"","""""
"Bacillariophyceae,""Craticula cuspidata"","""","""","""""
"Bacillariophyceae,""Craticula halophila"",""0"",""0"","""""
"Bacillariophyceae,""Craticula molestiformis"",""0"",""0"","""""
"Bacillariophyceae,""Ctenophora pulchella"","""","""","""""
"Bacillariophyceae,""Ctenophora pulchella"",""0"",""0"","""""
"Bacillariophyceae,""Cyclostephanos delicatus"",""1"",""1"","""""
"Bacillariophyceae,""Cyclostephanos dubius"",""1"",""1"","""""
"Bacillariophyceae,""Cyclostephanos invisitatus"",""1"",""1"","""""
"Bacillariophyceae,""Cyclotella atomus"",""1"",""1"","""""
"Bacillariophyceae,""Cyclotella atomus var. gracilis"",""0"",""0"","""""
"Bacillariophyceae,""Cyclotella bodanica"",""0"",""1"","""""
"Bacillariophyceae,""Cyclotella bodanica  v. lemanensis"","""","""","""""
"Bacillariophyceae,""Cyclotella bodanica  var. affinis"","""","""","""""
"Bacillariophyceae,""Cyclotella caspia"","""","""","""""
"Bacillariophyceae,""Cyclotella catenata"","""","""","""""
"Bacillariophyceae,""Cyclotella choctawhatcheeana"",""0"",""0"","""""
"Bacillariophyceae,""Cyclotella comensis"",""1"",""1"","""""
"Bacillariophyceae,""Cyclotella comensis  var. pseudocomensis"","""","""","""""
"Bacillariophyceae,""Cyclotella costei"",""1"",""1"","""""
"Bacillariophyceae,""Cyclotella cyclopuncta"",""1"",""1"","""""
"Bacillariophyceae,""Cyclotella cyclopuncta"","""","""","""""
"Bacillariophyceae,""Cyclotella delicatula"",""1"",""1"","""""
"Bacillariophyceae,""Cyclotella distinguenda"",""1"",""1"","""""
"Bacillariophyceae,""Cyclotella distinguenda  var. unipunctata"","""","""","""""
"Bacillariophyceae,""Cyclotella gordonensis"","""","""","""""
"Bacillariophyceae,""Cyclotella hinziae"",""0"",""0"","""""
"Bacillariophyceae,""Cyclotella iris"","""","""","""""
"Bacillariophyceae,""Cyclotella kuetzingiana"",""1"",""1"","""""
"Bacillariophyceae,""Cyclotella meduanae"",""0"",""0"","""""
"Bacillariophyceae,""Cyclotella meneghiniana"",""1"",""1"","""""
"Bacillariophyceae,""Cyclotella ocellata"",""1"",""1"","""""
"Bacillariophyceae,""Cyclotella operculata"","""","""","""""
"Bacillariophyceae,""Cyclotella planctonica"","""","""","""""
"Bacillariophyceae,""Cyclotella plitvicensis"","""","""","""""
"Bacillariophyceae,""Cyclotella praetermissa"",""0"",""0"","""""
"Bacillariophyceae,""Cyclotella pseudocomensis"",""0"",""1"","""""
"Bacillariophyceae,""Cyclotella quadrijuncta"",""0"",""0"","""""
"Bacillariophyceae,""Cyclotella radiosa"",""1"",""1"","""""
"Bacillariophyceae,""Cyclotella rossii"","""","""","""""
"Bacillariophyceae,""Cyclotella scaldensis"","""","""","""""
"Bacillariophyceae,""Cyclotella schumannii"","""","""","""""
"Bacillariophyceae,""Cyclotella socialis"","""","""","""""
"Bacillariophyceae,""Cyclotella striata"",""0"",""0"","""""
"Bacillariophyceae,""Cyclotella stylorum"","""","""","""""
"Bacillariophyceae,""Cyclotella styriaca"","""","""","""""
"Bacillariophyceae,""Cyclotella tripartita"",""0"",""1"","""""
"Bacillariophyceae,""Cyclotella wuethrichiana"","""","""","""""
"Bacillariophyceae,""Cylindrotheca closterium"",""0"",""0"","""""
"Bacillariophyceae,""Cylindrotheca gracilis"","""","""","""""
"Bacillariophyceae,""Cymatopleura elliptica"",""1"",""0"","""""
"Bacillariophyceae,""Cymatopleura elliptica var. elliptica"","""","""","""""
"Bacillariophyceae,""Cymatopleura elliptica var. hibernica"","""","""","""""
"Bacillariophyceae,""Cymatopleura solea"",""1"",""1"","""""
"Bacillariophyceae,""Cymatopleura solea var. apiculata"","""","""","""""
"Bacillariophyceae,""Cymatopleura solea var. solea"","""","""","""""
"Bacillariophyceae,""Cymatosira belgica"",""0"",""0"","""""
"Bacillariophyceae,""Cymatosira belgica"","""","""","""""
"Bacillariophyceae,""Cymbella affinis"",""1"",""0"","""""
"Bacillariophyceae,""Cymbella aspera"","""","""","""""
"Bacillariophyceae,""Cymbella cistula"","""","""","""""
"Bacillariophyceae,""Cymbella cymbiformis"","""","""","""""
"Bacillariophyceae,""Cymbella helvetica"",""0"",""0"","""""
"Bacillariophyceae,""Cymbella helvetica"","""","""","""""
"Bacillariophyceae,""Cymbella hustedtii"","""","""","""""
"Bacillariophyceae,""Cymbella lanceolata"",""0"",""0"","""""
"Bacillariophyceae,""Cymbella microcephala"",""0"",""0"","""""
"Bacillariophyceae,""Cymbella naviculiformis"","""","""","""""
"Bacillariophyceae,""Cymbella neolanceolata"","""","""","""""
"Bacillariophyceae,""Cymbella neolanceolata var. neolanceolata"",""0"",""0"","""""
"Bacillariophyceae,""Cymbella neoleptoceros"",""0"",""0"","""""
"Bacillariophyceae,""Cymbella tumida"","""","""","""""
"Bacillariophyceae,""Cymbella turgidula"",""0"",""0"","""""
"Bacillariophyceae,""Cymbella ventricosa"",""0"",""0"","""""
"Bacillariophyceae,""Cymbopleura amphicephala"",""0"",""0"","""""
"Bacillariophyceae,""Cymbopleura amphicephala"","""","""","""""
"Bacillariophyceae,""Cymbopleura inaequalis"","""","""","""""
"Bacillariophyceae,""Cymbopleura naviculiformis"","""","""","""""
"Bacillariophyceae,""Cymbopleura subaequalis"","""","""","""""
"Bacillariophyceae,""Dactyliosolen fragilissimus"",""0"",""0"","""""
"Bacillariophyceae,""Delicata delicatula"","""","""","""""
"Bacillariophyceae,""Delphineis minutissima"","""","""","""""
"Bacillariophyceae,""Denticula elegans"","""","""","""""
"Bacillariophyceae,""Denticula kuetzingii"","""","""","""""
"Bacillariophyceae,""Denticula subtilis"","""","""","""""
"Bacillariophyceae,""Denticula tenuis"","""","""","""""
"Bacillariophyceae,""Diatoma ehrenbergii"",""1"",""1"","""""
"Bacillariophyceae,""Diatoma hiemale"","""","""","""""
"Bacillariophyceae,""Diatoma mesodon"",""0"",""1"","""""
"Bacillariophyceae,""Diatoma moniliformis"",""1"",""0"","""""
"Bacillariophyceae,""Diatoma moniliformis ssp. ovalis"","""","""","""""
"Bacillariophyceae,""Diatoma problematica"","""","""","""""
"Bacillariophyceae,""Diatoma tenuis"",""1"",""1"","""""
"Bacillariophyceae,""Diatoma tenuis var. elongatum"","""","""","""""
"Bacillariophyceae,""Diatoma vulgaris"",""1"",""1"","""""
"Bacillariophyceae,""Diatoma vulgaris  var. linearis"","""","""","""""
"Bacillariophyceae,""Diploneis aestuarii"","""","""","""""
"Bacillariophyceae,""Diploneis elliptica"","""","""","""""
"Bacillariophyceae,""Diploneis interrupta"","""","""","""""
"Bacillariophyceae,""Diploneis lineata"","""","""","""""
"Bacillariophyceae,""Diploneis modica"","""","""","""""
"Bacillariophyceae,""Diploneis oblongella"","""","""","""""
"Bacillariophyceae,""Diploneis ovalis"","""","""","""""
"Bacillariophyceae,""Diploneis pseudovalis"","""","""","""""
"Bacillariophyceae,""Diploneis subovalis"","""","""","""""
"Bacillariophyceae,""Discostella glomerata"",""0"",""1"","""""
"Bacillariophyceae,""Discostella pseudostelligera"",""1"",""1"","""""
"Bacillariophyceae,""Discostella stelligera"",""1"",""1"","""""
"Bacillariophyceae,""Discostella stelligeroides"","""","""","""""
"Bacillariophyceae,""Discostella woltereckii"","""","""","""""
"Bacillariophyceae,""Encyonema caespitosum"","""","""","""""
"Bacillariophyceae,""Encyonema minutum"",""0"",""0"","""""
"Bacillariophyceae,""Encyonema neogracile"","""","""","""""
"Bacillariophyceae,""Encyonema prostratum"",""0"",""0"","""""
"Bacillariophyceae,""Encyonema silesiacum"",""0"",""0"","""""
"Bacillariophyceae,""Encyonopsis cesatii"","""","""","""""
"Bacillariophyceae,""Encyonopsis microcephala"",""0"",""0"","""""
"Bacillariophyceae,""Encyonopsis microcephala"","""","""","""""
"Bacillariophyceae,""Entomoneis alata"","""","""","""""
"Bacillariophyceae,""Entomoneis costata"","""","""","""""
"Bacillariophyceae,""Entomoneis costata"",""0"",""0"","""""
"Bacillariophyceae,""Entomoneis ornata"","""","""","""""
"Bacillariophyceae,""Entomoneis paludosa"","""","""","""""
"Bacillariophyceae,""Eolimna minima"","""","""","""""
"Bacillariophyceae,""Eolimna minima"",""0"",""0"","""""
"Bacillariophyceae,""Eolimna subminuscula"","""","""","""""
"Bacillariophyceae,""Eolimna subminuscula"",""0"",""0"","""""
"Bacillariophyceae,""Epithemia adnata"","""","""","""""
"Bacillariophyceae,""Epithemia argus"",""0"",""0"","""""
"Bacillariophyceae,""Epithemia sorex"",""0"",""0"","""""
"Bacillariophyceae,""Epithemia turgida"","""","""","""""
"Bacillariophyceae,""Eucocconeis austriaca"","""","""","""""
"Bacillariophyceae,""Eucocconeis flexella"","""","""","""""
"Bacillariophyceae,""Eunotia arculus"",""1"",""0"","""""
"Bacillariophyceae,""Eunotia arcus"","""","""","""""
"Bacillariophyceae,""Eunotia arcus sensu stricto"",""1"",""0"","""""
"Bacillariophyceae,""Eunotia bilunaris"",""1"",""0"","""""
"Bacillariophyceae,""Eunotia bilunaris var. bilunaris"","""","""","""""
"Bacillariophyceae,""Eunotia exigua"",""1"",""0"","""""
"Bacillariophyceae,""Eunotia exigua var. exigua"","""","""","""""
"Bacillariophyceae,""Eunotia glacialis"","""","""","""""
"Bacillariophyceae,""Eunotia gracilis"","""","""","""""
"Bacillariophyceae,""Eunotia implicata"","""","""","""""
"Bacillariophyceae,""Eunotia implicata"",""1"",""0"","""""
"Bacillariophyceae,""Eunotia incisa"","""","""","""""
"Bacillariophyceae,""Eunotia monodon"","""","""","""""
"Bacillariophyceae,""Eunotia pectinalis"",""1"",""0"","""""
"Bacillariophyceae,""Eunotia praerupta"",""1"",""0"","""""
"Bacillariophyceae,""Eunotia valida"","""","""","""""
"Bacillariophyceae,""Eunotia zasuminensis"","""","""","""""
"Bacillariophyceae,""Fallacia cryptolyra"",""0"",""0"","""""
"Bacillariophyceae,""Fallacia insociabilis"","""","""","""""
"Bacillariophyceae,""Fallacia lenzii"","""","""","""""
"Bacillariophyceae,""Fallacia pygmaea"",""0"",""0"","""""
"Bacillariophyceae,""Fallacia pygmaea"","""","""","""""
"Bacillariophyceae,""Fallacia subhamulata"","""","""","""""
"Bacillariophyceae,""Fallacia tenera"",""0"",""0"","""""
"Bacillariophyceae,""Fallacia vitrea"",""0"",""0"","""""
"Bacillariophyceae,""Fragilaria acidoclinata"","""","""","""""
"Bacillariophyceae,""Fragilaria amphicephaloides"","""","""","""""
"Bacillariophyceae,""Fragilaria arcus"",""1"",""0"","""""
"Bacillariophyceae,""Fragilaria berolinensis"",""0"",""0"","""""
"Bacillariophyceae,""Fragilaria bicapitata"",""0"",""0"","""""
"Bacillariophyceae,""Fragilaria bidens"","""","""","""""
"Bacillariophyceae,""Fragilaria brevistriata"",""0"",""0"","""""
"Bacillariophyceae,""Fragilaria capitellata"","""","""","""""
"Bacillariophyceae,""Fragilaria capucina  ssp. rumpens"","""","""","""""
"Bacillariophyceae,""Fragilaria capucina  v. perminata"","""","""","""""
"Bacillariophyceae,""Fragilaria capucina  var. amphicephala"","""","""","""""
"Bacillariophyceae,""Fragilaria capucina  var. radians"","""","""","""""
"Bacillariophyceae,""Fragilaria capucina var. radians"",""1"",""1"","""""
"Bacillariophyceae,""Fragilaria capucina var. vaucheriae"",""1"",""1"","""""
"Bacillariophyceae,""Fragilaria construens f. subsalina"","""","""","""""
"Bacillariophyceae,""Fragilaria construens f. venter"",""1"",""1"","""""
"Bacillariophyceae,""Fragilaria crotonensis"",""1"",""1"","""""
"Bacillariophyceae,""Fragilaria crotonensis  var. oregona"","""","""","""""
"Bacillariophyceae,""Fragilaria cyclopum"",""1"",""1"","""""
"Bacillariophyceae,""Fragilaria danica"",""0"",""0"","""""
"Bacillariophyceae,""Fragilaria delicatissima"",""0"",""0"","""""
"Bacillariophyceae,""Fragilaria exiguiformis"",""0"",""0"","""""
"Bacillariophyceae,""Fragilaria famelica"",""0"",""0"","""""
"Bacillariophyceae,""Fragilaria famelica var. famelica"","""","""","""""
"Bacillariophyceae,""Fragilaria gracilis"",""0"",""1"","""""
"Bacillariophyceae,""Fragilaria grunowii"",""1"",""1"","""""
"Bacillariophyceae,""Fragilaria heidenii"","""","""","""""
"Bacillariophyceae,""Fragilaria henryi"","""","""","""""
"Bacillariophyceae,""Fragilaria incognita"","""","""","""""
"Bacillariophyceae,""Fragilaria lanceolata"","""","""","""""
"Bacillariophyceae,""Fragilaria montana"","""","""","""""
"Bacillariophyceae,""Fragilaria nanana"",""1"",""0"","""""
"Bacillariophyceae,""Fragilaria pinnata"",""1"",""1"","""""
"Bacillariophyceae,""Fragilaria pulchella"",""0"",""0"","""""
"Bacillariophyceae,""Fragilaria radians"","""","""","""""
"Bacillariophyceae,""Fragilaria radians"",""1"",""1"","""""
"Bacillariophyceae,""Fragilaria recapitellata"","""","""","""""
"Bacillariophyceae,""Fragilaria reicheltii"",""0"",""0"","""""
"Bacillariophyceae,""Fragilaria rumpens"",""0"",""1"","""""
"Bacillariophyceae,""Fragilaria saxoplanctonica"",""0"",""0"","""""
"Bacillariophyceae,""Fragilaria sopotensis"","""","""","""""
"Bacillariophyceae,""Fragilaria tenera"",""1"",""1"","""""
"Bacillariophyceae,""Fragilaria tenera var. nanana"",""1"",""0"","""""
"Bacillariophyceae,""Fragilaria tenera var. tenera"","""","""","""""
"Bacillariophyceae,""Fragilaria utermoehlii"","""","""","""""
"Bacillariophyceae,""Fragilaria vaucheriae"",""1"",""1"","""""
"Bacillariophyceae,""Fragilaria virescens"",""0"",""0"","""""
"Bacillariophyceae,""Fragilariforma bicapitata"",""0"",""0"","""""
"Bacillariophyceae,""Fragilariforma virescens"",""0"",""0"","""""
"Bacillariophyceae,""Fragilariopsis cylindrus"","""","""","""""
"Bacillariophyceae,""Frustulia rhomboides"","""","""","""""
"Bacillariophyceae,""Frustulia saxonica"",""0"",""0"","""""
"Bacillariophyceae,""Frustulia saxonica"","""","""","""""
"Bacillariophyceae,""Frustulia vulgaris"",""0"",""0"","""""
"Bacillariophyceae,""Geissleria acceptata"",""0"",""0"","""""
"Bacillariophyceae,""Geissleria decussis"","""","""","""""
"Bacillariophyceae,""Gomphoneis minuta"","""","""","""""
"Bacillariophyceae,""Gomphonema acuminatum"","""","""","""""
"Bacillariophyceae,""Gomphonema angustatum"","""","""","""""
"Bacillariophyceae,""Gomphonema angustum"","""","""","""""
"Bacillariophyceae,""Gomphonema augur"","""","""","""""
"Bacillariophyceae,""Gomphonema clavatum"","""","""","""""
"Bacillariophyceae,""Gomphonema clevei"","""","""","""""
"Bacillariophyceae,""Gomphonema exiguum"","""","""","""""
"Bacillariophyceae,""Gomphonema exilissimum"","""","""","""""
"Bacillariophyceae,""Gomphonema gracile"","""","""","""""
"Bacillariophyceae,""Gomphonema micropus"",""0"",""1"","""""
"Bacillariophyceae,""Gomphonema minutum"",""0"",""1"","""""
"Bacillariophyceae,""Gomphonema olivaceum"",""0"",""1"","""""
"Bacillariophyceae,""Gomphonema olivaceum var. olivaceum"","""","""","""""
"Bacillariophyceae,""Gomphonema parvulum"",""1"",""1"","""""
"Bacillariophyceae,""Gomphonema parvulum  f. sapropilum"","""","""","""""
"Bacillariophyceae,""Gomphonema pseudoaugur"","""","""","""""
"Bacillariophyceae,""Gomphonema pumilum"","""","""","""""
"Bacillariophyceae,""Gomphonema pumilum"",""0"",""1"","""""
"Bacillariophyceae,""Gomphonema truncatum"","""","""","""""
"Bacillariophyceae,""Gomphosphenia grovei"","""","""","""""
"Bacillariophyceae,""Gyrosigma acuminatum"",""1"",""1"","""""
"Bacillariophyceae,""Gyrosigma attenuatum"",""0"",""1"","""""
"Bacillariophyceae,""Gyrosigma fasciola"",""0"",""0"","""""
"Bacillariophyceae,""Gyrosigma macrum"","""","""","""""
"Bacillariophyceae,""Gyrosigma nodiferum"",""1"",""0"","""""
"Bacillariophyceae,""Gyrosigma obscurum"",""0"",""0"","""""
"Bacillariophyceae,""Gyrosigma parkerii"","""","""","""""
"Bacillariophyceae,""Gyrosigma sciotoense"",""1"",""0"","""""
"Bacillariophyceae,""Gyrosigma spencerii"","""","""","""""
"Bacillariophyceae,""Gyrosigma strigilis"","""","""","""""
"Bacillariophyceae,""Halamphora coffeaeformis"",""0"",""0"","""""
"Bacillariophyceae,""Halamphora holsatica"",""0"",""0"","""""
"Bacillariophyceae,""Halamphora montana"",""0"",""0"","""""
"Bacillariophyceae,""Halamphora oligotraphenta"",""0"",""0"","""""
"Bacillariophyceae,""Halamphora veneta"",""0"",""0"","""""
"Bacillariophyceae,""Hannaea arcus"",""1"",""0"","""""
"Bacillariophyceae,""Hantzschia amphioxys"","""","""","""""
"Bacillariophyceae,""Hantzschia amphioxys sensu stricto"",""0"",""0"","""""
"Bacillariophyceae,""Hantzschia spectabilis"","""","""","""""
"Bacillariophyceae,""Hippodonta capitata"",""0"",""0"","""""
"Bacillariophyceae,""Hippodonta capitata"","""","""","""""
"Bacillariophyceae,""Hippodonta hungarica"",""0"",""0"","""""
"Bacillariophyceae,""Hippodonta hungarica"","""","""","""""
"Bacillariophyceae,""Hippodonta lesmonensis"","""","""","""""
"Bacillariophyceae,""Hippodonta lueneburgensis"","""","""","""""
"Bacillariophyceae,""Humidophila contenta"",""0"",""0"","""""
"Bacillariophyceae,""Karayevia amoena"","""","""","""""
"Bacillariophyceae,""Karayevia clevei"",""0"",""0"","""""
"Bacillariophyceae,""Karayevia clevei var. clevei"","""","""","""""
"Bacillariophyceae,""Karayevia ploenensis"",""0"",""0"","""""
"Bacillariophyceae,""Klebsormidium subtile"",""0"",""0"","""""
"Bacillariophyceae,""Kobayasiella subtilissima"","""","""","""""
"Bacillariophyceae,""Kolbesia ploenensis"","""","""","""""
"Bacillariophyceae,""Lemnicola hungarica"",""0"",""0"","""""
"Bacillariophyceae,""Luticola cohnii"","""","""","""""
"Bacillariophyceae,""Luticola goeppertiana"",""0"",""0"","""""
"Bacillariophyceae,""Luticola goeppertiana"","""","""","""""
"Bacillariophyceae,""Luticola mutica"","""","""","""""
"Bacillariophyceae,""Luticola mutica"",""0"",""0"","""""
"Bacillariophyceae,""Martyana martyi"","""","""","""""
"Bacillariophyceae,""Mayamaea atomus"",""0"",""0"","""""
"Bacillariophyceae,""Mayamaea atomus"","""","""","""""
"Bacillariophyceae,""Mayamaea atomus  v. permitis"","""","""","""""
"Bacillariophyceae,""Mayamaea atomus var. permitis"",""0"",""0"","""""
"Bacillariophyceae,""Mayamaea lacunolaciniata"","""","""","""""
"Bacillariophyceae,""Mayamaea permitis"",""0"",""0"","""""
"Bacillariophyceae,""Melosira lineata"",""0"",""0"","""""
"Bacillariophyceae,""Melosira moniliformis"","""","""","""""
"Bacillariophyceae,""Melosira undulata"","""","""","""""
"Bacillariophyceae,""Melosira varians"",""1"",""1"","""""
"Bacillariophyceae,""Meridion circulare"",""0"",""0"","""""
"Bacillariophyceae,""Meridion circulare  v. constrictum"","""","""","""""
"Bacillariophyceae,""Meridion circulare var. circulare"","""","""","""""
"Bacillariophyceae,""Meridion circulare var. constrictum"",""0"",""0"","""""
"Bacillariophyceae,""Mesotaenium endlicherianum"","""","""","""""
"Bacillariophyceae,""Mesotaenium nivale"","""","""","""""
"Bacillariophyceae,""Navicula antonii"",""1"",""0"","""""
"Bacillariophyceae,""Navicula arenaria"","""","""","""""
"Bacillariophyceae,""Navicula austrocollegarum"","""","""","""""
"Bacillariophyceae,""Navicula capitatoradiata"",""0"",""0"","""""
"Bacillariophyceae,""Navicula cari"","""","""","""""
"Bacillariophyceae,""Navicula catalanogermanica"","""","""","""""
"Bacillariophyceae,""Navicula cincta"","""","""","""""
"Bacillariophyceae,""Navicula cincta"",""0"",""0"","""""
"Bacillariophyceae,""Navicula clementis"","""","""","""""
"Bacillariophyceae,""Navicula crucicula"","""","""","""""
"Bacillariophyceae,""Navicula cryptocephala"",""0"",""0"","""""
"Bacillariophyceae,""Navicula cryptocephala var. cryptocephala"","""","""","""""
"Bacillariophyceae,""Navicula cryptotenella"","""","""","""""
"Bacillariophyceae,""Navicula cryptotenella"",""0"",""0"","""""
"Bacillariophyceae,""Navicula cryptotenelloides"","""","""","""""
"Bacillariophyceae,""Navicula digitoradiata"",""0"",""0"","""""
"Bacillariophyceae,""Navicula exigua"","""","""","""""
"Bacillariophyceae,""Navicula festiva"","""","""","""""
"Bacillariophyceae,""Navicula flanatica"","""","""","""""
"Bacillariophyceae,""Navicula gregaria"",""1"",""0"","""""
"Bacillariophyceae,""Navicula heimansii"","""","""","""""
"Bacillariophyceae,""Navicula kotschyi"","""","""","""""
"Bacillariophyceae,""Navicula lanceolata"",""1"",""0"","""""
"Bacillariophyceae,""Navicula margalithii"","""","""","""""
"Bacillariophyceae,""Navicula menisculus"",""1"",""1"","""""
"Bacillariophyceae,""Navicula namibica"","""","""","""""
"Bacillariophyceae,""Navicula oblonga"","""","""","""""
"Bacillariophyceae,""Navicula oppugnata"","""","""","""""
"Bacillariophyceae,""Navicula perminuta"","""","""","""""
"Bacillariophyceae,""Navicula perminuta"",""0"",""0"","""""
"Bacillariophyceae,""Navicula petersenii"","""","""","""""
"Bacillariophyceae,""Navicula phyllepta"","""","""","""""
"Bacillariophyceae,""Navicula phyllepta"",""0"",""0"","""""
"Bacillariophyceae,""Navicula radiosa"",""1"",""0"","""""
"Bacillariophyceae,""Navicula radiosa var. radiosa"","""","""","""""
"Bacillariophyceae,""Navicula radiosafallax"","""","""","""""
"Bacillariophyceae,""Navicula recens"",""0"",""0"","""""
"Bacillariophyceae,""Navicula recens"","""","""","""""
"Bacillariophyceae,""Navicula reichardtiana"",""0"",""0"","""""
"Bacillariophyceae,""Navicula reinhardtii"",""0"",""0"","""""
"Bacillariophyceae,""Navicula reinhardtii"","""","""","""""
"Bacillariophyceae,""Navicula rhynchocephala"",""1"",""0"","""""
"Bacillariophyceae,""Navicula rhynchotella"","""","""","""""
"Bacillariophyceae,""Navicula salinarum"","""","""","""""
"Bacillariophyceae,""Navicula seminulum"",""0"",""0"","""""
"Bacillariophyceae,""Navicula slesvicensis"","""","""","""""
"Bacillariophyceae,""Navicula slesvicensis"",""1"",""0"","""""
"Bacillariophyceae,""Navicula striolata"","""","""","""""
"Bacillariophyceae,""Navicula subrhynchocephala"",""0"",""0"","""""
"Bacillariophyceae,""Navicula tenera"",""0"",""0"","""""
"Bacillariophyceae,""Navicula tripunctata"",""1"",""0"","""""
"Bacillariophyceae,""Navicula tripunctata"","""","""","""""
"Bacillariophyceae,""Navicula trivialis"",""0"",""0"","""""
"Bacillariophyceae,""Navicula veneta"",""0"",""0"","""""
"Bacillariophyceae,""Navicula veneta"","""","""","""""
"Bacillariophyceae,""Navicula viridula"","""","""","""""
"Bacillariophyceae,""Navicula viridula - Sippen"",""0"",""0"","""""
"Bacillariophyceae,""Neidium affine"","""","""","""""
"Bacillariophyceae,""Neidium densestriatum"","""","""","""""
"Bacillariophyceae,""Neidium dubium"","""","""","""""
"Bacillariophyceae,""Neidium iridis"","""","""","""""
"Bacillariophyceae,""Neidium productum"","""","""","""""
"Bacillariophyceae,""Nitzschia acicularis"","""","""","""""
"Bacillariophyceae,""Nitzschia acicularis - Formenkreis"",""1"",""1"","""""
"Bacillariophyceae,""Nitzschia acicularis var. acicularis"",""1"",""0"","""""
"Bacillariophyceae,""Nitzschia acidoclinata"",""0"",""0"","""""
"Bacillariophyceae,""Nitzschia acula"","""","""","""""
"Bacillariophyceae,""Nitzschia acula"",""0"",""0"","""""
"Bacillariophyceae,""Nitzschia agnita"","""","""","""""
"Bacillariophyceae,""Nitzschia amphibia"",""1"",""0"","""""
"Bacillariophyceae,""Nitzschia amplectens"",""0"",""0"","""""
"Bacillariophyceae,""Nitzschia angustata"","""","""","""""
"Bacillariophyceae,""Nitzschia angustatula"","""","""","""""
"Bacillariophyceae,""Nitzschia angustiforaminata"","""","""","""""
"Bacillariophyceae,""Nitzschia archibaldii"","""","""","""""
"Bacillariophyceae,""Nitzschia aurariae"","""","""","""""
"Bacillariophyceae,""Nitzschia behrei"","""","""","""""
"Bacillariophyceae,""Nitzschia brevissima"","""","""","""""
"Bacillariophyceae,""Nitzschia brevissima"",""0"",""0"","""""
"Bacillariophyceae,""Nitzschia bulnheimiana"",""0"",""0"","""""
"Bacillariophyceae,""Nitzschia calida"",""0"",""0"","""""
"Bacillariophyceae,""Nitzschia capitellata"","""","""","""""
"Bacillariophyceae,""Nitzschia capitellata"",""0"",""0"","""""
"Bacillariophyceae,""Nitzschia clausii"",""0"",""0"","""""
"Bacillariophyceae,""Nitzschia communis"",""0"",""0"","""""
"Bacillariophyceae,""Nitzschia commutata"",""0"",""0"","""""
"Bacillariophyceae,""Nitzschia constricta"",""1"",""0"","""""
"Bacillariophyceae,""Nitzschia debilis"",""0"",""0"","""""
"Bacillariophyceae,""Nitzschia denticula"",""0"",""0"","""""
"Bacillariophyceae,""Nitzschia dissipata"",""0"",""1"","""""
"Bacillariophyceae,""Nitzschia dissipata ssp. dissipata"","""","""","""""
"Bacillariophyceae,""Nitzschia draveillensis"","""","""","""""
"Bacillariophyceae,""Nitzschia dubia"","""","""","""""
"Bacillariophyceae,""Nitzschia filiformis"",""0"",""0"","""""
"Bacillariophyceae,""Nitzschia flexa"","""","""","""""
"Bacillariophyceae,""Nitzschia fonticola"",""0"",""0"","""""
"Bacillariophyceae,""Nitzschia fossilis"","""","""","""""
"Bacillariophyceae,""Nitzschia frustulum"",""1"",""0"","""""
"Bacillariophyceae,""Nitzschia frustulum  v. inconspicua"","""","""","""""
"Bacillariophyceae,""Nitzschia frustulum var. inconspicua"",""1"",""0"","""""
"Bacillariophyceae,""Nitzschia fruticosa"",""1"",""1"","""""
"Bacillariophyceae,""Nitzschia graciliformis"",""1"",""0"","""""
"Bacillariophyceae,""Nitzschia gracilis"",""0"",""0"","""""
"Bacillariophyceae,""Nitzschia hantzschiana"","""","""","""""
"Bacillariophyceae,""Nitzschia heufleriana"",""0"",""0"","""""
"Bacillariophyceae,""Nitzschia hungarica"",""0"",""0"","""""
"Bacillariophyceae,""Nitzschia inconspicua / frustulum"",""0"",""0"","""""
"Bacillariophyceae,""Nitzschia intermedia"",""0"",""0"","""""
"Bacillariophyceae,""Nitzschia lacuum"","""","""","""""
"Bacillariophyceae,""Nitzschia lacuum"",""0"",""0"","""""
"Bacillariophyceae,""Nitzschia lanceola"","""","""","""""
"Bacillariophyceae,""Nitzschia lanceolata"",""0"",""0"","""""
"Bacillariophyceae,""Nitzschia levidensis"",""0"",""0"","""""
"Bacillariophyceae,""Nitzschia liebetruthii"","""","""","""""
"Bacillariophyceae,""Nitzschia linearis"",""0"",""0"","""""
"Bacillariophyceae,""Nitzschia linearis var. linearis"","""","""","""""
"Bacillariophyceae,""Nitzschia longissima"",""0"",""0"","""""
"Bacillariophyceae,""Nitzschia lorenziana"","""","""","""""
"Bacillariophyceae,""Nitzschia lorenziana"",""0"",""0"","""""
"Bacillariophyceae,""Nitzschia microcephala"","""","""","""""
"Bacillariophyceae,""Nitzschia nana"",""0"",""0"","""""
"Bacillariophyceae,""Nitzschia natans"","""","""","""""
"Bacillariophyceae,""Nitzschia obtusa"",""0"",""0"","""""
"Bacillariophyceae,""Nitzschia palea"",""0"",""1"","""""
"Bacillariophyceae,""Nitzschia palea var. debilis"","""","""","""""
"Bacillariophyceae,""Nitzschia palea var. palea"","""","""","""""
"Bacillariophyceae,""Nitzschia palea var. tenuirostris"","""","""","""""
"Bacillariophyceae,""Nitzschia paleacea"",""0"",""0"","""""
"Bacillariophyceae,""Nitzschia paleaeformis"","""","""","""""
"Bacillariophyceae,""Nitzschia perminuta"","""","""","""""
"Bacillariophyceae,""Nitzschia pumila"","""","""","""""
"Bacillariophyceae,""Nitzschia pura"","""","""","""""
"Bacillariophyceae,""Nitzschia pusilla"",""0"",""0"","""""
"Bacillariophyceae,""Nitzschia radicula"",""0"",""0"","""""
"Bacillariophyceae,""Nitzschia recta"",""0"",""0"","""""
"Bacillariophyceae,""Nitzschia recta"","""","""","""""
"Bacillariophyceae,""Nitzschia reflexa"","""","""","""""
"Bacillariophyceae,""Nitzschia reversa"",""0"",""0"","""""
"Bacillariophyceae,""Nitzschia sigma"",""0"",""0"","""""
"Bacillariophyceae,""Nitzschia sigma"","""","""","""""
"Bacillariophyceae,""Nitzschia sigmoidea"",""0"",""1"","""""
"Bacillariophyceae,""Nitzschia sinuata"",""0"",""0"","""""
"Bacillariophyceae,""Nitzschia sociabilis"",""0"",""0"","""""
"Bacillariophyceae,""Nitzschia solgensis"",""0"",""0"","""""
"Bacillariophyceae,""Nitzschia solita"",""0"",""0"","""""
"Bacillariophyceae,""Nitzschia subacicularis"",""0"",""0"","""""
"Bacillariophyceae,""Nitzschia subcapitellata"","""","""","""""
"Bacillariophyceae,""Nitzschia sublinearis"",""0"",""0"","""""
"Bacillariophyceae,""Nitzschia sublinearis"","""","""","""""
"Bacillariophyceae,""Nitzschia supralitorea"",""0"",""0"","""""
"Bacillariophyceae,""Nitzschia supralitorea"","""","""","""""
"Bacillariophyceae,""Nitzschia tabellaria"","""","""","""""
"Bacillariophyceae,""Nitzschia thermaloides"",""0"",""0"","""""
"Bacillariophyceae,""Nitzschia thermaloides"","""","""","""""
"Bacillariophyceae,""Nitzschia tryblionella"",""0"",""0"","""""
"Bacillariophyceae,""Nitzschia tryblionella"","""","""","""""
"Bacillariophyceae,""Nitzschia tubicola"",""0"",""0"","""""
"Bacillariophyceae,""Nitzschia tubicola"","""","""","""""
"Bacillariophyceae,""Nitzschia valdestriata"",""0"",""0"","""""
"Bacillariophyceae,""Nitzschia vermicularis"",""0"",""1"","""""
"Bacillariophyceae,""Nostoc planktonicum"","""","""","""""
"Bacillariophyceae,""Opephora mutabilis"","""","""","""""
"Bacillariophyceae,""Paralia sulcata"",""0"",""0"","""""
"Bacillariophyceae,""Peronia erinacea"","""","""","""""
"Bacillariophyceae,""Peronia fibula"","""","""","""""
"Bacillariophyceae,""Pinnularia abaujensis"","""","""","""""
"Bacillariophyceae,""Pinnularia borealis"","""","""","""""
"Bacillariophyceae,""Pinnularia divergens"",""1"",""0"","""""
"Bacillariophyceae,""Pinnularia gibbiformis"","""","""","""""
"Bacillariophyceae,""Pinnularia legumen"","""","""","""""
"Bacillariophyceae,""Pinnularia macilenta"","""","""","""""
"Bacillariophyceae,""Pinnularia maior"",""1"",""0"","""""
"Bacillariophyceae,""Pinnularia maior"","""","""","""""
"Bacillariophyceae,""Pinnularia mesolepta"","""","""","""""
"Bacillariophyceae,""Pinnularia microstauron"","""","""","""""
"Bacillariophyceae,""Pinnularia neomajor var. neomajor"",""1"",""0"","""""
"Bacillariophyceae,""Pinnularia schoenfelderi"",""1"",""0"","""""
"Bacillariophyceae,""Pinnularia subcapitata"","""","""","""""
"Bacillariophyceae,""Pinnularia viridis"",""1"",""0"","""""
"Bacillariophyceae,""Placoneis clementis"","""","""","""""
"Bacillariophyceae,""Placoneis elginensis"","""","""","""""
"Bacillariophyceae,""Placoneis elginensis"",""0"",""0"","""""
"Bacillariophyceae,""Placoneis gastrum"","""","""","""""
"Bacillariophyceae,""Placoneis neoexigua"",""0"",""0"","""""
"Bacillariophyceae,""Placoneis placentula"","""","""","""""
"Bacillariophyceae,""Placoneis pseudanglica"","""","""","""""
"Bacillariophyceae,""Planothidium delicatula"","""","""","""""
"Bacillariophyceae,""Planothidium delicatulum"",""0"",""0"","""""
"Bacillariophyceae,""Planothidium dubium"",""1"",""0"","""""
"Bacillariophyceae,""Planothidium frequentissimum"",""1"",""0"","""""
"Bacillariophyceae,""Planothidium granum"","""","""","""""
"Bacillariophyceae,""Planothidium lanceolata"","""","""","""""
"Bacillariophyceae,""Planothidium lanceolatum"",""1"",""0"","""""
"Bacillariophyceae,""Planothidium lanceolatum - Sippen"",""1"",""0"","""""
"Bacillariophyceae,""Planothidium rostratum"","""","""","""""
"Bacillariophyceae,""Planothidium rostratum"",""1"",""0"","""""
"Bacillariophyceae,""Platessa conspicuum"","""","""","""""
"Bacillariophyceae,""Pleurocapsa minor"",""0"",""0"","""""
"Bacillariophyceae,""Pleurosigma elongatum"",""0"",""0"","""""
"Bacillariophyceae,""Pleurosigma salinarum"",""0"",""0"","""""
"Bacillariophyceae,""Pleurosigma salinarum"","""","""","""""
"Bacillariophyceae,""Psammothidium bioretii"",""0"",""0"","""""
"Bacillariophyceae,""Psammothidium bioretii"","""","""","""""
"Bacillariophyceae,""Psammothidium lauenburgianum"",""0"",""0"","""""
"Bacillariophyceae,""Psammothidium punctulatum"",""0"",""0"","""""
"Bacillariophyceae,""Psammothidium subatomoides"",""0"",""0"","""""
"Bacillariophyceae,""Pseudo-nitzschia delicatissima"",""0"",""0"","""""
"Bacillariophyceae,""Pseudo-nitzschia pungens"",""0"",""0"","""""
"Bacillariophyceae,""Pseudostaurosira brevistriata"",""0"",""0"","""""
"Bacillariophyceae,""Pseudostaurosira elliptica"","""","""","""""
"Bacillariophyceae,""Pseudostaurosira parasitica"",""0"",""0"","""""
"Bacillariophyceae,""Pseudostaurosira parasitica var. parasitica"","""","""","""""
"Bacillariophyceae,""Pseudostaurosira parasitica var. subconstricta"",""0"",""0"","""""
"Bacillariophyceae,""Puncticulata comta"","""","""","""""
"Bacillariophyceae,""Puncticulata glabriuscula"","""","""","""""
"Bacillariophyceae,""Puncticulata praetermissa"","""","""","""""
"Bacillariophyceae,""Reimeria sinuata"","""","""","""""
"Bacillariophyceae,""Reimeria sinuata"",""0"",""0"","""""
"Bacillariophyceae,""Rhaphoneis amphiceros"",""0"",""0"","""""
"Bacillariophyceae,""Rhaphoneis tenuis"","""","""","""""
"Bacillariophyceae,""Rhizosolenia eriensis"",""0"",""1"","""""
"Bacillariophyceae,""Rhizosolenia imbricata"",""0"",""0"","""""
"Bacillariophyceae,""Rhizosolenia longiseta"",""0"",""1"","""""
"Bacillariophyceae,""Rhizosolenia setigera"",""0"",""0"","""""
"Bacillariophyceae,""Rhizosolenia setigera f. pungens"",""0"",""0"","""""
"Bacillariophyceae,""Rhoicosphenia abbreviata"",""1"",""1"","""""
"Bacillariophyceae,""Rhopalodia brebissonii"","""","""","""""
"Bacillariophyceae,""Rhopalodia gibba"",""0"",""0"","""""
"Bacillariophyceae,""Rossithidium pusillum"","""","""","""""
"Bacillariophyceae,""Sellaphora bacillum"","""","""","""""
"Bacillariophyceae,""Sellaphora joubaudii"","""","""","""""
"Bacillariophyceae,""Sellaphora laevissima"","""","""","""""
"Bacillariophyceae,""Sellaphora minima"","""","""","""""
"Bacillariophyceae,""Sellaphora pupula"",""0"",""0"","""""
"Bacillariophyceae,""Sellaphora pupula"","""","""","""""
"Bacillariophyceae,""Sellaphora seminulum"","""","""","""""
"Bacillariophyceae,""Skeletonema costatum"",""0"",""0"","""""
"Bacillariophyceae,""Skeletonema potamos"",""0"",""1"","""""
"Bacillariophyceae,""Skeletonema subsalsum"",""1"",""1"","""""
"Bacillariophyceae,""Spirogyra weberi"","""","""","""""
"Bacillariophyceae,""Stauroforma exiguiformis"",""0"",""0"","""""
"Bacillariophyceae,""Stauroneis acuta"","""","""","""""
"Bacillariophyceae,""Stauroneis anceps"",""0"",""0"","""""
"Bacillariophyceae,""Stauroneis anceps"","""","""","""""
"Bacillariophyceae,""Stauroneis kriegeri"","""","""","""""
"Bacillariophyceae,""Stauroneis phoenicenteron"","""","""","""""
"Bacillariophyceae,""Stauroneis smithii"",""0"",""0"","""""
"Bacillariophyceae,""Staurosira berolinensis"","""","""","""""
"Bacillariophyceae,""Staurosira binodis"",""1"",""1"","""""
"Bacillariophyceae,""Staurosira brevistriata"",""0"",""0"","""""
"Bacillariophyceae,""Staurosira construens"",""1"",""1"","""""
"Bacillariophyceae,""Staurosira mutabilis"",""1"",""1"","""""
"Bacillariophyceae,""Staurosira venter"",""1"",""1"","""""
"Bacillariophyceae,""Staurosirella leptostauron"","""","""","""""
"Bacillariophyceae,""Staurosirella pinnata"","""","""","""""
"Bacillariophyceae,""Stenopterobia curvula"","""","""","""""
"Bacillariophyceae,""Stenopterobia intermedia"","""","""","""""
"Bacillariophyceae,""Stephanocostis chantaica"",""0"",""1"","""""
"Bacillariophyceae,""Stephanodiscus alpinus"",""0"",""1"","""""
"Bacillariophyceae,""Stephanodiscus binderanus"",""0"",""1"","""""
"Bacillariophyceae,""Stephanodiscus hantzschii"",""0"",""1"","""""
"Bacillariophyceae,""Stephanodiscus hantzschii  v. pusillus"","""","""","""""
"Bacillariophyceae,""Stephanodiscus irregularis"","""","""","""""
"Bacillariophyceae,""Stephanodiscus medius"","""","""","""""
"Bacillariophyceae,""Stephanodiscus minutulus"",""1"",""1"","""""
"Bacillariophyceae,""Stephanodiscus neoastraea"",""1"",""1"","""""
"Bacillariophyceae,""Stephanodiscus parvus"",""0"",""0"","""""
"Bacillariophyceae,""Stephanodiscus rotula"",""0"",""0"","""""
"Bacillariophyceae,""Stephanodiscus rotula"","""","""","""""
"Bacillariophyceae,""Stephanodiscus tenuis"","""","""","""""
"Bacillariophyceae,""Surirella angusta"",""1"",""0"","""""
"Bacillariophyceae,""Surirella angusta"","""","""","""""
"Bacillariophyceae,""Surirella bifrons"","""","""","""""
"Bacillariophyceae,""Surirella biseriata"","""","""","""""
"Bacillariophyceae,""Surirella brebissonii"",""1"",""1"","""""
"Bacillariophyceae,""Surirella brebissonii  v. punctata"","""","""","""""
"Bacillariophyceae,""Surirella brebissonii var. brebissonii"","""","""","""""
"Bacillariophyceae,""Surirella brebissonii var. kuetzingii"","""","""","""""
"Bacillariophyceae,""Surirella elegans"","""","""","""""
"Bacillariophyceae,""Surirella gemma"","""","""","""""
"Bacillariophyceae,""Surirella linearis"","""","""","""""
"Bacillariophyceae,""Surirella minuta"",""1"",""0"","""""
"Bacillariophyceae,""Surirella ovalis"","""","""","""""
"Bacillariophyceae,""Surirella ovata"",""1"",""0"","""""
"Bacillariophyceae,""Surirella peisonis"","""","""","""""
"Bacillariophyceae,""Surirella robusta"",""1"",""0"","""""
"Bacillariophyceae,""Surirella splendida"","""","""","""""
"Bacillariophyceae,""Surirella striatula"","""","""","""""
"Bacillariophyceae,""Surirella tenera"","""","""","""""
"Bacillariophyceae,""Surirella turgida"","""","""","""""
"Bacillariophyceae,""Surirella visurgis"","""","""","""""
"Bacillariophyceae,""Synedra actinastroides"","""","""","""""
"Bacillariophyceae,""Synedra closterioides"","""","""","""""
"Bacillariophyceae,""Synedra nana"","""","""","""""
"Bacillariophyceae,""Synedrella parasitica"","""","""","""""
"Bacillariophyceae,""Tabellaria binalis"","""","""","""""
"Bacillariophyceae,""Tabellaria fenestrata"",""0"",""1"","""""
"Bacillariophyceae,""Tabellaria fenestrata  v. actinastroides"","""","""","""""
"Bacillariophyceae,""Tabellaria flocculosa"",""1"",""1"","""""
"Bacillariophyceae,""Tabellaria flocculosa  v. asterionelloides"","""","""","""""
"Bacillariophyceae,""Tabellaria flocculosa  v. geniculata"","""","""","""""
"Bacillariophyceae,""Tabellaria flocculosa  v. teilingii"","""","""","""""
"Bacillariophyceae,""Tabellaria flocculosa  var. pelagica"","""","""","""""
"Bacillariophyceae,""Tabellaria flocculosa var. asterionelloides"","""","""","""""
"Bacillariophyceae,""Tabellaria flocculosa var. flocculosa"","""","""","""""
"Bacillariophyceae,""Tabellaria quadriseptata"","""","""","""""
"Bacillariophyceae,""Tabellaria ventricosa"","""","""","""""
"Bacillariophyceae,""Tabularia fasciculata"",""0"",""0"","""""
"Bacillariophyceae,""Tetracyclus rupestris"","""","""","""""
"Bacillariophyceae,""Thalassionema nitzschioides"",""0"",""0"","""""
"Bacillariophyceae,""Thalassiosira angulata"",""0"",""0"","""""
"Bacillariophyceae,""Thalassiosira baltica"",""0"",""0"","""""
"Bacillariophyceae,""Thalassiosira decipiens"","""","""","""""
"Bacillariophyceae,""Thalassiosira eccentrica"",""0"",""0"","""""
"Bacillariophyceae,""Thalassiosira gessneri"","""","""","""""
"Bacillariophyceae,""Thalassiosira gravida"",""0"",""0"","""""
"Bacillariophyceae,""Thalassiosira guillardii"","""","""","""""
"Bacillariophyceae,""Thalassiosira lacustris"",""1"",""0"","""""
"Bacillariophyceae,""Thalassiosira minima"",""0"",""0"","""""
"Bacillariophyceae,""Thalassiosira proschkinae"","""","""","""""
"Bacillariophyceae,""Thalassiosira pseudonana"",""0"",""0"","""""
"Bacillariophyceae,""Thalassiosira punctigera"",""0"",""0"","""""
"Bacillariophyceae,""Thalassiosira rotula"",""0"",""0"","""""
"Bacillariophyceae,""Thalassiosira tenera"","""","""","""""
"Bacillariophyceae,""Thalassiosira visurgis"",""0"",""0"","""""
"Bacillariophyceae,""Thalassiosira weissflogii"",""0"",""0"","""""
"Bacillariophyceae,""Thalossiosira visurgis"","""","""","""""
"Bacillariophyceae,""Trieres chinensis"",""0"",""0"","""""
"Bacillariophyceae,""Trieres mobiliensis"",""0"",""0"","""""
"Bacillariophyceae,""Trieres regia"",""0"",""0"","""""
"Bacillariophyceae,""Tripos furca"",""1"",""0"","""""
"Bacillariophyceae,""Tripos fusus"",""1"",""0"","""""
"Bacillariophyceae,""Tripos horridus"",""1"",""0"","""""
"Bacillariophyceae,""Tripos lineatus"",""0"",""0"","""""
"Bacillariophyceae,""Tripos muelleri"",""0"",""0"","""""
"Bacillariophyceae,""Tryblionella angustata"","""","""","""""
"Bacillariophyceae,""Tryblionella apiculata"","""","""","""""
"Bacillariophyceae,""Tryblionella calida"","""","""","""""
"Bacillariophyceae,""Tryblionella debilis"","""","""","""""
"Bacillariophyceae,""Tryblionella hungarica"","""","""","""""
"Bacillariophyceae,""Tryblionella levidensis"","""","""","""""
"Bacillariophyceae,""Tryblionella punctata"","""","""","""""
"Bacillariophyceae,""Ulnaria acus"",""1"",""0"","""""
"Bacillariophyceae,""Ulnaria capitata"",""0"",""0"","""""
"Bacillariophyceae,""Ulnaria capitata"","""","""","""""
"Bacillariophyceae,""Ulnaria danica"",""0"",""0"","""""
"Bacillariophyceae,""Ulnaria delicatissima"",""0"",""0"","""""
"Bacillariophyceae,""Ulnaria delicatissima  var. angustissima"","""","""","""""
"Bacillariophyceae,""Ulnaria ulna"",""1"",""1"","""""
"Bacillariophyceae,""Ulnaria ulna"","""","""","""""
"Bacillariophyceae,""Ulothrix zonata"","""","""","""""
"Bacillariophyceae,""Urosolenia eriensis"","""","""","""""
"Bacillariophyceae,""Urosolenia eriensis"",""0"",""1"","""""
"Bacillariophyceae,""Urosolenia longiseta"","""","""","""""
"Bacillariophyceae,""Urosolenia longiseta"",""0"",""1"","""""
"Bacillariophyceae,""Zygoceros ehrenbergii"",""0"",""0"","""""
"Bacteria,""Cyanotheca aeruginosa"","""","""","""""
"Bacteria,""Leptothrix echinata"","""","""","""""
"Bacteria,""Leptothrix ochracea"","""","""","""""
"Bacteria,""Planctomyces bekefii"","""","""","""""
"Bicosoecophyceae,""Bicosoeca petiolata"","""","""","""""
"Bicosoecophyceae,""Stephanocodon socialis"","""","""","""""
"Chlorodendrophyceae,""Scherffelia bichlora"",""0"",""0"","""""
"Chlorodendrophyceae,""Scherffelia deformis"","""","""","""""
"Chlorodendrophyceae,""Scherffelia dubia"",""0"",""1"","""""
"Chlorodendrophyceae,""Scherffelia pelagica"","""","""","""""
"Chlorophyceae,""Acanthosphaera zachariasii"",""0"",""0"","""""
"Chlorophyceae,""Actinastrum aciculare"",""0"",""0"","""""
"Chlorophyceae,""Actinastrum fluviatile"",""0"",""0"","""""
"Chlorophyceae,""Actinastrum gracillimum"",""0"",""0"","""""
"Chlorophyceae,""Actinastrum hantzschii"",""1"",""1"","""""
"Chlorophyceae,""Actinastrum hantzschii  v. fluviatile"","""","""","""""
"Chlorophyceae,""Actinastrum hantzschii  v. gracile"","""","""","""""
"Chlorophyceae,""Actinastrum hantzschii  var. subtile"","""","""","""""
"Chlorophyceae,""Actinastrum hantzschii var. subtile"","""","""","""""
"Chlorophyceae,""Amphikrikos minutissimus"",""0"",""0"","""""
"Chlorophyceae,""Amphikrikos nanus"",""0"",""0"","""""
"Chlorophyceae,""Amphipleura pellucida"",""0"",""0"","""""
"Chlorophyceae,""Ankistrodesmus arcuatus"",""1"",""1"","""""
"Chlorophyceae,""Ankistrodesmus bernardii"","""","""","""""
"Chlorophyceae,""Ankistrodesmus bibraianus"",""0"",""0"","""""
"Chlorophyceae,""Ankistrodesmus convolutus"","""","""","""""
"Chlorophyceae,""Ankistrodesmus densus"","""","""","""""
"Chlorophyceae,""Ankistrodesmus falcatus"",""1"",""0"","""""
"Chlorophyceae,""Ankistrodesmus fasciculatus"","""","""","""""
"Chlorophyceae,""Ankistrodesmus fusiformis"",""1"",""0"","""""
"Chlorophyceae,""Ankistrodesmus gelifactum"",""0"",""0"","""""
"Chlorophyceae,""Ankistrodesmus gracilis"",""1"",""1"","""""
"Chlorophyceae,""Ankistrodesmus nannoselene"",""0"",""0"","""""
"Chlorophyceae,""Ankistrodesmus spiralis"",""0"",""0"","""""
"Chlorophyceae,""Ankistrodesmus spiroides"","""","""","""""
"Chlorophyceae,""Ankistrodesmus stipitatus"",""0"",""0"","""""
"Chlorophyceae,""Ankistrodesmus subtilis"",""0"",""0"","""""
"Chlorophyceae,""Ankyra ancora"",""0"",""1"","""""
"Chlorophyceae,""Ankyra inerme"","""","""","""""
"Chlorophyceae,""Ankyra inermis"",""0"",""0"","""""
"Chlorophyceae,""Ankyra judayi"",""1"",""1"","""""
"Chlorophyceae,""Ankyra lanceolata"",""1"",""1"","""""
"Chlorophyceae,""Ankyra ocellata"",""0"",""0"","""""
"Chlorophyceae,""Apiocystis brauniana"","""","""","""""
"Chlorophyceae,""Asterococcus limneticus"","""","""","""""
"Chlorophyceae,""Asterococcus superbus"",""0"",""0"","""""
"Chlorophyceae,""Asteroplanus karianus"",""0"",""0"","""""
"Chlorophyceae,""Atractomorpha echinata"",""0"",""0"","""""
"Chlorophyceae,""Atractomorpha echinata f. gigantea"",""0"",""0"","""""
"Chlorophyceae,""Botryochloris minima"","""","""","""""
"Chlorophyceae,""Botryochloris simplex"","""","""","""""
"Chlorophyceae,""Botryococcus braunii"",""0"",""1"","""""
"Chlorophyceae,""Botryococcus neglectus"","""","""","""""
"Chlorophyceae,""Botryococcus protuberans"","""","""","""""
"Chlorophyceae,""Botryococcus terribilis"","""","""","""""
"Chlorophyceae,""Botryosphaerella sudetica"","""","""","""""
"Chlorophyceae,""Carteria globulosa"",""0"",""1"","""""
"Chlorophyceae,""Carteria klebsii"",""0"",""1"","""""
"Chlorophyceae,""Carteria multifilis"",""0"",""1"","""""
"Chlorophyceae,""Carteria pseudoglobosa"","""","""","""""
"Chlorophyceae,""Carteria pseudomultifilis"",""0"",""1"","""""
"Chlorophyceae,""Carteria rotunda"","""","""","""""
"Chlorophyceae,""Chaetopeltis orbicularis"","""","""","""""
"Chlorophyceae,""Characium ornithocephalum var. longisetum"","""","""","""""
"Chlorophyceae,""Chlainomonas ovalis"","""","""","""""
"Chlorophyceae,""Chlamydocapsa ampla"","""","""","""""
"Chlorophyceae,""Chlamydocapsa bacillus"","""","""","""""
"Chlorophyceae,""Chlamydocapsa planctonica"",""0"",""1"","""""
"Chlorophyceae,""Chlamydomonas bergii"","""","""","""""
"Chlorophyceae,""Chlamydomonas bicocca"","""","""","""""
"Chlorophyceae,""Chlamydomonas botryopara"",""1"",""0"","""""
"Chlorophyceae,""Chlamydomonas chlorogoniopsis"","""","""","""""
"Chlorophyceae,""Chlamydomonas confinis"","""","""","""""
"Chlorophyceae,""Chlamydomonas conica"","""","""","""""
"Chlorophyceae,""Chlamydomonas conica  var. subconica"","""","""","""""
"Chlorophyceae,""Chlamydomonas ehrenbergii"",""1"",""0"","""""
"Chlorophyceae,""Chlamydomonas eradians"","""","""","""""
"Chlorophyceae,""Chlamydomonas globosa"",""1"",""0"","""""
"Chlorophyceae,""Chlamydomonas gloeophila"",""1"",""0"","""""
"Chlorophyceae,""Chlamydomonas gloeophila  irregularis"","""","""","""""
"Chlorophyceae,""Chlamydomonas grovei"","""","""","""""
"Chlorophyceae,""Chlamydomonas incerta"","""","""","""""
"Chlorophyceae,""Chlamydomonas intermedia"","""","""","""""
"Chlorophyceae,""Chlamydomonas minutissima"",""1"",""0"","""""
"Chlorophyceae,""Chlamydomonas monadina"","""","""","""""
"Chlorophyceae,""Chlamydomonas obtusata"","""","""","""""
"Chlorophyceae,""Chlamydomonas paradoxa"","""","""","""""
"Chlorophyceae,""Chlamydomonas pertusa"","""","""","""""
"Chlorophyceae,""Chlamydomonas proboscigera"","""","""","""""
"Chlorophyceae,""Chlamydomonas pseudopertusa"","""","""","""""
"Chlorophyceae,""Chlamydomonas quiescens"",""1"",""0"","""""
"Chlorophyceae,""Chlamydomonas reinhardtii"",""1"",""0"","""""
"Chlorophyceae,""Chlamydomonas skujae"","""","""","""""
"Chlorophyceae,""Chlamydomonas spagnicola"","""","""","""""
"Chlorophyceae,""Chlamydomonas tremulans"",""1"",""0"","""""
"Chlorophyceae,""Chlorella pyrenoidosa"",""0"",""1"","""""
"Chlorophyceae,""Chlorococcum infusionum"",""0"",""0"","""""
"Chlorophyceae,""Chlorogonium acutiforme"","""","""","""""
"Chlorophyceae,""Chlorogonium elongatum"",""1"",""1"","""""
"Chlorophyceae,""Chlorogonium euchlorum"",""1"",""0"","""""
"Chlorophyceae,""Chlorogonium fusiforme"",""1"",""1"","""""
"Chlorophyceae,""Chlorogonium gracile"","""","""","""""
"Chlorophyceae,""Chlorogonium maximum"","""","""","""""
"Chlorophyceae,""Chlorogonium metamorphum"","""","""","""""
"Chlorophyceae,""Chlorogonium minimum"","""","""","""""
"Chlorophyceae,""Chlorolobion braunii"",""0"",""0"","""""
"Chlorophyceae,""Chlorolobion glareosus"","""","""","""""
"Chlorophyceae,""Chlorolobion lunulatum"","""","""","""""
"Chlorophyceae,""Chlorolobion saxatile"","""","""","""""
"Chlorophyceae,""Chlorotetraedron incus"",""1"",""1"","""""
"Chlorophyceae,""Choricystis guttula"","""","""","""""
"Chlorophyceae,""Choricystis parasitica"",""0"",""0"","""""
"Chlorophyceae,""Closteriopsis acicularis"",""1"",""0"","""""
"Chlorophyceae,""Closteriopsis longissima"",""0"",""0"","""""
"Chlorophyceae,""Coccomonas orbicularis"","""","""","""""
"Chlorophyceae,""Coccomyxa lunaris"","""","""","""""
"Chlorophyceae,""Coelastrum astroideum"",""1"",""1"","""""
"Chlorophyceae,""Coelastrum cambricum  v. intermedium"","""","""","""""
"Chlorophyceae,""Coelastrum indicum"",""1"",""0"","""""
"Chlorophyceae,""Coelastrum microporum"",""1"",""1"","""""
"Chlorophyceae,""Coelastrum morus"",""1"",""0"","""""
"Chlorophyceae,""Coelastrum polychordum"",""1"",""1"","""""
"Chlorophyceae,""Coelastrum printzii"","""","""","""""
"Chlorophyceae,""Coelastrum proboscideum"","""","""","""""
"Chlorophyceae,""Coelastrum pseudomicroporum"",""1"",""1"","""""
"Chlorophyceae,""Coelastrum pulchrum"",""1"",""0"","""""
"Chlorophyceae,""Coelastrum reticulatum"",""1"",""1"","""""
"Chlorophyceae,""Coelastrum sphaericum"",""1"",""0"","""""
"Chlorophyceae,""Coelastrum verrucosum"","""","""","""""
"Chlorophyceae,""Coenochloris fottii"",""1"",""0"","""""
"Chlorophyceae,""Coenochloris hindakii"",""1"",""0"","""""
"Chlorophyceae,""Coenochloris mucosa"",""1"",""0"","""""
"Chlorophyceae,""Coenochloris ovalis"",""1"",""0"","""""
"Chlorophyceae,""Coenochloris polycocca"",""1"",""0"","""""
"Chlorophyceae,""Coenochloris pyrenoidosa"","""","""","""""
"Chlorophyceae,""Coenococcus planctonicus"","""","""","""""
"Chlorophyceae,""Coenocystis planctonica"",""1"",""1"","""""
"Chlorophyceae,""Coenocystis planctonica  var. hercynica"","""","""","""""
"Chlorophyceae,""Coenocystis planktonica"","""","""","""""
"Chlorophyceae,""Coenocystis quadriguloides"","""","""","""""
"Chlorophyceae,""Coenocystis subcylindrica"",""0"",""0"","""""
"Chlorophyceae,""Collodictyon triciliatum"","""","""","""""
"Chlorophyceae,""Comasiella arcuata"",""1"",""0"","""""
"Chlorophyceae,""Coronastrum aestivale"","""","""","""""
"Chlorophyceae,""Coronastrum ellipsoideum"",""0"",""0"","""""
"Chlorophyceae,""Coronastrum lunatum"","""","""","""""
"Chlorophyceae,""Crucigenia fenestrata"",""1"",""1"","""""
"Chlorophyceae,""Crucigenia lauterbornii"","""","""","""""
"Chlorophyceae,""Crucigenia lunaris"","""","""","""""
"Chlorophyceae,""Crucigenia minima"","""","""","""""
"Chlorophyceae,""Crucigenia mucronata"",""1"",""0"","""""
"Chlorophyceae,""Crucigenia quadrata"",""1"",""1"","""""
"Chlorophyceae,""Crucigenia smithii"","""","""","""""
"Chlorophyceae,""Crucigenia tetrapedia"",""1"",""1"","""""
"Chlorophyceae,""Crucigenia triangularis"","""","""","""""
"Chlorophyceae,""Crucigeniella apiculata"",""1"",""1"","""""
"Chlorophyceae,""Crucigeniella crucifera"",""1"",""0"","""""
"Chlorophyceae,""Crucigeniella irregularis"","""","""","""""
"Chlorophyceae,""Crucigeniella neglecta"",""1"",""0"","""""
"Chlorophyceae,""Crucigeniella pulchra"",""1"",""1"","""""
"Chlorophyceae,""Crucigeniella rectangularis"",""1"",""1"","""""
"Chlorophyceae,""Crucigeniella truncata"","""","""","""""
"Chlorophyceae,""Danubia ansa"","""","""","""""
"Chlorophyceae,""Desmatractum bipyramidatum"","""","""","""""
"Chlorophyceae,""Desmatractum delicatissimum"",""0"",""0"","""""
"Chlorophyceae,""Desmatractum indutum"",""0"",""0"","""""
"Chlorophyceae,""Desmodesmus abundans"",""1"",""1"","""""
"Chlorophyceae,""Desmodesmus armatus"",""0"",""1"","""""
"Chlorophyceae,""Desmodesmus bicaudatus"",""0"",""1"","""""
"Chlorophyceae,""Desmodesmus brasiliensis"",""1"",""0"","""""
"Chlorophyceae,""Desmodesmus communis"",""1"",""1"","""""
"Chlorophyceae,""Desmodesmus costato-granulatus"",""1"",""1"","""""
"Chlorophyceae,""Desmodesmus denticulatus"",""0"",""1"","""""
"Chlorophyceae,""Desmodesmus dispar"",""1"",""0"","""""
"Chlorophyceae,""Desmodesmus flavescens"",""1"",""1"","""""
"Chlorophyceae,""Desmodesmus grahneisii"",""0"",""0"","""""
"Chlorophyceae,""Desmodesmus intermedius"",""0"",""0"","""""
"Chlorophyceae,""Desmodesmus lefevrei"",""0"",""0"","""""
"Chlorophyceae,""Desmodesmus opoliensis"",""1"",""1"","""""
"Chlorophyceae,""Desmodesmus serratus"",""0"",""0"","""""
"Chlorophyceae,""Desmodesmus spinosus"",""0"",""0"","""""
"Chlorophyceae,""Desmodesmus subspicatus"",""1"",""0"","""""
"Chlorophyceae,""Diacanthos belenophorus"","""","""","""""
"Chlorophyceae,""Dicellula planctonica"",""0"",""0"","""""
"Chlorophyceae,""Dicloster acuatus"","""","""","""""
"Chlorophyceae,""Dictyochlorella reniformis"","""","""","""""
"Chlorophyceae,""Dictyosphaerium anomalum"","""","""","""""
"Chlorophyceae,""Dictyosphaerium botrytella"","""","""","""""
"Chlorophyceae,""Dictyosphaerium chlorelloides"",""1"",""0"","""""
"Chlorophyceae,""Dictyosphaerium ehrenbergianum"",""1"",""1"","""""
"Chlorophyceae,""Dictyosphaerium elegans"","""","""","""""
"Chlorophyceae,""Dictyosphaerium elongatum"","""","""","""""
"Chlorophyceae,""Dictyosphaerium granulatum"","""","""","""""
"Chlorophyceae,""Dictyosphaerium pulchellum"",""1"",""1"","""""
"Chlorophyceae,""Dictyosphaerium pulchellum  v. minutum"","""","""","""""
"Chlorophyceae,""Dictyosphaerium sphagnale"","""","""","""""
"Chlorophyceae,""Dictyosphaerium subsolitarium"",""1"",""0"","""""
"Chlorophyceae,""Dictyosphaerium tetrachotomum"",""1"",""1"","""""
"Chlorophyceae,""Dictyosphaerium tetrachotomum  v. minutum"","""","""","""""
"Chlorophyceae,""Didymocystis bicellularis"",""0"",""0"","""""
"Chlorophyceae,""Didymocystis fina"",""0"",""0"","""""
"Chlorophyceae,""Didymocystis inconspicua"",""0"",""0"","""""
"Chlorophyceae,""Didymocystis inermis"",""0"",""0"","""""
"Chlorophyceae,""Didymocystis lineata"",""0"",""0"","""""
"Chlorophyceae,""Didymocystis planctonica"",""1"",""0"","""""
"Chlorophyceae,""Didymogenes anomala"","""","""","""""
"Chlorophyceae,""Didymogenes palatina"",""1"",""0"","""""
"Chlorophyceae,""Dimorphococcus cordatus"","""","""","""""
"Chlorophyceae,""Dimorphococcus lunatus"","""","""","""""
"Chlorophyceae,""Diplochloris decussata"",""0"",""0"","""""
"Chlorophyceae,""Diplochloris hortobagyi"",""0"",""0"","""""
"Chlorophyceae,""Diplochloris lunata"",""0"",""0"","""""
"Chlorophyceae,""Diplostauron angulosum"","""","""","""""
"Chlorophyceae,""Diplostauron elegans"","""","""","""""
"Chlorophyceae,""Dispora crucigenioides"","""","""","""""
"Chlorophyceae,""Echinocoleum elegans"",""0"",""0"","""""
"Chlorophyceae,""Echinosphaerella limnetica"","""","""","""""
"Chlorophyceae,""Eremosphaera gigas"","""","""","""""
"Chlorophyceae,""Errerella bornhemiensis"","""","""","""""
"Chlorophyceae,""Euastropsis richteri"","""","""","""""
"Chlorophyceae,""Eudorina cylindrica"","""","""","""""
"Chlorophyceae,""Eudorina elegans"",""0"",""1"","""""
"Chlorophyceae,""Eudorina illinoisensis"","""","""","""""
"Chlorophyceae,""Eudorina unicocca"","""","""","""""
"Chlorophyceae,""Eutetramorus fottii"",""1"",""0"","""""
"Chlorophyceae,""Eutetramorus globosus"","""","""","""""
"Chlorophyceae,""Eutetramorus nygaardii"","""","""","""""
"Chlorophyceae,""Eutetramorus planctonicus"",""1"",""0"","""""
"Chlorophyceae,""Eutetramorus tetrasporus"","""","""","""""
"Chlorophyceae,""Excentrosphaeria viridis"","""","""","""""
"Chlorophyceae,""Follicularia paradoxalis"",""1"",""0"","""""
"Chlorophyceae,""Fotterella tetrachlorelloides"",""0"",""1"","""""
"Chlorophyceae,""Franceia armata"","""","""","""""
"Chlorophyceae,""Franceia droescheri"",""0"",""0"","""""
"Chlorophyceae,""Franceia ovalis"",""0"",""0"","""""
"Chlorophyceae,""Fusola viridis"",""1"",""1"","""""
"Chlorophyceae,""Gloeoactinium limneticum"","""","""","""""
"Chlorophyceae,""Gloeococcus alsius"","""","""","""""
"Chlorophyceae,""Gloeococcus maximus"","""","""","""""
"Chlorophyceae,""Gloeococcus planctogloea"","""","""","""""
"Chlorophyceae,""Gloeocystis polydermatica"","""","""","""""
"Chlorophyceae,""Gloeocystis vesiculosa"",""0"",""0"","""""
"Chlorophyceae,""Golenkinia paucispina"","""","""","""""
"Chlorophyceae,""Golenkinia radiata"",""1"",""1"","""""
"Chlorophyceae,""Golenkiniopsis longispina"","""","""","""""
"Chlorophyceae,""Golenkiniopsis parvula"",""0"",""0"","""""
"Chlorophyceae,""Golenkiniopsis solitaria"","""","""","""""
"Chlorophyceae,""Gonium pectorale"",""0"",""1"","""""
"Chlorophyceae,""Gonium sociale"",""0"",""0"","""""
"Chlorophyceae,""Granulocystis helenae"",""0"",""0"","""""
"Chlorophyceae,""Granulocystis ruzickae"","""","""","""""
"Chlorophyceae,""Granulocystis verrucosa"","""","""","""""
"Chlorophyceae,""Granulocystopsis coronata"",""0"",""0"","""""
"Chlorophyceae,""Granulocystopsis pseudocoronata"",""0"",""0"","""""
"Chlorophyceae,""Gregiochloris lacustris"",""0"",""0"","""""
"Chlorophyceae,""Haematococcus buetschlii"","""","""","""""
"Chlorophyceae,""Haematococcus pluvialis"","""","""","""""
"Chlorophyceae,""Hariotina polychorda"",""1"",""1"","""""
"Chlorophyceae,""Hariotina reticulata"",""1"",""1"","""""
"Chlorophyceae,""Hegewaldia parvula"",""0"",""0"","""""
"Chlorophyceae,""Hemitoma maeandrocystis"","""","""","""""
"Chlorophyceae,""Hindakia tetrachotoma"",""1"",""1"","""""
"Chlorophyceae,""Hindakochloris nygaardii"","""","""","""""
"Chlorophyceae,""Hyaloraphidium contortum"","""","""","""""
"Chlorophyceae,""Hydrodictyon reticulatum"","""","""","""""
"Chlorophyceae,""Keratococcus bicaudatus"","""","""","""""
"Chlorophyceae,""Keratococcus mucicola"","""","""","""""
"Chlorophyceae,""Keratococcus rhaphidioides"",""0"",""0"","""""
"Chlorophyceae,""Keratococcus suecicus"","""","""","""""
"Chlorophyceae,""Keratococcus suecius"",""0"",""0"","""""
"Chlorophyceae,""Kirchneriella aperta"",""0"",""0"","""""
"Chlorophyceae,""Kirchneriella arcuata"","""","""","""""
"Chlorophyceae,""Kirchneriella contorta"",""1"",""1"","""""
"Chlorophyceae,""Kirchneriella contorta  var. elegans"","""","""","""""
"Chlorophyceae,""Kirchneriella dianae"",""0"",""0"","""""
"Chlorophyceae,""Kirchneriella elegans"","""","""","""""
"Chlorophyceae,""Kirchneriella irregularis"",""0"",""0"","""""
"Chlorophyceae,""Kirchneriella lunaris"",""1"",""1"","""""
"Chlorophyceae,""Kirchneriella microscopica"","""","""","""""
"Chlorophyceae,""Kirchneriella obesa"",""1"",""0"","""""
"Chlorophyceae,""Kirchneriella obtusa"","""","""","""""
"Chlorophyceae,""Kirchneriella pinguis"",""0"",""0"","""""
"Chlorophyceae,""Kirchneriella rotunda"",""0"",""0"","""""
"Chlorophyceae,""Kirchneriella subcapitata"",""0"",""0"","""""
"Chlorophyceae,""Komarekia appendiculata"",""0"",""0"","""""
"Chlorophyceae,""Komarekia rotundata"",""0"",""0"","""""
"Chlorophyceae,""Korshikoviella gracilipes"","""","""","""""
"Chlorophyceae,""Korshikoviella limnetica"",""0"",""0"","""""
"Chlorophyceae,""Korshikoviella michailovskoensis"",""0"",""0"","""""
"Chlorophyceae,""Korshikoviella setosa"",""0"",""0"","""""
"Chlorophyceae,""Lacunastrum gracillimum"",""1"",""1"","""""
"Chlorophyceae,""Lagerheimia balatonica"","""","""","""""
"Chlorophyceae,""Lagerheimia chodatii"","""","""","""""
"Chlorophyceae,""Lagerheimia ciliata"",""1"",""1"","""""
"Chlorophyceae,""Lagerheimia citriformis"",""0"",""0"","""""
"Chlorophyceae,""Lagerheimia genevensis"",""1"",""1"","""""
"Chlorophyceae,""Lagerheimia griffithsii"","""","""","""""
"Chlorophyceae,""Lagerheimia hindakii"","""","""","""""
"Chlorophyceae,""Lagerheimia longiseta"",""0"",""0"","""""
"Chlorophyceae,""Lagerheimia marssonii"",""0"",""0"","""""
"Chlorophyceae,""Lagerheimia quadriseta"","""","""","""""
"Chlorophyceae,""Lagerheimia subsalsa"",""0"",""1"","""""
"Chlorophyceae,""Lagerheimia wratislawiensis"",""1"",""0"","""""
"Chlorophyceae,""Lauterborniella elegantissima"",""0"",""0"","""""
"Chlorophyceae,""Lemmermannia komarekii"",""1"",""0"","""""
"Chlorophyceae,""Lemmermannia tetrapedia"",""1"",""1"","""""
"Chlorophyceae,""Lemmermannia triangularis"",""1"",""1"","""""
"Chlorophyceae,""Lobocystis planctonica"","""","""","""""
"Chlorophyceae,""Lobomonas ampla"","""","""","""""
"Chlorophyceae,""Messastrum gracile"",""1"",""1"","""""
"Chlorophyceae,""Micractinium bornhemiense"",""0"",""0"","""""
"Chlorophyceae,""Micractinium crassisetum"","""","""","""""
"Chlorophyceae,""Micractinium pusillum"",""1"",""1"","""""
"Chlorophyceae,""Micractinium quadrisetum"","""","""","""""
"Chlorophyceae,""Micractinium valkanovii"","""","""","""""
"Chlorophyceae,""Microspora quadrata"","""","""","""""
"Chlorophyceae,""Microspora willeana"","""","""","""""
"Chlorophyceae,""Monactinus simplex"",""1"",""1"","""""
"Chlorophyceae,""Monactinus simplex var. echinulatum"",""1"",""1"","""""
"Chlorophyceae,""Monoraphidium arcuatum"",""1"",""1"","""""
"Chlorophyceae,""Monoraphidium caribeum"","""","""","""""
"Chlorophyceae,""Monoraphidium circinale"",""1"",""0"","""""
"Chlorophyceae,""Monoraphidium contortum"",""1"",""1"","""""
"Chlorophyceae,""Monoraphidium convolutum"",""0"",""0"","""""
"Chlorophyceae,""Monoraphidium dybowskii"",""0"",""0"","""""
"Chlorophyceae,""Monoraphidium flexuosum"","""","""","""""
"Chlorophyceae,""Monoraphidium fontinale"","""","""","""""
"Chlorophyceae,""Monoraphidium griffithii"",""1"",""1"","""""
"Chlorophyceae,""Monoraphidium indicum"",""0"",""0"","""""
"Chlorophyceae,""Monoraphidium irregulare"",""0"",""0"","""""
"Chlorophyceae,""Monoraphidium komarkovae"",""0"",""1"","""""
"Chlorophyceae,""Monoraphidium litorale"","""","""","""""
"Chlorophyceae,""Monoraphidium minutum"",""0"",""1"","""""
"Chlorophyceae,""Monoraphidium mirabile"",""0"",""0"","""""
"Chlorophyceae,""Monoraphidium nanum"","""","""","""""
"Chlorophyceae,""Monoraphidium obtusum"","""","""","""""
"Chlorophyceae,""Monoraphidium pseudobraunii"","""","""","""""
"Chlorophyceae,""Monoraphidium pusillum"",""0"",""0"","""""
"Chlorophyceae,""Monoraphidium skujae"","""","""","""""
"Chlorophyceae,""Monoraphidium tortile"",""0"",""1"","""""
"Chlorophyceae,""Mucidosphaerium pulchellum"",""1"",""1"","""""
"Chlorophyceae,""Mychonastes homosphaera"",""0"",""1"","""""
"Chlorophyceae,""Mychonastes jurisii"",""0"",""0"","""""
"Chlorophyceae,""Neochloris wimmeri"","""","""","""""
"Chlorophyceae,""Neodesmus danubialis"",""1"",""0"","""""
"Chlorophyceae,""Nephrochlamys allanthoidea"",""0"",""0"","""""
"Chlorophyceae,""Nephrochlamys danica"","""","""","""""
"Chlorophyceae,""Nephrochlamys rostrata"",""1"",""1"","""""
"Chlorophyceae,""Nephrochlamys rotunda"","""","""","""""
"Chlorophyceae,""Nephrochlamys subsolitaria"",""1"",""1"","""""
"Chlorophyceae,""Nephrochlamys willeana"","""","""","""""
"Chlorophyceae,""Nephrocytium agardhianum"",""0"",""1"","""""
"Chlorophyceae,""Nephrocytium limneticum"",""0"",""0"","""""
"Chlorophyceae,""Nephrocytium lunatum"","""","""","""""
"Chlorophyceae,""Oedogonium capillare"","""","""","""""
"Chlorophyceae,""Oocystis apiculata"","""","""","""""
"Chlorophyceae,""Oocystis borgei"",""1"",""1"","""""
"Chlorophyceae,""Oocystis ecballocystiformis"","""","""","""""
"Chlorophyceae,""Oocystis elliptica"","""","""","""""
"Chlorophyceae,""Oocystis lacustris"",""1"",""1"","""""
"Chlorophyceae,""Oocystis lacustris / marssonii"","""","""","""""
"Chlorophyceae,""Oocystis marssonii"",""1"",""1"","""""
"Chlorophyceae,""Oocystis minuta"","""","""","""""
"Chlorophyceae,""Oocystis naegelii"","""","""","""""
"Chlorophyceae,""Oocystis parva"",""0"",""0"","""""
"Chlorophyceae,""Oocystis parva / rhomboidea"","""","""","""""
"Chlorophyceae,""Oocystis pusilla"","""","""","""""
"Chlorophyceae,""Oocystis rhomboidea"",""0"",""0"","""""
"Chlorophyceae,""Oocystis solitaria"",""0"",""0"","""""
"Chlorophyceae,""Oocystis submarina"","""","""","""""
"Chlorophyceae,""Oocystis submarina  v. variabilis"","""","""","""""
"Chlorophyceae,""Oocystis taionensis"","""","""","""""
"Chlorophyceae,""Oonephris obesa"","""","""","""""
"Chlorophyceae,""Pandorina charkowiensis"","""","""","""""
"Chlorophyceae,""Pandorina morum"",""1"",""1"","""""
"Chlorophyceae,""Pandorina smithii"","""","""","""""
"Chlorophyceae,""Papenfussiomonas cordata"","""","""","""""
"Chlorophyceae,""Paradoxia multiseta"",""0"",""0"","""""
"Chlorophyceae,""Paradoxia pelletieri"",""0"",""0"","""""
"Chlorophyceae,""Parapediastrum biradiatum"",""0"",""0"","""""
"Chlorophyceae,""Parapediastrum longicornutum"",""0"",""0"","""""
"Chlorophyceae,""Paulschulzia pseudovolvox"",""0"",""0"","""""
"Chlorophyceae,""Paulschulzia tenera"",""0"",""0"","""""
"Chlorophyceae,""Pediastrum angulosum"","""","""","""""
"Chlorophyceae,""Pediastrum biradiatum"",""0"",""0"","""""
"Chlorophyceae,""Pediastrum biradiatum  v. longicorne"","""","""","""""
"Chlorophyceae,""Pediastrum biradiatum var. biradiatum"","""","""","""""
"Chlorophyceae,""Pediastrum biradiatum var. longecornutum"","""","""","""""
"Chlorophyceae,""Pediastrum boryanum"",""0"",""1"","""""
"Chlorophyceae,""Pediastrum boryanum  v. brevicorne"",""0"",""1"","""""
"Chlorophyceae,""Pediastrum boryanum  v. longicorne"","""","""","""""
"Chlorophyceae,""Pediastrum boryanum  var. cornutum"","""","""","""""
"Chlorophyceae,""Pediastrum boryanum var. boryanum"","""","""","""""
"Chlorophyceae,""Pediastrum boryanum var. cornutum"","""","""","""""
"Chlorophyceae,""Pediastrum boryanum var. longicorne"",""0"",""1"","""""
"Chlorophyceae,""Pediastrum duplex"",""1"",""1"","""""
"Chlorophyceae,""Pediastrum duplex  v. gracillimum"",""1"",""1"","""""
"Chlorophyceae,""Pediastrum duplex  v. subgranulatum"","""","""","""""
"Chlorophyceae,""Pediastrum duplex var. duplex"","""","""","""""
"Chlorophyceae,""Pediastrum duplex var. rugulosum"","""","""","""""
"Chlorophyceae,""Pediastrum duplex var. subgranulatum"","""","""","""""
"Chlorophyceae,""Pediastrum integrum"",""0"",""0"","""""
"Chlorophyceae,""Pediastrum kawraiskyi"",""0"",""0"","""""
"Chlorophyceae,""Pediastrum obtusum"","""","""","""""
"Chlorophyceae,""Pediastrum privum"","""","""","""""
"Chlorophyceae,""Pediastrum simplex"",""1"",""1"","""""
"Chlorophyceae,""Pediastrum simplex  var. biwaense"","""","""","""""
"Chlorophyceae,""Pediastrum simplex  var. echinulatum"",""1"",""1"","""""
"Chlorophyceae,""Pediastrum simplex var. simplex"","""","""","""""
"Chlorophyceae,""Pediastrum simplex var. sturmii"","""","""","""""
"Chlorophyceae,""Pediastrum tetras"",""0"",""1"","""""
"Chlorophyceae,""Phacotus lendneri"","""","""","""""
"Chlorophyceae,""Phacotus lenticularis"",""1"",""1"","""""
"Chlorophyceae,""Planctococcus sphaerocystiformis"",""1"",""0"","""""
"Chlorophyceae,""Planktosphaeria gelatinosa"",""1"",""0"","""""
"Chlorophyceae,""Pleodorina californica"","""","""","""""
"Chlorophyceae,""Pleodorina sphaerica"","""","""","""""
"Chlorophyceae,""Polyedriopsis spinulosa"",""0"",""0"","""""
"Chlorophyceae,""Polytoma granuliferum"","""","""","""""
"Chlorophyceae,""Polytoma uvella"","""","""","""""
"Chlorophyceae,""Polytomella magna"","""","""","""""
"Chlorophyceae,""Porochloris tetragona"","""","""","""""
"Chlorophyceae,""Pseudococcomyxa simplex"",""0"",""0"","""""
"Chlorophyceae,""Pseudodictyosphaerium jurisii"",""0"",""0"","""""
"Chlorophyceae,""Pseudodidymocystis inconspicua"",""0"",""0"","""""
"Chlorophyceae,""Pseudokirchneriella mucosa"","""","""","""""
"Chlorophyceae,""Pseudopediastrum boryanum"",""0"",""1"","""""
"Chlorophyceae,""Pseudopediastrum brevicorne"",""0"",""1"","""""
"Chlorophyceae,""Pseudopediastrum kawraiskyi"",""0"",""0"","""""
"Chlorophyceae,""Pseudoschroederia antillarum"",""0"",""0"","""""
"Chlorophyceae,""Pseudoschroederia robusta"",""0"",""0"","""""
"Chlorophyceae,""Pseudosphaerocystis lacustris"",""1"",""0"","""""
"Chlorophyceae,""Pseudosphaerocystis neglecta"",""1"",""0"","""""
"Chlorophyceae,""Pseudotetrastrum punctatum"",""1"",""1"","""""
"Chlorophyceae,""Pteromonas aculeata"",""1"",""0"","""""
"Chlorophyceae,""Pteromonas aequiciliata"","""","""","""""
"Chlorophyceae,""Pteromonas angulosa"",""1"",""0"","""""
"Chlorophyceae,""Pteromonas cordiformis"",""1"",""0"","""""
"Chlorophyceae,""Pteromonas golenkiniana"","""","""","""""
"Chlorophyceae,""Pteromonas pseudoangulosa"","""","""","""""
"Chlorophyceae,""Pteromonas robusta"",""1"",""0"","""""
"Chlorophyceae,""Pyramichlamys dissecta"","""","""","""""
"Chlorophyceae,""Pyramichlamys semiglobosa"","""","""","""""
"Chlorophyceae,""Pyrobotrys casinoensis"","""","""","""""
"Chlorophyceae,""Quadricoccus ellipticus"",""0"",""0"","""""
"Chlorophyceae,""Quadricoccus laevis"",""0"",""0"","""""
"Chlorophyceae,""Quadricoccus verrucosus"",""0"",""0"","""""
"Chlorophyceae,""Quadrigula chodatii"","""","""","""""
"Chlorophyceae,""Quadrigula closterioides"",""0"",""0"","""""
"Chlorophyceae,""Quadrigula korsikovii"",""0"",""0"","""""
"Chlorophyceae,""Quadrigula lacustris"",""0"",""0"","""""
"Chlorophyceae,""Quadrigula pfitzeri"",""0"",""1"","""""
"Chlorophyceae,""Quadrigula quaternata"","""","""","""""
"Chlorophyceae,""Radiococcus bavaricus"",""1"",""0"","""""
"Chlorophyceae,""Radiococcus nimbatus"",""1"",""0"","""""
"Chlorophyceae,""Radiococcus planktonicus"","""","""","""""
"Chlorophyceae,""Radiococcus polycoccus"",""1"",""0"","""""
"Chlorophyceae,""Radiococcus wildemanii"","""","""","""""
"Chlorophyceae,""Raphidocelis contorta"","""","""","""""
"Chlorophyceae,""Raphidocelis danubiana"",""1"",""1"","""""
"Chlorophyceae,""Raphidocelis rotunda"","""","""","""""
"Chlorophyceae,""Raphidocelis sigmoidea"",""1"",""0"","""""
"Chlorophyceae,""Raphidocelis subcapitata"",""0"",""0"","""""
"Chlorophyceae,""Scenedesmus abundans"","""","""","""""
"Chlorophyceae,""Scenedesmus aculeolatus"",""0"",""0"","""""
"Chlorophyceae,""Scenedesmus acuminatus"",""1"",""1"","""""
"Chlorophyceae,""Scenedesmus acunae"",""0"",""0"","""""
"Chlorophyceae,""Scenedesmus acutiformis"","""","""","""""
"Chlorophyceae,""Scenedesmus acutus"",""0"",""1"","""""
"Chlorophyceae,""Scenedesmus acutus  f. alternans"","""","""","""""
"Chlorophyceae,""Scenedesmus acutus  f. tetradesmiformis"","""","""","""""
"Chlorophyceae,""Scenedesmus aldavei"","""","""","""""
"Chlorophyceae,""Scenedesmus apiculatus"","""","""","""""
"Chlorophyceae,""Scenedesmus arcuatus"",""1"",""0"","""""
"Chlorophyceae,""Scenedesmus arcuatus  var. platydiscus"","""","""","""""
"Chlorophyceae,""Scenedesmus armatus"",""0"",""1"","""""
"Chlorophyceae,""Scenedesmus armatus  var. bicaudatus"","""","""","""""
"Chlorophyceae,""Scenedesmus arthrodesmiformis"",""0"",""1"","""""
"Chlorophyceae,""Scenedesmus balatonicus"","""","""","""""
"Chlorophyceae,""Scenedesmus bellospinosus"","""","""","""""
"Chlorophyceae,""Scenedesmus bernardii"",""1"",""0"","""""
"Chlorophyceae,""Scenedesmus bicaudatus"",""0"",""1"","""""
"Chlorophyceae,""Scenedesmus bicaudatus  var. brevicaudatus"","""","""","""""
"Chlorophyceae,""Scenedesmus brasiliensis"",""1"",""0"","""""
"Chlorophyceae,""Scenedesmus brevispina"",""0"",""0"","""""
"Chlorophyceae,""Scenedesmus caudato-aculeatus"","""","""","""""
"Chlorophyceae,""Scenedesmus caudato-aculeolatus"",""1"",""0"","""""
"Chlorophyceae,""Scenedesmus circumfusus"","""","""","""""
"Chlorophyceae,""Scenedesmus columnatus"","""","""","""""
"Chlorophyceae,""Scenedesmus costato-granulatus"",""1"",""1"","""""
"Chlorophyceae,""Scenedesmus decorus"","""","""","""""
"Chlorophyceae,""Scenedesmus denticulatus"",""0"",""1"","""""
"Chlorophyceae,""Scenedesmus denticulatus  v. linearis"","""","""","""""
"Chlorophyceae,""Scenedesmus dimorphus"",""1"",""1"","""""
"Chlorophyceae,""Scenedesmus disciformis"",""1"",""1"","""""
"Chlorophyceae,""Scenedesmus dispar"",""1"",""0"","""""
"Chlorophyceae,""Scenedesmus ecornis"",""1"",""1"","""""
"Chlorophyceae,""Scenedesmus ecornis var. polymorphus"","""","""","""""
"Chlorophyceae,""Scenedesmus ellipsoideus"","""","""","""""
"Chlorophyceae,""Scenedesmus ellipticus"",""1"",""0"","""""
"Chlorophyceae,""Scenedesmus falcatus"",""1"",""1"","""""
"Chlorophyceae,""Scenedesmus flavescens"",""1"",""1"","""""
"Chlorophyceae,""Scenedesmus grahneisii"",""0"",""0"","""""
"Chlorophyceae,""Scenedesmus grahneissii"","""","""","""""
"Chlorophyceae,""Scenedesmus granulatus"",""1"",""0"","""""
"Chlorophyceae,""Scenedesmus granulatus f. spinosus"","""","""","""""
"Chlorophyceae,""Scenedesmus gutwinskii"",""0"",""0"","""""
"Chlorophyceae,""Scenedesmus helveticus"","""","""","""""
"Chlorophyceae,""Scenedesmus heteracanthus"","""","""","""""
"Chlorophyceae,""Scenedesmus hystrix"","""","""","""""
"Chlorophyceae,""Scenedesmus incrassatulus"","""","""","""""
"Chlorophyceae,""Scenedesmus insignis"",""0"",""0"","""""
"Chlorophyceae,""Scenedesmus intermedius"",""0"",""0"","""""
"Chlorophyceae,""Scenedesmus intermedius  v. balatonicus"","""","""","""""
"Chlorophyceae,""Scenedesmus intermedius  var. acaudatus"","""","""","""""
"Chlorophyceae,""Scenedesmus lefevrei"",""0"",""0"","""""
"Chlorophyceae,""Scenedesmus lefevrii"","""","""","""""
"Chlorophyceae,""Scenedesmus linearis"",""0"",""1"","""""
"Chlorophyceae,""Scenedesmus longispina"",""0"",""1"","""""
"Chlorophyceae,""Scenedesmus lunatus"","""","""","""""
"Chlorophyceae,""Scenedesmus magnus"",""1"",""0"","""""
"Chlorophyceae,""Scenedesmus microspina"","""","""","""""
"Chlorophyceae,""Scenedesmus naegelii"","""","""","""""
"Chlorophyceae,""Scenedesmus nanus"","""","""","""""
"Chlorophyceae,""Scenedesmus obliquus"",""1"",""0"","""""
"Chlorophyceae,""Scenedesmus obtusus"",""1"",""1"","""""
"Chlorophyceae,""Scenedesmus obtusus f. alternans"",""1"",""0"","""""
"Chlorophyceae,""Scenedesmus opoliensis"",""1"",""1"","""""
"Chlorophyceae,""Scenedesmus opoliensis  v. carinatus"","""","""","""""
"Chlorophyceae,""Scenedesmus ovalternus"",""0"",""0"","""""
"Chlorophyceae,""Scenedesmus pannonicus"",""0"",""0"","""""
"Chlorophyceae,""Scenedesmus parisienis"","""","""","""""
"Chlorophyceae,""Scenedesmus pecsensis"","""","""","""""
"Chlorophyceae,""Scenedesmus planctonicus"","""","""","""""
"Chlorophyceae,""Scenedesmus pleiomorphus"","""","""","""""
"Chlorophyceae,""Scenedesmus praetervisus"",""1"",""0"","""""
"Chlorophyceae,""Scenedesmus producto-capitatus"","""","""","""""
"Chlorophyceae,""Scenedesmus protuberans"",""0"",""0"","""""
"Chlorophyceae,""Scenedesmus pseudogranulatus"","""","""","""""
"Chlorophyceae,""Scenedesmus pseudohelveticus"","""","""","""""
"Chlorophyceae,""Scenedesmus pseudohystrix"","""","""","""""
"Chlorophyceae,""Scenedesmus pulloideus"","""","""","""""
"Chlorophyceae,""Scenedesmus quadricauda"",""1"",""1"","""""
"Chlorophyceae,""Scenedesmus quadricauda  v. mirificus"","""","""","""""
"Chlorophyceae,""Scenedesmus quadricauda  v. quadrispina f. spinosus"","""","""","""""
"Chlorophyceae,""Scenedesmus quadricauda  var. longispinus"","""","""","""""
"Chlorophyceae,""Scenedesmus quadrispina"",""0"",""0"","""""
"Chlorophyceae,""Scenedesmus raciborskii"","""","""","""""
"Chlorophyceae,""Scenedesmus regularis"","""","""","""""
"Chlorophyceae,""Scenedesmus semicristatus"","""","""","""""
"Chlorophyceae,""Scenedesmus semipulcher"",""0"",""1"","""""
"Chlorophyceae,""Scenedesmus sempervirens"",""1"",""1"","""""
"Chlorophyceae,""Scenedesmus sempervirens / tenuispina"",""1"",""1"","""""
"Chlorophyceae,""Scenedesmus serratus"",""0"",""0"","""""
"Chlorophyceae,""Scenedesmus setiferus"","""","""","""""
"Chlorophyceae,""Scenedesmus similagineus"","""","""","""""
"Chlorophyceae,""Scenedesmus smithii"",""0"",""1"","""""
"Chlorophyceae,""Scenedesmus spicatus"","""","""","""""
"Chlorophyceae,""Scenedesmus spinosus"",""0"",""0"","""""
"Chlorophyceae,""Scenedesmus subspicatus"",""1"",""0"","""""
"Chlorophyceae,""Scenedesmus tenuispina"",""1"",""1"","""""
"Chlorophyceae,""Scenedesmus tibiscensis"","""","""","""""
"Chlorophyceae,""Scenedesmus velitaris"","""","""","""""
"Chlorophyceae,""Scenedesmus verrucosus"",""1"",""1"","""""
"Chlorophyceae,""Schizochlamys gelatinosa"","""","""","""""
"Chlorophyceae,""Schizochloris diplococca"",""0"",""0"","""""
"Chlorophyceae,""Schroederia indica"",""0"",""1"","""""
"Chlorophyceae,""Schroederia nitzschioides"",""0"",""1"","""""
"Chlorophyceae,""Schroederia setigera"",""1"",""1"","""""
"Chlorophyceae,""Schroederia spiralis"",""1"",""1"","""""
"Chlorophyceae,""Selenastrum bibraianum"",""0"",""0"","""""
"Chlorophyceae,""Selenoderma malmeana"","""","""","""""
"Chlorophyceae,""Siderocelis granulata"","""","""","""""
"Chlorophyceae,""Siderocelis kolkwitzii"",""0"",""0"","""""
"Chlorophyceae,""Siderocelis ornata"",""0"",""0"","""""
"Chlorophyceae,""Siderocystopsis fusca"",""0"",""0"","""""
"Chlorophyceae,""Sorastrum spinulosum"","""","""","""""
"Chlorophyceae,""Spermatozopsis exsultans"",""1"",""0"","""""
"Chlorophyceae,""Sphaerellopsis gloeosphaera"","""","""","""""
"Chlorophyceae,""Sphaerellopsis mucosa"","""","""","""""
"Chlorophyceae,""Sphaerellopsis velata"","""","""","""""
"Chlorophyceae,""Sphaerocystis planctonica"",""1"",""0"","""""
"Chlorophyceae,""Sphaerocystis schroeteri"",""1"",""0"","""""
"Chlorophyceae,""Sphaeroplea annulina"","""","""","""""
"Chlorophyceae,""Spondylomorum quaternarium"","""","""","""""
"Chlorophyceae,""Stauridium privum"",""0"",""0"","""""
"Chlorophyceae,""Stauridium tetras"",""0"",""1"","""""
"Chlorophyceae,""Tetrablepharis obovalis"","""","""","""""
"Chlorophyceae,""Tetrachlorella alternans"",""1"",""1"","""""
"Chlorophyceae,""Tetrachlorella coronata"","""","""","""""
"Chlorophyceae,""Tetrachlorella incerta"","""","""","""""
"Chlorophyceae,""Tetrachlorella ornata"",""0"",""0"","""""
"Chlorophyceae,""Tetradesmus dimorphus"",""1"",""1"","""""
"Chlorophyceae,""Tetradesmus lagerheimii"",""1"",""1"","""""
"Chlorophyceae,""Tetradesmus obliquus"",""1"",""0"","""""
"Chlorophyceae,""Tetradesmus wisconsinensis"","""","""","""""
"Chlorophyceae,""Tetraedron anthrodesmiforme"","""","""","""""
"Chlorophyceae,""Tetraedron caudatum"",""0"",""1"","""""
"Chlorophyceae,""Tetraedron caudatum  v. incisum"","""","""","""""
"Chlorophyceae,""Tetraedron enorme"","""","""","""""
"Chlorophyceae,""Tetraedron mediocris"","""","""","""""
"Chlorophyceae,""Tetraedron minimum"",""0"",""1"","""""
"Chlorophyceae,""Tetraedron minimum  v. scrobiculatum"","""","""","""""
"Chlorophyceae,""Tetraedron minimum  v. tetralobulatum"","""","""","""""
"Chlorophyceae,""Tetraedron regulare"",""0"",""0"","""""
"Chlorophyceae,""Tetraedron regulare  v. torsum"","""","""","""""
"Chlorophyceae,""Tetraedron triangulare"",""0"",""1"","""""
"Chlorophyceae,""Tetraedron trigonum"",""0"",""0"","""""
"Chlorophyceae,""Tetraedron trigonum  v. gracile"","""","""","""""
"Chlorophyceae,""Tetraedron tumidulum"","""","""","""""
"Chlorophyceae,""Tetrallantos lagerheimii"","""","""","""""
"Chlorophyceae,""Tetranephris europaea"",""0"",""0"","""""
"Chlorophyceae,""Tetraselmis bichlora"",""0"",""0"","""""
"Chlorophyceae,""Tetraselmis cordiformis"",""0"",""1"","""""
"Chlorophyceae,""Tetraselmis elegans"","""","""","""""
"Chlorophyceae,""Tetraspora gelatinosa"","""","""","""""
"Chlorophyceae,""Tetraspora lemmermannii"",""0"",""0"","""""
"Chlorophyceae,""Tetrastrum elegans"",""0"",""1"","""""
"Chlorophyceae,""Tetrastrum glabrum"",""0"",""0"","""""
"Chlorophyceae,""Tetrastrum heteracanthum"",""0"",""0"","""""
"Chlorophyceae,""Tetrastrum hortobagyi"","""","""","""""
"Chlorophyceae,""Tetrastrum komarekii"",""1"",""0"","""""
"Chlorophyceae,""Tetrastrum peterfii"","""","""","""""
"Chlorophyceae,""Tetrastrum staurogeniaeforme"",""1"",""1"","""""
"Chlorophyceae,""Tetrastrum triacanthum"",""0"",""0"","""""
"Chlorophyceae,""Tetrastrum triangulare"",""1"",""1"","""""
"Chlorophyceae,""Thelesphaera alpina"","""","""","""""
"Chlorophyceae,""Thorakochloris nygaardii"",""0"",""0"","""""
"Chlorophyceae,""Treubaria crassispina"","""","""","""""
"Chlorophyceae,""Treubaria euryacantha"",""0"",""0"","""""
"Chlorophyceae,""Treubaria planctonica"",""0"",""0"","""""
"Chlorophyceae,""Treubaria schmidlei"",""0"",""0"","""""
"Chlorophyceae,""Treubaria setigera"",""1"",""0"","""""
"Chlorophyceae,""Treubaria triappendiculata"",""0"",""1"","""""
"Chlorophyceae,""Treubaria varia"","""","""","""""
"Chlorophyceae,""Trochiscia planctonica"","""","""","""""
"Chlorophyceae,""Verrucodesmus verrucosus"",""1"",""1"","""""
"Chlorophyceae,""Vitreochlamys aulata"","""","""","""""
"Chlorophyceae,""Vitreochlamys fluviatilis"",""0"",""0"","""""
"Chlorophyceae,""Volvox aureus"",""0"",""1"","""""
"Chlorophyceae,""Volvox globator"",""0"",""1"","""""
"Chlorophyceae,""Volvulina steinii"","""","""","""""
"Chlorophyceae,""Westella botryoides"",""1"",""0"","""""
"Chlorophyceae,""Willea apiculata"",""1"",""1"","""""
"Chlorophyceae,""Willea crucifera"",""1"",""0"","""""
"Chlorophyceae,""Willea irregularis"",""1"",""1"","""""
"Chlorophyceae,""Willea neglecta"",""1"",""0"","""""
"Chlorophyceae,""Willea rectangularis"",""1"",""1"","""""
"Chlorophyceae,""Willea vilhelmii"",""1"",""1"","""""
"Choanoflagellata,""Aulomonas purdyi"",""0"",""0"","""""
"Choanoflagellata,""Bicosta minor"","""","""","""""
"Choanoflagellata,""Cladomonas fruticulosa"","""","""","""""
"Choanoflagellata,""Codosiga botrytis"",""0"",""0"","""""
"Choanoflagellata,""Codosiga furcata"",""0"",""0"","""""
"Choanoflagellata,""Desmarella brachycalyx"","""","""","""""
"Choanoflagellata,""Desmarella moniliformis"",""0"",""0"","""""
"Choanoflagellata,""Monosiga baltica"",""0"",""0"","""""
"Choanoflagellata,""Monosiga ovata"",""0"",""0"","""""
"Choanoflagellata,""Monosiga varians"",""0"",""0"","""""
"Choanoflagellata,""Proterospongia skujae"","""","""","""""
"Choanoflagellata,""Salpingoeca frequentissima"",""0"",""0"","""""
"Choanoflagellata,""Salpingoeca gracilis"",""0"",""0"","""""
"Choanoflagellata,""Salpingoeca longicollis"",""0"",""0"","""""
"Choanoflagellata,""Salpingoeca minuta"",""0"",""0"","""""
"Choanoflagellata,""Salpingoeca ruttneri"",""0"",""0"","""""
"Choanoflagellata,""Salpingoeca schilleri"","""","""","""""
"Choanoflagellata,""Salpingoeca variabilis"",""0"",""0"","""""
"Choanoflagellata,""Sphaeroeca volvox"","""","""","""""
"Choanoflagellata,""Stelexomonas dichotoma"",""0"",""0"","""""
"Chrysophyceae,""Bitrichia chodatii"",""1"",""1"","""""
"Chrysophyceae,""Bitrichia danubiensis"",""0"",""1"","""""
"Chrysophyceae,""Bitrichia longispina"",""0"",""1"","""""
"Chrysophyceae,""Bitrichia ohridana"",""0"",""1"","""""
"Chrysophyceae,""Bitrichia ollula"",""0"",""1"","""""
"Chrysophyceae,""Bitrichia phaseolus"",""0"",""1"","""""
"Chrysophyceae,""Calycomonas pascheri"","""","""","""""
"Chrysophyceae,""Chromulina crassa"",""0"",""1"","""""
"Chrysophyceae,""Chromulina minima"",""0"",""1"","""""
"Chrysophyceae,""Chromulina nebulosa"","""","""","""""
"Chrysophyceae,""Chromulina rosanoffii"",""0"",""1"","""""
"Chrysophyceae,""Chromulina vestita"","""","""","""""
"Chrysophyceae,""Chrysamoeba mikrokonta"","""","""","""""
"Chrysophyceae,""Chrysamoeba radians"","""","""","""""
"Chrysophyceae,""Chrysamoeba scherffelii"","""","""","""""
"Chrysophyceae,""Chrysastrella furcata"","""","""","""""
"Chrysophyceae,""Chrysidiastrum catenatum"",""0"",""0"","""""
"Chrysophyceae,""Chrysocapsa planctonica"","""","""","""""
"Chrysophyceae,""Chrysococcus biporus"",""1"",""0"","""""
"Chrysophyceae,""Chrysococcus cordiformis"",""1"",""0"","""""
"Chrysophyceae,""Chrysococcus diaphanus"",""1"",""0"","""""
"Chrysophyceae,""Chrysococcus furcata"","""","""","""""
"Chrysophyceae,""Chrysococcus granulatus"","""","""","""""
"Chrysophyceae,""Chrysococcus heverlensis"","""","""","""""
"Chrysophyceae,""Chrysococcus minutus"",""1"",""0"","""""
"Chrysophyceae,""Chrysococcus ornatus"","""","""","""""
"Chrysophyceae,""Chrysococcus ovoides"","""","""","""""
"Chrysophyceae,""Chrysococcus porifer"","""","""","""""
"Chrysophyceae,""Chrysococcus punctiformis"","""","""","""""
"Chrysophyceae,""Chrysococcus radians"","""","""","""""
"Chrysophyceae,""Chrysococcus rufescens"",""1"",""0"","""""
"Chrysophyceae,""Chrysococcus rufescens f. triporus"",""1"",""0"","""""
"Chrysophyceae,""Chrysococcus skujae"","""","""","""""
"Chrysophyceae,""Chrysococcus triporus"","""","""","""""
"Chrysophyceae,""Chrysolykos angulatus"",""0"",""0"","""""
"Chrysophyceae,""Chrysolykos calceatus"","""","""","""""
"Chrysophyceae,""Chrysolykos planctonicus"",""1"",""1"","""""
"Chrysophyceae,""Chrysolykos skujae"",""0"",""0"","""""
"Chrysophyceae,""Chrysopyxis bipes"",""0"",""0"","""""
"Chrysophyceae,""Chrysosphaerella brevispina"","""","""","""""
"Chrysophyceae,""Chrysosphaerella coronacircumspina"","""","""","""""
"Chrysophyceae,""Chrysosphaerella longispina"","""","""","""""
"Chrysophyceae,""Chrysosphaerella setifera"",""0"",""0"","""""
"Chrysophyceae,""Chrysosphaerella solitaria"",""0"",""0"","""""
"Chrysophyceae,""Chrysostephanosphaera globulifera"","""","""","""""
"Chrysophyceae,""Conradocystis dinobryonis"",""0"",""0"","""""
"Chrysophyceae,""Cyclonexis erinus"","""","""","""""
"Chrysophyceae,""Dendromonas cryptostylis"",""0"",""0"","""""
"Chrysophyceae,""Dendromonas virgaria"","""","""","""""
"Chrysophyceae,""Dinobryon acuminatum"",""0"",""0"","""""
"Chrysophyceae,""Dinobryon anneciense"","""","""","""""
"Chrysophyceae,""Dinobryon attenuatum"",""0"",""0"","""""
"Chrysophyceae,""Dinobryon bavaricum"",""1"",""1"","""""
"Chrysophyceae,""Dinobryon bavaricum  v. vanhoeffenii"","""","""","""""
"Chrysophyceae,""Dinobryon borgei"",""0"",""0"","""""
"Chrysophyceae,""Dinobryon crenulatum"",""1"",""1"","""""
"Chrysophyceae,""Dinobryon cylindricum"",""0"",""1"","""""
"Chrysophyceae,""Dinobryon cylindricum  v. alpinum"","""","""","""""
"Chrysophyceae,""Dinobryon cylindricum  v. palustre"","""","""","""""
"Chrysophyceae,""Dinobryon dillonii"","""","""","""""
"Chrysophyceae,""Dinobryon divergens"",""1"",""1"","""""
"Chrysophyceae,""Dinobryon divergens  v. schauinslandii"","""","""","""""
"Chrysophyceae,""Dinobryon divergens var. schauinslandii"",""1"",""1"","""""
"Chrysophyceae,""Dinobryon elegantissimum"","""","""","""""
"Chrysophyceae,""Dinobryon eurystoma"",""0"",""0"","""""
"Chrysophyceae,""Dinobryon faculiferum"",""0"",""0"","""""
"Chrysophyceae,""Dinobryon hilliardii"","""","""","""""
"Chrysophyceae,""Dinobryon inflatum"","""","""","""""
"Chrysophyceae,""Dinobryon korshikovii"","""","""","""""
"Chrysophyceae,""Dinobryon korsikovii"",""0"",""0"","""""
"Chrysophyceae,""Dinobryon njakajaurense"","""","""","""""
"Chrysophyceae,""Dinobryon obliquicaudum"","""","""","""""
"Chrysophyceae,""Dinobryon pediforme"",""0"",""0"","""""
"Chrysophyceae,""Dinobryon saccatum"","""","""","""""
"Chrysophyceae,""Dinobryon sertularia"",""1"",""1"","""""
"Chrysophyceae,""Dinobryon sertularia  v. protuberans"","""","""","""""
"Chrysophyceae,""Dinobryon sertularia var. protuberans"",""1"",""1"","""""
"Chrysophyceae,""Dinobryon sociale"",""1"",""1"","""""
"Chrysophyceae,""Dinobryon sociale  v. americanum"","""","""","""""
"Chrysophyceae,""Dinobryon sociale  v. stipitatum"","""","""","""""
"Chrysophyceae,""Dinobryon sociale var. americana"",""1"",""1"","""""
"Chrysophyceae,""Dinobryon sociale var. stipitatum"",""1"",""1"","""""
"Chrysophyceae,""Dinobryon spirale"",""0"",""0"","""""
"Chrysophyceae,""Dinobryon stipitatum"",""0"",""0"","""""
"Chrysophyceae,""Dinobryon stokesii"","""","""","""""
"Chrysophyceae,""Dinobryon suecicum"",""0"",""1"","""""
"Chrysophyceae,""Dinobryon suecicum  v. longispinum"","""","""","""""
"Chrysophyceae,""Dinobryon tubaeforme"","""","""","""""
"Chrysophyceae,""Dinobryon urceolatum"",""0"",""0"","""""
"Chrysophyceae,""Epipyxis cylindrica"","""","""","""""
"Chrysophyceae,""Epipyxis epiplanctica"","""","""","""""
"Chrysophyceae,""Epipyxis leickii"",""0"",""0"","""""
"Chrysophyceae,""Epipyxis marchica"","""","""","""""
"Chrysophyceae,""Epipyxis polymorpha"",""0"",""0"","""""
"Chrysophyceae,""Epipyxis simplex"","""","""","""""
"Chrysophyceae,""Epipyxis tabellariae"",""0"",""0"","""""
"Chrysophyceae,""Epipyxis tubulosa"",""0"",""1"","""""
"Chrysophyceae,""Epipyxis utriculus"","""","""","""""
"Chrysophyceae,""Erkenia subaequiciliata"",""1"",""1"","""""
"Chrysophyceae,""Hydrurus foetidus"","""","""","""""
"Chrysophyceae,""Kephyrion boreale"","""","""","""""
"Chrysophyceae,""Kephyrion circumvallatum"",""1"",""0"","""""
"Chrysophyceae,""Kephyrion cordatum"","""","""","""""
"Chrysophyceae,""Kephyrion crassum"","""","""","""""
"Chrysophyceae,""Kephyrion cupuliforme"","""","""","""""
"Chrysophyceae,""Kephyrion densatum"","""","""","""""
"Chrysophyceae,""Kephyrion globosum"",""1"",""0"","""""
"Chrysophyceae,""Kephyrion haemispaericum"","""","""","""""
"Chrysophyceae,""Kephyrion hemisphaericum"",""1"",""0"","""""
"Chrysophyceae,""Kephyrion inconstans"",""1"",""0"","""""
"Chrysophyceae,""Kephyrion laticollis"","""","""","""""
"Chrysophyceae,""Kephyrion littorale"",""1"",""1"","""""
"Chrysophyceae,""Kephyrion littorale / ovale / planctonicum"","""","""","""""
"Chrysophyceae,""Kephyrion mastigophorum"",""1"",""0"","""""
"Chrysophyceae,""Kephyrion moniliferum"",""1"",""0"","""""
"Chrysophyceae,""Kephyrion ovale"",""1"",""0"","""""
"Chrysophyceae,""Kephyrion ovum"","""","""","""""
"Chrysophyceae,""Kephyrion parvulum"","""","""","""""
"Chrysophyceae,""Kephyrion petasatum"",""1"",""0"","""""
"Chrysophyceae,""Kephyrion planctonicum"",""1"",""0"","""""
"Chrysophyceae,""Kephyrion rubri-claustri"",""1"",""1"","""""
"Chrysophyceae,""Kephyrion skujae"","""","""","""""
"Chrysophyceae,""Kephyrion spirale"",""1"",""0"","""""
"Chrysophyceae,""Kephyrion starmachii"","""","""","""""
"Chrysophyceae,""Kephyrion translucens"","""","""","""""
"Chrysophyceae,""Kephyrion tubiforme"",""1"",""1"","""""
"Chrysophyceae,""Kephyrion valkanovi"","""","""","""""
"Chrysophyceae,""Kephyrion welshii"","""","""","""""
"Chrysophyceae,""Kephyriopsis elegans"","""","""","""""
"Chrysophyceae,""Lepochromulina calyx"","""","""","""""
"Chrysophyceae,""Mallomonas acaroides"",""0"",""0"","""""
"Chrysophyceae,""Mallomonas akrokomos"",""0"",""1"","""""
"Chrysophyceae,""Mallomonas akrokomos  v. parvula"","""","""","""""
"Chrysophyceae,""Mallomonas allorgei"","""","""","""""
"Chrysophyceae,""Mallomonas annulata"","""","""","""""
"Chrysophyceae,""Mallomonas bacterium"","""","""","""""
"Chrysophyceae,""Mallomonas caudata"",""0"",""1"","""""
"Chrysophyceae,""Mallomonas crassisquama"","""","""","""""
"Chrysophyceae,""Mallomonas doignonii"","""","""","""""
"Chrysophyceae,""Mallomonas elongata"",""0"",""0"","""""
"Chrysophyceae,""Mallomonas fastigata"",""0"",""1"","""""
"Chrysophyceae,""Mallomonas globosa"","""","""","""""
"Chrysophyceae,""Mallomonas hamata"","""","""","""""
"Chrysophyceae,""Mallomonas heterospina"","""","""","""""
"Chrysophyceae,""Mallomonas leboimii"","""","""","""""
"Chrysophyceae,""Mallomonas lefevriana"","""","""","""""
"Chrysophyceae,""Mallomonas litomesa"","""","""","""""
"Chrysophyceae,""Mallomonas longiseta"","""","""","""""
"Chrysophyceae,""Mallomonas lychenensis"","""","""","""""
"Chrysophyceae,""Mallomonas minima"",""0"",""0"","""""
"Chrysophyceae,""Mallomonas mirabilis"","""","""","""""
"Chrysophyceae,""Mallomonas pulchella"","""","""","""""
"Chrysophyceae,""Mallomonas punctifera"","""","""","""""
"Chrysophyceae,""Mallomonas schwemmlei"",""0"",""0"","""""
"Chrysophyceae,""Mallomonas teilingii"","""","""","""""
"Chrysophyceae,""Mallomonas tonsurata"",""0"",""0"","""""
"Chrysophyceae,""Mallomonas tonsurata  v. alpina"","""","""","""""
"Chrysophyceae,""Mallomonas valcanoviana"","""","""","""""
"Chrysophyceae,""Mallomonas zellensis"","""","""","""""
"Chrysophyceae,""Monas coronifera"","""","""","""""
"Chrysophyceae,""Monochrysis angilissima"","""","""","""""
"Chrysophyceae,""Monochrysis parva"",""0"",""0"","""""
"Chrysophyceae,""Ochromonas crenata"","""","""","""""
"Chrysophyceae,""Ochromonas elegans"","""","""","""""
"Chrysophyceae,""Ochromonas globosa"",""0"",""1"","""""
"Chrysophyceae,""Ochromonas mutabilis"",""0"",""0"","""""
"Chrysophyceae,""Ochromonas nana"",""0"",""1"","""""
"Chrysophyceae,""Ochromonas ornata"",""0"",""1"","""""
"Chrysophyceae,""Ochromonas sociabilis"","""","""","""""
"Chrysophyceae,""Ochromonas sphaerella"",""0"",""1"","""""
"Chrysophyceae,""Ochromonas stellaris"","""","""","""""
"Chrysophyceae,""Ochromonas viridis"","""","""","""""
"Chrysophyceae,""Ollicola van-goorii"","""","""","""""
"Chrysophyceae,""Ollicola vangoorii"","""","""","""""
"Chrysophyceae,""Phaeaster aphanaster"","""","""","""""
"Chrysophyceae,""Pseudokephyrion alaskanum"","""","""","""""
"Chrysophyceae,""Pseudokephyrion angulosum"","""","""","""""
"Chrysophyceae,""Pseudokephyrion attenatum"","""","""","""""
"Chrysophyceae,""Pseudokephyrion circumvallatum"",""1"",""0"","""""
"Chrysophyceae,""Pseudokephyrion conicum"","""","""","""""
"Chrysophyceae,""Pseudokephyrion cylindricum"","""","""","""""
"Chrysophyceae,""Pseudokephyrion ellipsoideum"",""1"",""0"","""""
"Chrysophyceae,""Pseudokephyrion entzii"",""1"",""1"","""""
"Chrysophyceae,""Pseudokephyrion gallicum"","""","""","""""
"Chrysophyceae,""Pseudokephyrion hyalinum"",""1"",""1"","""""
"Chrysophyceae,""Pseudokephyrion inflatum"","""","""","""""
"Chrysophyceae,""Pseudokephyrion millerense"","""","""","""""
"Chrysophyceae,""Pseudokephyrion ovum"",""1"",""0"","""""
"Chrysophyceae,""Pseudokephyrion pilidium"","""","""","""""
"Chrysophyceae,""Pseudokephyrion poculum"",""1"",""0"","""""
"Chrysophyceae,""Pseudokephyrion pseudospirale"",""1"",""1"","""""
"Chrysophyceae,""Pseudokephyrion taeniatum"","""","""","""""
"Chrysophyceae,""Pseudokephyrion tatricum"","""","""","""""
"Chrysophyceae,""Pseudokephyrion urnula"","""","""","""""
"Chrysophyceae,""Spiniferomonas bourellyi"","""","""","""""
"Chrysophyceae,""Spiniferomonas cornuta"",""0"",""1"","""""
"Chrysophyceae,""Spiniferomonas trioralis"","""","""","""""
"Chrysophyceae,""Spumella vivipara"","""","""","""""
"Chrysophyceae,""Spumella vulgaris"",""0"",""0"","""""
"Chrysophyceae,""Stichogloea doederleinii"",""0"",""1"","""""
"Chrysophyceae,""Stichogloea globosa"","""","""","""""
"Chrysophyceae,""Stichogloea olivacea"","""","""","""""
"Chrysophyceae,""Stichogloea olivacea  var. sphaerica"","""","""","""""
"Chrysophyceae,""Stipitochrysis monorhiza"","""","""","""""
"Chrysophyceae,""Stylochrysalis libera"",""0"",""1"","""""
"Chrysophyceae,""Syncrypta elaeochrus"",""1"",""0"","""""
"Chrysophyceae,""Syncrypta eleaochrus"","""","""","""""
"Chrysophyceae,""Syncrypta perlata"","""","""","""""
"Chrysophyceae,""Syncrypta volvox"","""","""","""""
"Chrysophyceae,""Synura echinulata"","""","""","""""
"Chrysophyceae,""Synura petersenii"","""","""","""""
"Chrysophyceae,""Synura sphagnicola"",""0"",""1"","""""
"Chrysophyceae,""Synura spinosa"","""","""","""""
"Chrysophyceae,""Synura splendida"","""","""","""""
"Chrysophyceae,""Synura uvella"",""0"",""1"","""""
"Chrysophyceae,""Synuropsis globosa"","""","""","""""
"Chrysophyceae,""Uroglena americana"",""1"",""1"","""""
"Chrysophyceae,""Uroglena articulata"","""","""","""""
"Chrysophyceae,""Uroglena europaea"","""","""","""""
"Chrysophyceae,""Uroglena gracilis"","""","""","""""
"Chrysophyceae,""Uroglena skujae"","""","""","""""
"Chrysophyceae,""Uroglena soniaca"","""","""","""""
"Chrysophyceae,""Uroglena volvox"","""","""","""""
"Coccolithophyceae,""Chrysochromulina parva"",""1"",""1"","""""
"Coccolithophyceae,""Hymenomonas roseola"","""","""","""""
"Coccolithophyceae,""Prymnesium minutum"","""","""","""""
"Coccolithophyceae,""Prymnesium parvum"","""","""","""""
"Coccolithophyceae,""Prymnesium saltans"","""","""","""""
"Conjugatophyceae,""Bambusina borreri"","""","""","""""
"Conjugatophyceae,""Closterium abruptum"",""0"",""0"","""""
"Conjugatophyceae,""Closterium acutum var. acutum"","""","""","""""
"Conjugatophyceae,""Closterium acutum var. linea"",""1"",""1"","""""
"Conjugatophyceae,""Closterium acutum var. variabile"",""1"",""1"","""""
"Conjugatophyceae,""Closterium ceratium"",""0"",""0"","""""
"Conjugatophyceae,""Closterium closterioides var. intermedium"",""0"",""0"","""""
"Conjugatophyceae,""Closterium dianae var. brevius"","""","""","""""
"Conjugatophyceae,""Closterium dianae var. dianae"","""","""","""""
"Conjugatophyceae,""Closterium exiguum"",""0"",""0"","""""
"Conjugatophyceae,""Closterium intermedium"","""","""","""""
"Conjugatophyceae,""Closterium leibleinii var. leibleinii"","""","""","""""
"Conjugatophyceae,""Closterium limneticum var. fallax"","""","""","""""
"Conjugatophyceae,""Closterium limneticum var. limneticum"","""","""","""""
"Conjugatophyceae,""Closterium limneticum var. tenue"","""","""","""""
"Conjugatophyceae,""Closterium littorale"","""","""","""""
"Conjugatophyceae,""Closterium lunula"","""","""","""""
"Conjugatophyceae,""Closterium navicula"","""","""","""""
"Conjugatophyceae,""Closterium parvulum var. angustum"",""0"",""0"","""""
"Conjugatophyceae,""Closterium parvulum var. parvulum"","""","""","""""
"Conjugatophyceae,""Closterium praelongum var. praelongum"","""","""","""""
"Conjugatophyceae,""Closterium ralfsii var. hybridum"","""","""","""""
"Conjugatophyceae,""Closterium rostratum"","""","""","""""
"Conjugatophyceae,""Closterium strigosum var. strigosum"","""","""","""""
"Conjugatophyceae,""Closterium striolatum"",""0"",""0"","""""
"Conjugatophyceae,""Closterium tumidum"","""","""","""""
"Conjugatophyceae,""Closterium tumidum var. tumidum"","""","""","""""
"Conjugatophyceae,""Cosmarium abbreviatum"",""0"",""0"","""""
"Conjugatophyceae,""Cosmarium abbreviatum   var. germanicum"","""","""","""""
"Conjugatophyceae,""Cosmarium abbreviatum   var. minus"","""","""","""""
"Conjugatophyceae,""Cosmarium auriculatum"","""","""","""""
"Conjugatophyceae,""Cosmarium bioculatum"",""0"",""1"","""""
"Conjugatophyceae,""Cosmarium bioculatum  var. depressum"","""","""","""""
"Conjugatophyceae,""Cosmarium biretum"","""","""","""""
"Conjugatophyceae,""Cosmarium biretum  var. trigibberum"","""","""","""""
"Conjugatophyceae,""Cosmarium blyttii"","""","""","""""
"Conjugatophyceae,""Cosmarium blyttii var. novae-sylvae"","""","""","""""
"Conjugatophyceae,""Cosmarium botrytis"","""","""","""""
"Conjugatophyceae,""Cosmarium botrytis  var. subtumidum"","""","""","""""
"Conjugatophyceae,""Cosmarium caelatum"","""","""","""""
"Conjugatophyceae,""Cosmarium contractum"","""","""","""""
"Conjugatophyceae,""Cosmarium contractum  var. ellipsoideum"","""","""","""""
"Conjugatophyceae,""Cosmarium contractum  var. minutum"","""","""","""""
"Conjugatophyceae,""Cosmarium crenatum"","""","""","""""
"Conjugatophyceae,""Cosmarium cucumis"","""","""","""""
"Conjugatophyceae,""Cosmarium cyclicum"","""","""","""""
"Conjugatophyceae,""Cosmarium depressum"",""1"",""1"","""""
"Conjugatophyceae,""Cosmarium depressum  v. planctonicum"","""","""","""""
"Conjugatophyceae,""Cosmarium depressum  var. achondrum"","""","""","""""
"Conjugatophyceae,""Cosmarium depressum var. planctonicum"",""1"",""1"","""""
"Conjugatophyceae,""Cosmarium dickii"","""","""","""""
"Conjugatophyceae,""Cosmarium didymoprotupsum"","""","""","""""
"Conjugatophyceae,""Cosmarium formosulum"",""0"",""0"","""""
"Conjugatophyceae,""Cosmarium geminatum"","""","""","""""
"Conjugatophyceae,""Cosmarium granatum"","""","""","""""
"Conjugatophyceae,""Cosmarium holmiense var. integrum"",""0"",""0"","""""
"Conjugatophyceae,""Cosmarium humile"",""0"",""0"","""""
"Conjugatophyceae,""Cosmarium impressulum"",""0"",""0"","""""
"Conjugatophyceae,""Cosmarium impressulum var. suborthogonum"",""0"",""0"","""""
"Conjugatophyceae,""Cosmarium isthmium"","""","""","""""
"Conjugatophyceae,""Cosmarium laeve"",""0"",""0"","""""
"Conjugatophyceae,""Cosmarium laeve  var. pseudoctangulare"","""","""","""""
"Conjugatophyceae,""Cosmarium margaritiferum"","""","""","""""
"Conjugatophyceae,""Cosmarium meneghinii"",""0"",""0"","""""
"Conjugatophyceae,""Cosmarium minimum"","""","""","""""
"Conjugatophyceae,""Cosmarium obtusatum"",""0"",""0"","""""
"Conjugatophyceae,""Cosmarium ocellatum"","""","""","""""
"Conjugatophyceae,""Cosmarium ornatulum"","""","""","""""
"Conjugatophyceae,""Cosmarium ornatulum var. depressum"","""","""","""""
"Conjugatophyceae,""Cosmarium ornatulum var. ornatulum"","""","""","""""
"Conjugatophyceae,""Cosmarium ornatum"",""0"",""0"","""""
"Conjugatophyceae,""Cosmarium orthosticum"","""","""","""""
"Conjugatophyceae,""Cosmarium phaseolus"",""0"",""0"","""""
"Conjugatophyceae,""Cosmarium phaseolus  f. minor"","""","""","""""
"Conjugatophyceae,""Cosmarium polygonatum"","""","""","""""
"Conjugatophyceae,""Cosmarium polygonum"","""","""","""""
"Conjugatophyceae,""Cosmarium polygonum  var. acutius"","""","""","""""
"Conjugatophyceae,""Cosmarium praegrande"","""","""","""""
"Conjugatophyceae,""Cosmarium praemorsum"","""","""","""""
"Conjugatophyceae,""Cosmarium protractum"",""0"",""0"","""""
"Conjugatophyceae,""Cosmarium pseudarctoum"","""","""","""""
"Conjugatophyceae,""Cosmarium pseudoconnatum"","""","""","""""
"Conjugatophyceae,""Cosmarium pseudopyramidatum"","""","""","""""
"Conjugatophyceae,""Cosmarium pseudowembaerense"","""","""","""""
"Conjugatophyceae,""Cosmarium punctulatum"",""0"",""0"","""""
"Conjugatophyceae,""Cosmarium punctulatum  var. subpunctulatum"",""0"",""0"","""""
"Conjugatophyceae,""Cosmarium punctulatum var. subpunctulatum"","""","""","""""
"Conjugatophyceae,""Cosmarium pygmaeum"",""0"",""0"","""""
"Conjugatophyceae,""Cosmarium pygmaeum  v. perornatum"","""","""","""""
"Conjugatophyceae,""Cosmarium pyramidatum"","""","""","""""
"Conjugatophyceae,""Cosmarium quadratulum"","""","""","""""
"Conjugatophyceae,""Cosmarium quadrum"","""","""","""""
"Conjugatophyceae,""Cosmarium quinarium"","""","""","""""
"Conjugatophyceae,""Cosmarium rectangulare"","""","""","""""
"Conjugatophyceae,""Cosmarium regnellii"","""","""","""""
"Conjugatophyceae,""Cosmarium regnesii"","""","""","""""
"Conjugatophyceae,""Cosmarium reniforme"",""0"",""0"","""""
"Conjugatophyceae,""Cosmarium reniforme  v. depressum"","""","""","""""
"Conjugatophyceae,""Cosmarium reniforme  var. elevatum"","""","""","""""
"Conjugatophyceae,""Cosmarium sexnotatum"","""","""","""""
"Conjugatophyceae,""Cosmarium sphagnicolum"",""0"",""0"","""""
"Conjugatophyceae,""Cosmarium sphagnicolum  v. pachygonum"","""","""","""""
"Conjugatophyceae,""Cosmarium subcostatum"",""0"",""0"","""""
"Conjugatophyceae,""Cosmarium subcostatum  var. minus"",""0"",""0"","""""
"Conjugatophyceae,""Cosmarium subcostatum f. minus"",""0"",""0"","""""
"Conjugatophyceae,""Cosmarium subcostatum var. minus"","""","""","""""
"Conjugatophyceae,""Cosmarium subcostatum var. subcostatum"","""","""","""""
"Conjugatophyceae,""Cosmarium subcrenatum"",""0"",""0"","""""
"Conjugatophyceae,""Cosmarium subgranatum"","""","""","""""
"Conjugatophyceae,""Cosmarium subimpressulum"","""","""","""""
"Conjugatophyceae,""Cosmarium subprotumidum"",""0"",""0"","""""
"Conjugatophyceae,""Cosmarium subprotumidum  var. gregorii"","""","""","""""
"Conjugatophyceae,""Cosmarium subspeciosum"","""","""","""""
"Conjugatophyceae,""Cosmarium subspeciosum var. transiens"","""","""","""""
"Conjugatophyceae,""Cosmarium subtumidum"","""","""","""""
"Conjugatophyceae,""Cosmarium subtumitum"","""","""","""""
"Conjugatophyceae,""Cosmarium tenue"","""","""","""""
"Conjugatophyceae,""Cosmarium tinctum"",""0"",""0"","""""
"Conjugatophyceae,""Cosmarium tinctum  var. tumidum"","""","""","""""
"Conjugatophyceae,""Cosmarium truncatellum"","""","""","""""
"Conjugatophyceae,""Cosmarium tumidum"","""","""","""""
"Conjugatophyceae,""Cosmarium turpinii"",""0"",""0"","""""
"Conjugatophyceae,""Cosmarium turpinii var. podolicum"","""","""","""""
"Conjugatophyceae,""Cosmarium turpinii var. turpinii"","""","""","""""
"Conjugatophyceae,""Cosmarium variolatum"","""","""","""""
"Conjugatophyceae,""Cosmarium venustum"","""","""","""""
"Conjugatophyceae,""Cosmarium venustum  v. excavatum"","""","""","""""
"Conjugatophyceae,""Cosmarium vexatum"",""0"",""0"","""""
"Conjugatophyceae,""Cosmarium wembaerense"",""0"",""0"","""""
"Conjugatophyceae,""Cosmocladium pusillum"","""","""","""""
"Conjugatophyceae,""Cosmocladium saxonicum"","""","""","""""
"Conjugatophyceae,""Cylindrocystis brebissonii"","""","""","""""
"Conjugatophyceae,""Cylindrocystis crassa"","""","""","""""
"Conjugatophyceae,""Cylindrocystis gracilis"","""","""","""""
"Conjugatophyceae,""Desmidium swartzii"","""","""","""""
"Conjugatophyceae,""Euastrum amoenum"","""","""","""""
"Conjugatophyceae,""Euastrum ansatum"","""","""","""""
"Conjugatophyceae,""Euastrum bidentatum"","""","""","""""
"Conjugatophyceae,""Euastrum binale"","""","""","""""
"Conjugatophyceae,""Euastrum denticulatum"","""","""","""""
"Conjugatophyceae,""Euastrum didelta"","""","""","""""
"Conjugatophyceae,""Euastrum divaricatum"","""","""","""""
"Conjugatophyceae,""Euastrum dubium"","""","""","""""
"Conjugatophyceae,""Euastrum elegans"","""","""","""""
"Conjugatophyceae,""Euastrum gayanum"","""","""","""""
"Conjugatophyceae,""Euastrum gemmatum"","""","""","""""
"Conjugatophyceae,""Euastrum insulare"","""","""","""""
"Conjugatophyceae,""Euastrum oblongum"","""","""","""""
"Conjugatophyceae,""Euastrum pectinatum"","""","""","""""
"Conjugatophyceae,""Euastrum pinnatum"","""","""","""""
"Conjugatophyceae,""Euastrum pulchellum"","""","""","""""
"Conjugatophyceae,""Euastrum subtrilobulatum"","""","""","""""
"Conjugatophyceae,""Euastrum verrucosum"","""","""","""""
"Conjugatophyceae,""Genicularia elegans"","""","""","""""
"Conjugatophyceae,""Gonatozygon brebissonii"","""","""","""""
"Conjugatophyceae,""Gonatozygon kinahanii"",""0"",""0"","""""
"Conjugatophyceae,""Gonatozygon monotaenium"",""0"",""0"","""""
"Conjugatophyceae,""Groenbladia neglecta"",""0"",""0"","""""
"Conjugatophyceae,""Haplotaenium minutum"","""","""","""""
"Conjugatophyceae,""Heimansia pusilla"","""","""","""""
"Conjugatophyceae,""Hyalotheca dissiliens"","""","""","""""
"Conjugatophyceae,""Hyalotheca dissiliens var. dissiliens"","""","""","""""
"Conjugatophyceae,""Hyalotheca mucosa"","""","""","""""
"Conjugatophyceae,""Hyalotheca mucosa var. laevicincta"","""","""","""""
"Conjugatophyceae,""Micrasterias americana"","""","""","""""
"Conjugatophyceae,""Micrasterias mahabuleshwarensis"","""","""","""""
"Conjugatophyceae,""Micrasterias pinnatifida"","""","""","""""
"Conjugatophyceae,""Micrasterias radiosa"","""","""","""""
"Conjugatophyceae,""Micrasterias thomasiana var. notata"","""","""","""""
"Conjugatophyceae,""Micrasterias truncata"","""","""","""""
"Conjugatophyceae,""Mougeotia gracillima"","""","""","""""
"Conjugatophyceae,""Mougeotia scalaris"","""","""","""""
"Conjugatophyceae,""Mougeotia thylespora"",""1"",""1"","""""
"Conjugatophyceae,""Mougeotia viridis"",""1"",""1"","""""
"Conjugatophyceae,""Netrium digitus"","""","""","""""
"Conjugatophyceae,""Netrium oblongum"","""","""","""""
"Conjugatophyceae,""Octacanthium bifidum"","""","""","""""
"Conjugatophyceae,""Octacanthium octocorne"","""","""","""""
"Conjugatophyceae,""Penium margaritaceum"","""","""","""""
"Conjugatophyceae,""Penium spirostriolatum"","""","""","""""
"Conjugatophyceae,""Roya anglica"","""","""","""""
"Conjugatophyceae,""Sphaerozosma filiforme"","""","""","""""
"Conjugatophyceae,""Spirogyra gracilis"","""","""","""""
"Conjugatophyceae,""Spirogyra majuscula"","""","""","""""
"Conjugatophyceae,""Spirotaenia condensata"","""","""","""""
"Conjugatophyceae,""Spondylosium planum"","""","""","""""
"Conjugatophyceae,""Staurastrum aculeatum"","""","""","""""
"Conjugatophyceae,""Staurastrum anatinum"","""","""","""""
"Conjugatophyceae,""Staurastrum anatinum  var. denticulatum"","""","""","""""
"Conjugatophyceae,""Staurastrum anatinum  var. longibrachiatum"","""","""","""""
"Conjugatophyceae,""Staurastrum anatinum  var. vestitum"","""","""","""""
"Conjugatophyceae,""Staurastrum anatinum f. paradoxum"","""","""","""""
"Conjugatophyceae,""Staurastrum arachne"","""","""","""""
"Conjugatophyceae,""Staurastrum arctiscon"","""","""","""""
"Conjugatophyceae,""Staurastrum avicula"","""","""","""""
"Conjugatophyceae,""Staurastrum avicula var. avicula"","""","""","""""
"Conjugatophyceae,""Staurastrum bloklandiae"","""","""","""""
"Conjugatophyceae,""Staurastrum boreale"","""","""","""""
"Conjugatophyceae,""Staurastrum brachiatum"","""","""","""""
"Conjugatophyceae,""Staurastrum brasiliense  var. lundellii"","""","""","""""
"Conjugatophyceae,""Staurastrum brebisonii"","""","""","""""
"Conjugatophyceae,""Staurastrum cerastes"","""","""","""""
"Conjugatophyceae,""Staurastrum chaetoceras"",""1"",""1"","""""
"Conjugatophyceae,""Staurastrum cingulum"",""1"",""1"","""""
"Conjugatophyceae,""Staurastrum cingulum  var. obesum"","""","""","""""
"Conjugatophyceae,""Staurastrum crenulatum"","""","""","""""
"Conjugatophyceae,""Staurastrum denticulatum"","""","""","""""
"Conjugatophyceae,""Staurastrum erasum"","""","""","""""
"Conjugatophyceae,""Staurastrum excavatum"",""1"",""0"","""""
"Conjugatophyceae,""Staurastrum furcatum"",""1"",""0"","""""
"Conjugatophyceae,""Staurastrum furcigerum"",""1"",""0"","""""
"Conjugatophyceae,""Staurastrum gladiosum"","""","""","""""
"Conjugatophyceae,""Staurastrum gracile"",""1"",""1"","""""
"Conjugatophyceae,""Staurastrum gracile  var. bulbosum"","""","""","""""
"Conjugatophyceae,""Staurastrum gracile  var. cyathiforme"","""","""","""""
"Conjugatophyceae,""Staurastrum gracile  var. nanum"",""1"",""1"","""""
"Conjugatophyceae,""Staurastrum gracile var. nanum"","""","""","""""
"Conjugatophyceae,""Staurastrum granulosum"","""","""","""""
"Conjugatophyceae,""Staurastrum hexacerum"","""","""","""""
"Conjugatophyceae,""Staurastrum johnsonii"","""","""","""""
"Conjugatophyceae,""Staurastrum johnsonii  var. triradiatum"","""","""","""""
"Conjugatophyceae,""Staurastrum lapponicum"","""","""","""""
"Conjugatophyceae,""Staurastrum longipes"",""1"",""1"","""""
"Conjugatophyceae,""Staurastrum longipes  var. contractum"","""","""","""""
"Conjugatophyceae,""Staurastrum longiradiatum"","""","""","""""
"Conjugatophyceae,""Staurastrum luetkemuelleri"","""","""","""""
"Conjugatophyceae,""Staurastrum lunatum"","""","""","""""
"Conjugatophyceae,""Staurastrum lunatum  var. planctonicum"","""","""","""""
"Conjugatophyceae,""Staurastrum manfeldtii"","""","""","""""
"Conjugatophyceae,""Staurastrum messikommeri"",""1"",""1"","""""
"Conjugatophyceae,""Staurastrum muticum"","""","""","""""
"Conjugatophyceae,""Staurastrum ophiura"","""","""","""""
"Conjugatophyceae,""Staurastrum orbiculare"","""","""","""""
"Conjugatophyceae,""Staurastrum oxyacanthum"","""","""","""""
"Conjugatophyceae,""Staurastrum pachyrhyncum"","""","""","""""
"Conjugatophyceae,""Staurastrum paradoxum"",""1"",""1"","""""
"Conjugatophyceae,""Staurastrum paradoxum  v. parvum"","""","""","""""
"Conjugatophyceae,""Staurastrum petsamoënse  v. minus"","""","""","""""
"Conjugatophyceae,""Staurastrum pingue"",""1"",""1"","""""
"Conjugatophyceae,""Staurastrum planctonicum"",""1"",""0"","""""
"Conjugatophyceae,""Staurastrum planctonicum var. bulbosum"",""1"",""1"","""""
"Conjugatophyceae,""Staurastrum planktonicum"","""","""","""""
"Conjugatophyceae,""Staurastrum pseudopelagicum"","""","""","""""
"Conjugatophyceae,""Staurastrum pseudoplanctonicum"",""1"",""1"","""""
"Conjugatophyceae,""Staurastrum pseudosebaldi"","""","""","""""
"Conjugatophyceae,""Staurastrum pseudotetracerum"","""","""","""""
"Conjugatophyceae,""Staurastrum punctatum"","""","""","""""
"Conjugatophyceae,""Staurastrum punctulatum"","""","""","""""
"Conjugatophyceae,""Staurastrum quadridentatum"",""1"",""1"","""""
"Conjugatophyceae,""Staurastrum sebaldi  var. ornatum f. quadribrachiata"","""","""","""""
"Conjugatophyceae,""Staurastrum sebaldii"","""","""","""""
"Conjugatophyceae,""Staurastrum sexangulare"","""","""","""""
"Conjugatophyceae,""Staurastrum smithii"","""","""","""""
"Conjugatophyceae,""Staurastrum striatum"","""","""","""""
"Conjugatophyceae,""Staurastrum subcruciatum"","""","""","""""
"Conjugatophyceae,""Staurastrum teliferum"","""","""","""""
"Conjugatophyceae,""Staurastrum tetracerum"",""1"",""1"","""""
"Conjugatophyceae,""Staurastrum vestitum"","""","""","""""
"Conjugatophyceae,""Stauraurodesmus brevispina"","""","""","""""
"Conjugatophyceae,""Stauraurodesmus cuspidatus  var. divergens"","""","""","""""
"Conjugatophyceae,""Stauraurodesmus dickiei"","""","""","""""
"Conjugatophyceae,""Stauraurodesmus incus  f. minor"","""","""","""""
"Conjugatophyceae,""Stauraurodesmus quiriferus"","""","""","""""
"Conjugatophyceae,""Staurodesmus aversus"","""","""","""""
"Conjugatophyceae,""Staurodesmus convergens"","""","""","""""
"Conjugatophyceae,""Staurodesmus crassus"","""","""","""""
"Conjugatophyceae,""Staurodesmus cuspidatus"",""0"",""0"","""""
"Conjugatophyceae,""Staurodesmus cuspidatus  v. curvatus"","""","""","""""
"Conjugatophyceae,""Staurodesmus dejectus"",""0"",""0"","""""
"Conjugatophyceae,""Staurodesmus dejectus  var. apiculatus"","""","""","""""
"Conjugatophyceae,""Staurodesmus extensus"",""0"",""0"","""""
"Conjugatophyceae,""Staurodesmus extensus  var. joshuae"","""","""","""""
"Conjugatophyceae,""Staurodesmus extensus var. extensus"","""","""","""""
"Conjugatophyceae,""Staurodesmus extensus var. vulgaris"","""","""","""""
"Conjugatophyceae,""Staurodesmus glaber"","""","""","""""
"Conjugatophyceae,""Staurodesmus incus"","""","""","""""
"Conjugatophyceae,""Staurodesmus indentatus"","""","""","""""
"Conjugatophyceae,""Staurodesmus isthmosus"","""","""","""""
"Conjugatophyceae,""Staurodesmus jaculiferus"","""","""","""""
"Conjugatophyceae,""Staurodesmus mamillatus"","""","""","""""
"Conjugatophyceae,""Staurodesmus mamillatus  v. maximus"","""","""","""""
"Conjugatophyceae,""Staurodesmus megacanthus"",""0"",""0"","""""
"Conjugatophyceae,""Staurodesmus patens"","""","""","""""
"Conjugatophyceae,""Staurodesmus sellatus"","""","""","""""
"Conjugatophyceae,""Staurodesmus spetsbergensis"","""","""","""""
"Conjugatophyceae,""Staurodesmus subtriangularis"","""","""","""""
"Conjugatophyceae,""Staurodesmus triangularis"","""","""","""""
"Conjugatophyceae,""Staurodesmus triangularis  v. limneticus"","""","""","""""
"Conjugatophyceae,""Staurodesmus triangularis  v. subhexagonus"","""","""","""""
"Conjugatophyceae,""Staurodesmus validus"","""","""","""""
"Conjugatophyceae,""Teilingia granulata"",""0"",""0"","""""
"Conjugatophyceae,""Teilingia wallichii"","""","""","""""
"Conjugatophyceae,""Tetmemorus brebissonii"","""","""","""""
"Conjugatophyceae,""Tetmemorus granulatus"","""","""","""""
"Conjugatophyceae,""Tetmemorus laevis"","""","""","""""
"Conjugatophyceae,""Xanthidium antilopaeum"","""","""","""""
"Conjugatophyceae,""Xanthidium concinnum"","""","""","""""
"Conjugatophyceae,""Xanthidium cristatum"","""","""","""""
"Conjugatophyceae,""Xanthidium octocorne"","""","""","""""
"Conjugatophyceae,""Xanthidium smithii"",""0"",""0"","""""
"Conjugatophyceae,""Xanthidium subhastiferum"","""","""","""""
"Coscinodiscophyceae,""Actinocyclus normanii Morphotyp normanii"",""1"",""1"","""""
"Coscinodiscophyceae,""Actinocyclus normanii Morphotyp subsalsus"",""1"",""1"","""""
"Coscinodiscophyceae,""Aphanocapsa conferta"",""0"",""0"","""""
"Coscinodiscophyceae,""Aphanocapsa delicatissima"",""1"",""1"","""""
"Coscinodiscophyceae,""Aphanocapsa elachista"",""0"",""1"","""""
"Coscinodiscophyceae,""Aphanocapsa grevillei"",""0"",""1"","""""
"Coscinodiscophyceae,""Aphanocapsa holsatica"",""1"",""1"","""""
"Coscinodiscophyceae,""Aphanocapsa incerta"",""0"",""1"","""""
"Coscinodiscophyceae,""Aphanocapsa koordersi"","""","""","""""
"Coscinodiscophyceae,""Aphanocapsa littoralis"","""","""","""""
"Coscinodiscophyceae,""Aphanocapsa muscicola"","""","""","""""
"Coscinodiscophyceae,""Aphanocapsa parasitica"","""","""","""""
"Coscinodiscophyceae,""Aphanocapsa planctonica"",""0"",""0"","""""
"Coscinodiscophyceae,""Aphanocapsa pulchra"","""","""","""""
"Coscinodiscophyceae,""Aphanocapsa reinboldii"",""0"",""1"","""""
"Coscinodiscophyceae,""Aphanocapsa salina"","""","""","""""
"Coscinodiscophyceae,""Aulacoseira distans var. distans"","""","""","""""
"Coscinodiscophyceae,""Aulacoseira granulata Morphotyp curvata"",""0"",""1"","""""
"Coscinodiscophyceae,""Aulacoseira granulata var. granulata"","""","""","""""
"Coscinodiscophyceae,""Aulacoseira italica var. italica"","""","""","""""
"Coscinodiscophyceae,""Aulacoseira lacustris f. tenuior"","""","""","""""
"Coscinodiscophyceae,""Aulacoseira pusilla"",""1"",""0"","""""
"Coscinodiscophyceae,""Aulacoseira subarctica f. recta"","""","""","""""
"Coscinodiscophyceae,""Bacteriastrum hyalinum"",""0"",""0"","""""
"Coscinodiscophyceae,""Bellerochea malleus"",""0"",""0"","""""
"Coscinodiscophyceae,""Biddulphia alternans"",""0"",""0"","""""
"Coscinodiscophyceae,""Brockmanniella brockmannii"",""0"",""0"","""""
"Coscinodiscophyceae,""Campylosira cymbelliformis"","""","""","""""
"Coscinodiscophyceae,""Chaetoceros costatum"",""0"",""0"","""""
"Coscinodiscophyceae,""Chaetoceros danicus"",""0"",""0"","""""
"Coscinodiscophyceae,""Chaetoceros densus"",""0"",""0"","""""
"Coscinodiscophyceae,""Chaetoceros diadema"",""0"",""0"","""""
"Coscinodiscophyceae,""Chaetoceros eibenii"",""0"",""0"","""""
"Coscinodiscophyceae,""Chaetoceros impressus"",""0"",""0"","""""
"Coscinodiscophyceae,""Closterium acerosum"",""0"",""0"","""""
"Coscinodiscophyceae,""Closterium aciculare"",""1"",""1"","""""
"Coscinodiscophyceae,""Closterium acutum"",""1"",""1"","""""
"Coscinodiscophyceae,""Closterium acutum  v. linea"","""","""","""""
"Coscinodiscophyceae,""Closterium acutum  v. variabile"","""","""","""""
"Coscinodiscophyceae,""Closterium acutum  var. latius"","""","""","""""
"Coscinodiscophyceae,""Closterium archerianum"","""","""","""""
"Coscinodiscophyceae,""Closterium cornu"",""0"",""0"","""""
"Coscinodiscophyceae,""Closterium cynthia"",""0"",""0"","""""
"Coscinodiscophyceae,""Closterium dianae"",""0"",""0"","""""
"Coscinodiscophyceae,""Closterium directum"","""","""","""""
"Coscinodiscophyceae,""Closterium ehrenbergii"",""0"",""0"","""""
"Coscinodiscophyceae,""Closterium gracile"",""0"",""0"","""""
"Coscinodiscophyceae,""Closterium gracile  var. elongatum"","""","""","""""
"Coscinodiscophyceae,""Closterium idiosporum"","""","""","""""
"Coscinodiscophyceae,""Closterium incurvum"","""","""","""""
"Coscinodiscophyceae,""Closterium jenneri"","""","""","""""
"Coscinodiscophyceae,""Closterium juncidum"","""","""","""""
"Coscinodiscophyceae,""Closterium kuetzingii"",""0"",""0"","""""
"Coscinodiscophyceae,""Closterium lanceolatum"","""","""","""""
"Coscinodiscophyceae,""Closterium laterale"","""","""","""""
"Coscinodiscophyceae,""Closterium leibleinii"",""0"",""0"","""""
"Coscinodiscophyceae,""Closterium limneticum"",""0"",""1"","""""
"Coscinodiscophyceae,""Closterium limneticum  v. tenue"","""","""","""""
"Coscinodiscophyceae,""Closterium lineatum"","""","""","""""
"Coscinodiscophyceae,""Closterium macilentum"","""","""","""""
"Coscinodiscophyceae,""Closterium moniliferum"",""1"",""0"","""""
"Coscinodiscophyceae,""Closterium moniliforme"","""","""","""""
"Coscinodiscophyceae,""Closterium nordstedtii"","""","""","""""
"Coscinodiscophyceae,""Closterium parvulum"",""0"",""0"","""""
"Coscinodiscophyceae,""Closterium peracerosum"","""","""","""""
"Coscinodiscophyceae,""Closterium praelongum"",""0"",""0"","""""
"Coscinodiscophyceae,""Closterium pritchardianum"","""","""","""""
"Coscinodiscophyceae,""Closterium pronum"",""0"",""1"","""""
"Coscinodiscophyceae,""Closterium setaceum"","""","""","""""
"Coscinodiscophyceae,""Closterium strigosum"",""1"",""0"","""""
"Coscinodiscophyceae,""Closterium subpronum"","""","""","""""
"Coscinodiscophyceae,""Closterium tumidulum"","""","""","""""
"Coscinodiscophyceae,""Closterium tumidum  var. nylandicum"",""0"",""0"","""""
"Coscinodiscophyceae,""Closterium venus"",""0"",""0"","""""
"Coscinodiscophyceae,""Cyclotella atomus var. atomus"","""","""","""""
"Coscinodiscophyceae,""Cyclotella austriaca"","""","""","""""
"Coscinodiscophyceae,""Cyclotella balatonis"",""0"",""1"","""""
"Coscinodiscophyceae,""Cyclotella bodanica var. bodanica"","""","""","""""
"Coscinodiscophyceae,""Cyclotella distinguenda var. unipunctata"",""1"",""1"","""""
"Coscinodiscophyceae,""Cyclotella intermedia"",""0"",""0"","""""
"Coscinodiscophyceae,""Cyclotella lemanensis"","""","""","""""
"Coscinodiscophyceae,""Cyclotella schroeteri"",""0"",""0"","""""
"Coscinodiscophyceae,""Cyclotella tenuistriata"",""0"",""0"","""""
"Coscinodiscophyceae,""Detonula pumila"",""0"",""0"","""""
"Coscinodiscophyceae,""Eucampia zodiacus"",""0"",""0"","""""
"Coscinodiscophyceae,""Guinardia delicatula"",""0"",""0"","""""
"Coscinodiscophyceae,""Guinardia flaccida"",""0"",""0"","""""
"Coscinodiscophyceae,""Guinardia striata"",""0"",""0"","""""
"Coscinodiscophyceae,""Lauderia annulata"",""0"",""0"","""""
"Coscinodiscophyceae,""Leptocylindrus danicus"",""0"",""0"","""""
"Coscinodiscophyceae,""Leptocylindrus minimus"",""0"",""0"","""""
"Coscinodiscophyceae,""Microcrocis irregularis"","""","""","""""
"Coscinodiscophyceae,""Odontella aurita"",""0"",""0"","""""
"Coscinodiscophyceae,""Odontella aurita var. aurita"","""","""","""""
"Coscinodiscophyceae,""Odontella aurita var. minima"",""0"",""0"","""""
"Coscinodiscophyceae,""Odontella granulata"",""0"",""0"","""""
"Coscinodiscophyceae,""Odontella mobiliensis"",""0"",""0"","""""
"Coscinodiscophyceae,""Odontella regia"",""0"",""0"","""""
"Coscinodiscophyceae,""Odontella rhombus"",""0"",""0"","""""
"Coscinodiscophyceae,""Odontella sinensis"",""0"",""0"","""""
"Coscinodiscophyceae,""Penium polymorphum"","""","""","""""
"Coscinodiscophyceae,""Plagiogrammopsis vanheurckii"",""0"",""0"","""""
"Coscinodiscophyceae,""Pleurosira laevis"",""0"",""0"","""""
"Coscinodiscophyceae,""Pleurotaenium ehrenbergii"","""","""","""""
"Coscinodiscophyceae,""Pleurotaenium minutum"",""0"",""0"","""""
"Coscinodiscophyceae,""Pleurotaenium trabecula"","""","""","""""
"Coscinodiscophyceae,""Podosira stelliger"",""0"",""0"","""""
"Coscinodiscophyceae,""Rhizosolenia eriensis var. eriensis"","""","""","""""
"Coscinodiscophyceae,""Rhizosolenia eriensis var. morsa"","""","""","""""
"Coscinodiscophyceae,""Rhizosolenia similoides"",""0"",""0"","""""
"Coscinodiscophyceae,""Thalassiocyclus lucens"",""0"",""0"","""""
"Coscinodiscophyceae,""Tribonema aequale"",""0"",""1"","""""
"Coscinodiscophyceae,""Tribonema elegans"",""0"",""1"","""""
"Coscinodiscophyceae,""Tribonema microchloron  var. cylindricum"","""","""","""""
"Coscinodiscophyceae,""Tribonema minus"",""0"",""1"","""""
"Coscinodiscophyceae,""Tribonema monochloron"",""0"",""1"","""""
"Coscinodiscophyceae,""Tribonema viridis"","""","""","""""
"Coscinodiscophyceae,""Tribonema vulgare"",""0"",""1"","""""
"Coscinodiscophyceae,""Triceratium favus"",""0"",""0"","""""
"Cryptophyceae,""Chilomonas cryptomonadoides"","""","""","""""
"Cryptophyceae,""Chilomonas oblonga"",""0"",""0"","""""
"Cryptophyceae,""Chilomonas paramecium"","""","""","""""
"Cryptophyceae,""Chroomonas acuta"",""0"",""0"","""""
"Cryptophyceae,""Chroomonas caudata"","""","""","""""
"Cryptophyceae,""Chroomonas coerulea"",""0"",""0"","""""
"Cryptophyceae,""Chroomonas limnetica"","""","""","""""
"Cryptophyceae,""Chroomonas nordstedtii"",""0"",""0"","""""
"Cryptophyceae,""Chroomonas nordstedtii  f. minor"","""","""","""""
"Cryptophyceae,""Chroomonas pochmanni"","""","""","""""
"Cryptophyceae,""Chroomonas reflexa"","""","""","""""
"Cryptophyceae,""Cryptomonas brevis"","""","""","""""
"Cryptophyceae,""Cryptomonas caudata"",""1"",""0"","""""
"Cryptophyceae,""Cryptomonas curvata"",""1"",""1"","""""
"Cryptophyceae,""Cryptomonas erosa"",""1"",""1"","""""
"Cryptophyceae,""Cryptomonas gracilis"","""","""","""""
"Cryptophyceae,""Cryptomonas lobata"",""1"",""0"","""""
"Cryptophyceae,""Cryptomonas marssonii"",""1"",""0"","""""
"Cryptophyceae,""Cryptomonas nasuta"","""","""","""""
"Cryptophyceae,""Cryptomonas obovata"",""1"",""0"","""""
"Cryptophyceae,""Cryptomonas obovata / erosa"","""","""","""""
"Cryptophyceae,""Cryptomonas obovoidea"","""","""","""""
"Cryptophyceae,""Cryptomonas ovata"",""1"",""1"","""""
"Cryptophyceae,""Cryptomonas parapyrenoidifera"","""","""","""""
"Cryptophyceae,""Cryptomonas phaseolus"",""1"",""1"","""""
"Cryptophyceae,""Cryptomonas platyuris"",""1"",""0"","""""
"Cryptophyceae,""Cryptomonas pusilla"",""1"",""0"","""""
"Cryptophyceae,""Cryptomonas pyrenoidifera"",""1"",""0"","""""
"Cryptophyceae,""Cryptomonas reflexa"",""1"",""1"","""""
"Cryptophyceae,""Cryptomonas rubra"","""","""","""""
"Cryptophyceae,""Cryptomonas tenuis"",""1"",""0"","""""
"Cryptophyceae,""Cryptomonas tetrapyrenoidosa"",""1"",""0"","""""
"Cryptophyceae,""Goniomonas truncata"","""","""","""""
"Cryptophyceae,""Katablepharis ovalis"",""0"",""0"","""""
"Cryptophyceae,""Plagioselmis lacustris"",""1"",""0"","""""
"Cryptophyceae,""Plagioselmis nannoplanctica"",""1"",""0"","""""
"Cryptophyceae,""Rhodomonas lacustris"",""1"",""0"","""""
"Cryptophyceae,""Rhodomonas lens"",""1"",""0"","""""
"Cryptophyceae,""Rhodomonas minima"","""","""","""""
"Cryptophyceae,""Rhodomonas minuta"","""","""","""""
"Cryptophyceae,""Rhodomonas minuta var. nannoplanctica"","""","""","""""
"Cryptophyceae,""Rhodomonas ovalis"",""1"",""0"","""""
"Cryptophyceae,""Telonema subtile"","""","""","""""
"Cyanophyceae,""Achroonema articulatum"","""","""","""""
"Cyanophyceae,""Anabaena aphanizomenoides"",""1"",""0"","""""
"Cyanophyceae,""Anabaena augustumalis"","""","""","""""
"Cyanophyceae,""Anabaena catenula"",""0"",""0"","""""
"Cyanophyceae,""Anabaena elliptica"","""","""","""""
"Cyanophyceae,""Anabaena hieronymusii"","""","""","""""
"Cyanophyceae,""Anabaena lapponica"",""0"",""0"","""""
"Cyanophyceae,""Anabaena minderi"",""0"",""0"","""""
"Cyanophyceae,""Anabaena oscillarioides"","""","""","""""
"Cyanophyceae,""Anabaena perturbata"",""0"",""0"","""""
"Cyanophyceae,""Anabaena scheremetievii"",""0"",""0"","""""
"Cyanophyceae,""Anabaenopsis arnoldii"",""0"",""1"","""""
"Cyanophyceae,""Anabaenopsis circularis"","""","""","""""
"Cyanophyceae,""Anabaenopsis cunningtonii"",""0"",""1"","""""
"Cyanophyceae,""Anabaenopsis elenkinii"",""0"",""1"","""""
"Cyanophyceae,""Anabaenopsis milleri"",""0"",""0"","""""
"Cyanophyceae,""Aphanizomenon aphanizomenoides"",""1"",""0"","""""
"Cyanophyceae,""Aphanizomenon elenkinii"",""0"",""1"","""""
"Cyanophyceae,""Aphanizomenon flexuosum"",""0"",""0"","""""
"Cyanophyceae,""Aphanizomenon flos-aquae"",""0"",""1"","""""
"Cyanophyceae,""Aphanizomenon flos-aquae  v. klebahnii"","""","""","""""
"Cyanophyceae,""Aphanizomenon gracile"",""1"",""1"","""""
"Cyanophyceae,""Aphanizomenon issatschenkoi"",""0"",""1"","""""
"Cyanophyceae,""Aphanizomenon klebahnii"",""0"",""1"","""""
"Cyanophyceae,""Aphanizomenon ovalisporum"","""","""","""""
"Cyanophyceae,""Aphanizomenon skujae"","""","""","""""
"Cyanophyceae,""Aphanizomenon yezoense"",""0"",""0"","""""
"Cyanophyceae,""Aphanocapsa nubilum"",""0"",""0"","""""
"Cyanophyceae,""Aphanothece bachmannii"",""0"",""0"","""""
"Cyanophyceae,""Aphanothece clathrata"",""0"",""1"","""""
"Cyanophyceae,""Aphanothece clathrata  var. rosea"","""","""","""""
"Cyanophyceae,""Aphanothece endophytica"","""","""","""""
"Cyanophyceae,""Aphanothece floccosa"","""","""","""""
"Cyanophyceae,""Aphanothece minutissima"",""1"",""0"","""""
"Cyanophyceae,""Aphanothece nidulans"",""0"",""0"","""""
"Cyanophyceae,""Aphanothece saxicola"","""","""","""""
"Cyanophyceae,""Aphanothece smithii"",""0"",""0"","""""
"Cyanophyceae,""Aphanothece stagnina"",""0"",""0"","""""
"Cyanophyceae,""Arthrospira jenneri"","""","""","""""
"Cyanophyceae,""Borzia endophytica"","""","""","""""
"Cyanophyceae,""Chamaesiphon amethystinus"","""","""","""""
"Cyanophyceae,""Chroococcus aphanocapsoides"",""0"",""0"","""""
"Cyanophyceae,""Chroococcus cumulatus"","""","""","""""
"Cyanophyceae,""Chroococcus dispersus"",""0"",""0"","""""
"Cyanophyceae,""Chroococcus distans"",""0"",""0"","""""
"Cyanophyceae,""Chroococcus limneticus"",""1"",""1"","""""
"Cyanophyceae,""Chroococcus microscopicus"",""0"",""0"","""""
"Cyanophyceae,""Chroococcus minimus"",""0"",""0"","""""
"Cyanophyceae,""Chroococcus minor"","""","""","""""
"Cyanophyceae,""Chroococcus minutus"",""0"",""1"","""""
"Cyanophyceae,""Chroococcus obliteratus"",""0"",""0"","""""
"Cyanophyceae,""Chroococcus planctonicus"","""","""","""""
"Cyanophyceae,""Chroococcus subnudus"","""","""","""""
"Cyanophyceae,""Chroococcus turgidus"",""0"",""1"","""""
"Cyanophyceae,""Chroococcus vacuolatus"","""","""","""""
"Cyanophyceae,""Chrysosporum bergii"",""0"",""1"","""""
"Cyanophyceae,""Coelomoron pusillum"",""0"",""0"","""""
"Cyanophyceae,""Coelosphaerium aerugineum"",""0"",""0"","""""
"Cyanophyceae,""Coelosphaerium dubium"",""0"",""0"","""""
"Cyanophyceae,""Coelosphaerium kuetzingianum"",""0"",""1"","""""
"Cyanophyceae,""Coelosphaerium minutissimum"",""0"",""0"","""""
"Cyanophyceae,""Coelosphaerium subarcticum"","""","""","""""
"Cyanophyceae,""Cuspidothrix elenkinii"",""0"",""1"","""""
"Cyanophyceae,""Cuspidothrix issatschenkoi"",""0"",""1"","""""
"Cyanophyceae,""Cyanobium parvum"",""0"",""1"","""""
"Cyanophyceae,""Cyanobium plancticum"","""","""","""""
"Cyanophyceae,""Cyanocatena imperfecta"","""","""","""""
"Cyanophyceae,""Cyanocatena planctonica"",""0"",""0"","""""
"Cyanophyceae,""Cyanodictyon filiforme"","""","""","""""
"Cyanophyceae,""Cyanodictyon iac"",""0"",""0"","""""
"Cyanophyceae,""Cyanodictyon imperfectum"",""0"",""1"","""""
"Cyanophyceae,""Cyanodictyon planctonicum"",""0"",""1"","""""
"Cyanophyceae,""Cyanodictyon planktonicum"","""","""","""""
"Cyanophyceae,""Cyanodictyon reticulatum"",""0"",""1"","""""
"Cyanophyceae,""Cyanogranis ferruginea"",""0"",""0"","""""
"Cyanophyceae,""Cyanonephron styloides"",""0"",""0"","""""
"Cyanophyceae,""Cyanothece aeruginosa"","""","""","""""
"Cyanophyceae,""Cyanothece maior"","""","""","""""
"Cyanophyceae,""Cyanothece major"",""0"",""0"","""""
"Cyanophyceae,""Cylindrospermopsis raciborskii"",""0"",""1"","""""
"Cyanophyceae,""Dolichospermum affine"",""0"",""0"","""""
"Cyanophyceae,""Dolichospermum circinale"",""0"",""1"","""""
"Cyanophyceae,""Dolichospermum compactum"",""1"",""1"","""""
"Cyanophyceae,""Dolichospermum crassum"",""0"",""1"","""""
"Cyanophyceae,""Dolichospermum curvum"",""0"",""0"","""""
"Cyanophyceae,""Dolichospermum flos-aquae"",""0"",""1"","""""
"Cyanophyceae,""Dolichospermum flos-aquae / perturbatum"",""0"",""0"","""""
"Cyanophyceae,""Dolichospermum heterosporum"",""0"",""0"","""""
"Cyanophyceae,""Dolichospermum lemmermannii"",""1"",""1"","""""
"Cyanophyceae,""Dolichospermum macrosporum"",""0"",""1"","""""
"Cyanophyceae,""Dolichospermum mendotae"",""0"",""0"","""""
"Cyanophyceae,""Dolichospermum perturbatum"",""0"",""0"","""""
"Cyanophyceae,""Dolichospermum planctonicum"",""1"",""1"","""""
"Cyanophyceae,""Dolichospermum sigmoideum"",""0"",""1"","""""
"Cyanophyceae,""Dolichospermum smithii"",""0"",""0"","""""
"Cyanophyceae,""Dolichospermum solitarium"",""0"",""1"","""""
"Cyanophyceae,""Dolichospermum spiroides"",""1"",""1"","""""
"Cyanophyceae,""Dolichospermum viguieri"",""1"",""1"","""""
"Cyanophyceae,""Dolichospermum zinserlingii"",""0"",""0"","""""
"Cyanophyceae,""Eucapsis alpina"",""0"",""0"","""""
"Cyanophyceae,""Geitleribactron periphyticum"","""","""","""""
"Cyanophyceae,""Geitlerinema acuiforme"","""","""","""""
"Cyanophyceae,""Geitlerinema acutissimum"","""","""","""""
"Cyanophyceae,""Geitlerinema amphibium"","""","""","""""
"Cyanophyceae,""Geitlerinema splendidum"",""0"",""0"","""""
"Cyanophyceae,""Gloeocapsa haematodes"","""","""","""""
"Cyanophyceae,""Gloeothece linearis"","""","""","""""
"Cyanophyceae,""Gloeothece subtilis"","""","""","""""
"Cyanophyceae,""Gloeotrichia echinulata"",""0"",""1"","""""
"Cyanophyceae,""Gloeotrichia natans"","""","""","""""
"Cyanophyceae,""Gomphosphaeria aponina"",""1"",""1"","""""
"Cyanophyceae,""Gomphosphaeria natans"",""1"",""1"","""""
"Cyanophyceae,""Gomphosphaeria rosea"","""","""","""""
"Cyanophyceae,""Gomphosphaeria semen-vitis"","""","""","""""
"Cyanophyceae,""Gomphosphaeria virieuxii"","""","""","""""
"Cyanophyceae,""Heteroleibleinia kossinskajae"","""","""","""""
"Cyanophyceae,""Heteroleibleinia kuetzingii"","""","""","""""
"Cyanophyceae,""Heteroleibleinia pusilla"","""","""","""""
"Cyanophyceae,""Heteroleibleinia rigidula"","""","""","""""
"Cyanophyceae,""Heteroleibleinia ucrainica"","""","""","""""
"Cyanophyceae,""Jaaginema geminatum"","""","""","""""
"Cyanophyceae,""Jaaginema metaphyticum"","""","""","""""
"Cyanophyceae,""Jaaginema neglectum"","""","""","""""
"Cyanophyceae,""Jaaginema subtilissimum"","""","""","""""
"Cyanophyceae,""Johannesbaptistia pellucida"","""","""","""""
"Cyanophyceae,""Katagnymene accurata"","""","""","""""
"Cyanophyceae,""Leibleinia epiphytica"","""","""","""""
"Cyanophyceae,""Lemmermanniella flexa"","""","""","""""
"Cyanophyceae,""Lemmermanniella pallida"",""0"",""0"","""""
"Cyanophyceae,""Lemmermanniella parva"","""","""","""""
"Cyanophyceae,""Leptolyngbya bijugata"","""","""","""""
"Cyanophyceae,""Limnothrix brachynema"","""","""","""""
"Cyanophyceae,""Limnothrix guttulata"","""","""","""""
"Cyanophyceae,""Limnothrix lauterbornii"",""0"",""0"","""""
"Cyanophyceae,""Limnothrix meffertae"",""0"",""0"","""""
"Cyanophyceae,""Limnothrix obliqueacuminata"",""0"",""0"","""""
"Cyanophyceae,""Limnothrix planctonica"",""1"",""1"","""""
"Cyanophyceae,""Limnothrix redekei"",""1"",""1"","""""
"Cyanophyceae,""Limnothrix rosea"",""0"",""0"","""""
"Cyanophyceae,""Limnothrix vacuolifera"",""0"",""0"","""""
"Cyanophyceae,""Lyngbya hieronymusii"",""0"",""0"","""""
"Cyanophyceae,""Lyngbya limnetica"","""","""","""""
"Cyanophyceae,""Merismopedia convoluta"","""","""","""""
"Cyanophyceae,""Merismopedia duplex"",""1"",""1"","""""
"Cyanophyceae,""Merismopedia elegans"",""1"",""1"","""""
"Cyanophyceae,""Merismopedia glauca"",""1"",""1"","""""
"Cyanophyceae,""Merismopedia hyalina"","""","""","""""
"Cyanophyceae,""Merismopedia insignis"","""","""","""""
"Cyanophyceae,""Merismopedia marssonii"",""1"",""1"","""""
"Cyanophyceae,""Merismopedia minima"",""1"",""1"","""""
"Cyanophyceae,""Merismopedia punctata"",""1"",""1"","""""
"Cyanophyceae,""Merismopedia tenuissima"",""1"",""1"","""""
"Cyanophyceae,""Merismopedia trolleri"","""","""","""""
"Cyanophyceae,""Merismopedia warmingiana"","""","""","""""
"Cyanophyceae,""Microcystis aeruginosa"",""1"",""1"","""""
"Cyanophyceae,""Microcystis botrys"","""","""","""""
"Cyanophyceae,""Microcystis firma"",""0"",""0"","""""
"Cyanophyceae,""Microcystis flos-aquae"",""0"",""1"","""""
"Cyanophyceae,""Microcystis ichthyoblabe"",""0"",""0"","""""
"Cyanophyceae,""Microcystis incerta"",""0"",""0"","""""
"Cyanophyceae,""Microcystis natans"",""0"",""0"","""""
"Cyanophyceae,""Microcystis novacekii"",""0"",""0"","""""
"Cyanophyceae,""Microcystis pulverea"","""","""","""""
"Cyanophyceae,""Microcystis robusta"","""","""","""""
"Cyanophyceae,""Microcystis smithii"",""0"",""0"","""""
"Cyanophyceae,""Microcystis stagnalis"","""","""","""""
"Cyanophyceae,""Microcystis viridis"",""0"",""1"","""""
"Cyanophyceae,""Microcystis wesenbergii"",""1"",""1"","""""
"Cyanophyceae,""Nostoc coeruleum"","""","""","""""
"Cyanophyceae,""Nostoc pruniforme"","""","""","""""
"Cyanophyceae,""Oscillatoria lacustris"","""","""","""""
"Cyanophyceae,""Oscillatoria tenuis"",""0"",""1"","""""
"Cyanophyceae,""Pannus microcystiformis"","""","""","""""
"Cyanophyceae,""Pannus spumosus"","""","""","""""
"Cyanophyceae,""Phormidium corium"","""","""","""""
"Cyanophyceae,""Phormidium nigrum"","""","""","""""
"Cyanophyceae,""Phormidium versicolor"","""","""","""""
"Cyanophyceae,""Planktolyngbya brevicellularis"","""","""","""""
"Cyanophyceae,""Planktolyngbya capillaris"","""","""","""""
"Cyanophyceae,""Planktolyngbya circumcreta"","""","""","""""
"Cyanophyceae,""Planktolyngbya contorta"",""0"",""1"","""""
"Cyanophyceae,""Planktolyngbya lacustris"","""","""","""""
"Cyanophyceae,""Planktolyngbya limnetica"",""0"",""1"","""""
"Cyanophyceae,""Planktolyngbya tallingii"","""","""","""""
"Cyanophyceae,""Planktolyngbya undulata"","""","""","""""
"Cyanophyceae,""Planktothrix agardhii"",""1"",""1"","""""
"Cyanophyceae,""Planktothrix agardhii / rubescens"","""","""","""""
"Cyanophyceae,""Planktothrix clathrata"",""1"",""0"","""""
"Cyanophyceae,""Planktothrix compressa"","""","""","""""
"Cyanophyceae,""Planktothrix isothrix"",""1"",""0"","""""
"Cyanophyceae,""Planktothrix prolifica"",""1"",""0"","""""
"Cyanophyceae,""Planktothrix redekei"","""","""","""""
"Cyanophyceae,""Planktothrix rubescens"",""1"",""1"","""""
"Cyanophyceae,""Planktothrix suspensa"",""1"",""0"","""""
"Cyanophyceae,""Pseudanabaena biceps"","""","""","""""
"Cyanophyceae,""Pseudanabaena catenata"",""0"",""1"","""""
"Cyanophyceae,""Pseudanabaena limnetica"",""1"",""1"","""""
"Cyanophyceae,""Pseudoncobyrsa lacustris"","""","""","""""
"Cyanophyceae,""Radiocystis aphanothecoidea"","""","""","""""
"Cyanophyceae,""Radiocystis geminata"",""0"",""1"","""""
"Cyanophyceae,""Raphidiopsis curvata"","""","""","""""
"Cyanophyceae,""Raphidiopsis mediterranea"",""0"",""1"","""""
"Cyanophyceae,""Rhabdoderma lineare"",""0"",""1"","""""
"Cyanophyceae,""Rhabdoderma tenuissimum"",""0"",""0"","""""
"Cyanophyceae,""Rhabdogloea ellipsoidea"","""","""","""""
"Cyanophyceae,""Rhabdogloea linearis"","""","""","""""
"Cyanophyceae,""Rhabdogloea scenedesmoides"",""0"",""0"","""""
"Cyanophyceae,""Rhabdogloea smithii"",""0"",""1"","""""
"Cyanophyceae,""Romeria alascensis"","""","""","""""
"Cyanophyceae,""Romeria chlorina"",""1"",""0"","""""
"Cyanophyceae,""Romeria elegans"",""1"",""0"","""""
"Cyanophyceae,""Romeria gracilis"","""","""","""""
"Cyanophyceae,""Romeria leopoliensis"","""","""","""""
"Cyanophyceae,""Romeria okensis"","""","""","""""
"Cyanophyceae,""Snowella arachnoidea"","""","""","""""
"Cyanophyceae,""Snowella atomus"",""1"",""1"","""""
"Cyanophyceae,""Snowella fennica"","""","""","""""
"Cyanophyceae,""Snowella lacustris"",""1"",""1"","""""
"Cyanophyceae,""Snowella litoralis"",""1"",""1"","""""
"Cyanophyceae,""Snowella septentrionalis"",""1"",""1"","""""
"Cyanophyceae,""Spirulina corakiana"","""","""","""""
"Cyanophyceae,""Spirulina laxissima"","""","""","""""
"Cyanophyceae,""Spirulina maior"","""","""","""""
"Cyanophyceae,""Spirulina major"","""","""","""""
"Cyanophyceae,""Spirulina subtilissima"","""","""","""""
"Cyanophyceae,""Synechococcus capitatus"",""0"",""0"","""""
"Cyanophyceae,""Synechococcus cedrorum"",""0"",""1"","""""
"Cyanophyceae,""Synechococcus elongatus"",""0"",""0"","""""
"Cyanophyceae,""Synechococcus epigloeicus"","""","""","""""
"Cyanophyceae,""Synechococcus major"","""","""","""""
"Cyanophyceae,""Synechococcus mundulus"",""0"",""0"","""""
"Cyanophyceae,""Synechococcus nidulans"",""0"",""0"","""""
"Cyanophyceae,""Synechocystis aquatilis"",""0"",""1"","""""
"Cyanophyceae,""Synechocystis parvula"","""","""","""""
"Cyanophyceae,""Trichodesmium lacustre"","""","""","""""
"Cyanophyceae,""Trichormus catenula"","""","""","""""
"Cyanophyceae,""Trichormus catenulus"","""","""","""""
"Cyanophyceae,""Trichormus catenulus var. affinis"","""","""","""""
"Cyanophyceae,""Trichormus catenulus var. solitaris"","""","""","""""
"Cyanophyceae,""Trichormus variabilis"",""0"",""0"","""""
"Cyanophyceae,""Tychonema bornetii"","""","""","""""
"Cyanophyceae,""Tychonema bourrellyi"","""","""","""""
"Cyanophyceae,""Tychonema sequanum"","""","""","""""
"Cyanophyceae,""Tychonema tenue"",""0"",""0"","""""
"Cyanophyceae,""Woronichinia compacta"",""0"",""1"","""""
"Cyanophyceae,""Woronichinia delicatula"","""","""","""""
"Cyanophyceae,""Woronichinia elorantae"",""0"",""0"","""""
"Cyanophyceae,""Woronichinia fusca"",""0"",""1"","""""
"Cyanophyceae,""Woronichinia karelica"",""0"",""0"","""""
"Cyanophyceae,""Woronichinia naegeliana"",""0"",""1"","""""
"Cyanophyceae,""Woronichinia robusta"","""","""","""""
"Cyanophyceae,""Woronichinia tenera"","""","""","""""
"Dictyochophyceae,""Pedinella hexacostata"","""","""","""""
"Dictyochophyceae,""Pseudopedinella ambigua"",""0"",""0"","""""
"Dictyochophyceae,""Pseudopedinella erkensis"",""1"",""1"","""""
"Dictyochophyceae,""Pseudopedinella gallica"","""","""","""""
"Dictyochophyceae,""Pseudopedinella pyriformis"","""","""","""""
"Dictyochophyceae,""Pseudopedinella thomsenii"","""","""","""""
"Dictyochophyceae,""Pseudopedinella tricostata"",""0"",""0"","""""
"Dinophyceae,""Amphidinium amphidinioides"","""","""","""""
"Dinophyceae,""Amphidinium crassum"",""0"",""0"","""""
"Dinophyceae,""Amphidinium elenkinii"",""0"",""0"","""""
"Dinophyceae,""Amphidinium luteum"",""0"",""0"","""""
"Dinophyceae,""Bernardinium bernardinense"","""","""","""""
"Dinophyceae,""Ceratium brachyceros"","""","""","""""
"Dinophyceae,""Ceratium carolinianum"","""","""","""""
"Dinophyceae,""Ceratium cornutum"",""1"",""1"","""""
"Dinophyceae,""Ceratium furca"",""1"",""0"","""""
"Dinophyceae,""Ceratium furcoides"",""1"",""1"","""""
"Dinophyceae,""Ceratium fusus"",""1"",""0"","""""
"Dinophyceae,""Ceratium hirundinella"",""1"",""1"","""""
"Dinophyceae,""Ceratium hirundinella  f. brachyceroides"","""","""","""""
"Dinophyceae,""Ceratium hirundinella  f. furcoides"","""","""","""""
"Dinophyceae,""Ceratium hirundinella  f. silesiacum"","""","""","""""
"Dinophyceae,""Ceratium hirundinella  var. robustum"","""","""","""""
"Dinophyceae,""Ceratium horridum"",""1"",""0"","""""
"Dinophyceae,""Ceratium rhomvoides"",""1"",""0"","""""
"Dinophyceae,""Cystodinium cornifax"","""","""","""""
"Dinophyceae,""Diplopsalis acuta"",""0"",""0"","""""
"Dinophyceae,""Glenodiniopsis steinii"","""","""","""""
"Dinophyceae,""Glenodinium gymnodinium"","""","""","""""
"Dinophyceae,""Gonyaulax apiculata"",""0"",""0"","""""
"Dinophyceae,""Gymnodinium acuminatum"",""0"",""1"","""""
"Dinophyceae,""Gymnodinium aeruginosum"",""0"",""1"","""""
"Dinophyceae,""Gymnodinium albulum"","""","""","""""
"Dinophyceae,""Gymnodinium austriacum"",""0"",""0"","""""
"Dinophyceae,""Gymnodinium cnecoides"",""0"",""1"","""""
"Dinophyceae,""Gymnodinium discoidale"",""0"",""1"","""""
"Dinophyceae,""Gymnodinium fuscum"",""0"",""1"","""""
"Dinophyceae,""Gymnodinium helveticum"",""0"",""0"","""""
"Dinophyceae,""Gymnodinium hiemale"","""","""","""""
"Dinophyceae,""Gymnodinium lacustre"",""0"",""1"","""""
"Dinophyceae,""Gymnodinium lantzschii"",""0"",""1"","""""
"Dinophyceae,""Gymnodinium latum"","""","""","""""
"Dinophyceae,""Gymnodinium mitratum"",""0"",""1"","""""
"Dinophyceae,""Gymnodinium obesum"","""","""","""""
"Dinophyceae,""Gymnodinium ordinatum"",""0"",""1"","""""
"Dinophyceae,""Gymnodinium palustre"","""","""","""""
"Dinophyceae,""Gymnodinium triceratium"","""","""","""""
"Dinophyceae,""Gymnodinium uberrimum"",""1"",""1"","""""
"Dinophyceae,""Gymnodinium wawrikae"","""","""","""""
"Dinophyceae,""Hemidinium nasutum"","""","""","""""
"Dinophyceae,""Hemidinium ochraceum"","""","""","""""
"Dinophyceae,""Katodinium bohemicum"","""","""","""""
"Dinophyceae,""Katodinium fungiforme"","""","""","""""
"Dinophyceae,""Katodinium glaucum"",""0"",""0"","""""
"Dinophyceae,""Katodinium mazuricum"","""","""","""""
"Dinophyceae,""Katodinium palustre"","""","""","""""
"Dinophyceae,""Katodinium rotundatum"",""0"",""0"","""""
"Dinophyceae,""Katodinium schilleri"","""","""","""""
"Dinophyceae,""Katodinium spirodinioides"","""","""","""""
"Dinophyceae,""Peridiniopsis borgei"",""0"",""0"","""""
"Dinophyceae,""Peridiniopsis cunningtonii"",""1"",""1"","""""
"Dinophyceae,""Peridiniopsis edax"","""","""","""""
"Dinophyceae,""Peridiniopsis elpatiewskyi"",""1"",""0"","""""
"Dinophyceae,""Peridiniopsis penardiforme"",""0"",""1"","""""
"Dinophyceae,""Peridiniopsis penardii"","""","""","""""
"Dinophyceae,""Peridiniopsis polonicum"",""0"",""1"","""""
"Dinophyceae,""Peridiniopsis quadridens"","""","""","""""
"Dinophyceae,""Peridinium aciculiferum"",""0"",""1"","""""
"Dinophyceae,""Peridinium africanum"","""","""","""""
"Dinophyceae,""Peridinium berolinense"","""","""","""""
"Dinophyceae,""Peridinium bipes"",""0"",""1"","""""
"Dinophyceae,""Peridinium cinctum"",""1"",""1"","""""
"Dinophyceae,""Peridinium deflandri"","""","""","""""
"Dinophyceae,""Peridinium gatunense"","""","""","""""
"Dinophyceae,""Peridinium inconspicuum"",""0"",""0"","""""
"Dinophyceae,""Peridinium lomnickii"",""0"",""0"","""""
"Dinophyceae,""Peridinium morzinense"",""0"",""0"","""""
"Dinophyceae,""Peridinium palatinum"",""0"",""0"","""""
"Dinophyceae,""Peridinium pseudolaeve"","""","""","""""
"Dinophyceae,""Peridinium pusillum"",""0"",""0"","""""
"Dinophyceae,""Peridinium raciborskii"","""","""","""""
"Dinophyceae,""Peridinium umbonatum"",""0"",""1"","""""
"Dinophyceae,""Peridinium umbonatum  v. goslaviense"",""0"",""1"","""""
"Dinophyceae,""Peridinium umbonatum  var. deflandrei"","""","""","""""
"Dinophyceae,""Peridinium umbonatum var. deflandrei"","""","""","""""
"Dinophyceae,""Peridinium volzii"","""","""","""""
"Dinophyceae,""Peridinium willei"",""1"",""1"","""""
"Dinophyceae,""Prorocentrum balticum"",""0"",""0"","""""
"Dinophyceae,""Prorocentrum cordatum"",""0"",""0"","""""
"Dinophyceae,""Prorocentrum micans"",""0"",""0"","""""
"Dinophyceae,""Prorocentrum minimum"","""","""","""""
"Dinophyceae,""Prorocentrum triestinum"",""0"",""0"","""""
"Dinophyceae,""Spiromonas angusta"","""","""","""""
"Dinophyceae,""Tovellia coronata"","""","""","""""
"Dinophyceae,""Woloszynskia neglecta"","""","""","""""
"Dinophyceae,""Woloszynskia ordinata"",""0"",""1"","""""
"Dinophyceae,""Woloszynskia pseudopalustris"",""0"",""0"","""""
"Dinophyceae,""Woloszynskia tenuissima"",""0"",""0"","""""
"Euglenophyceae,""Astasia dangeardii"","""","""","""""
"Euglenophyceae,""Astasia inflata"",""0"",""0"","""""
"Euglenophyceae,""Astasia torta"","""","""","""""
"Euglenophyceae,""Colacium sideropus"","""","""","""""
"Euglenophyceae,""Colacium vesiculosum"","""","""","""""
"Euglenophyceae,""Cryptoglena pigra"","""","""","""""
"Euglenophyceae,""Cyclidiopsis acus"","""","""","""""
"Euglenophyceae,""Entosiphon polyaulax"","""","""","""""
"Euglenophyceae,""Entosiphon sulcatum"","""","""","""""
"Euglenophyceae,""Euglena spirogyra var. fusca"",""1"",""1"","""""
"Euglenophyceae,""Lepocinclis salina"",""0"",""0"","""""
"Euglenophyceae,""Menoidium tremulum"","""","""","""""
"Euglenophyceae,""Monomorphina pyrum"",""1"",""1"","""""
"Euglenophyceae,""Notosolenus lens"","""","""","""""
"Euglenophyceae,""Phacus acuminatus"",""0"",""1"","""""
"Euglenophyceae,""Phacus aenigmaticus"","""","""","""""
"Euglenophyceae,""Phacus agilis"","""","""","""""
"Euglenophyceae,""Phacus anomalus"","""","""","""""
"Euglenophyceae,""Phacus caudatus"","""","""","""""
"Euglenophyceae,""Phacus circumflexus"","""","""","""""
"Euglenophyceae,""Phacus curvicauda"","""","""","""""
"Euglenophyceae,""Phacus inflexus"","""","""","""""
"Euglenophyceae,""Phacus longicauda"",""1"",""1"","""""
"Euglenophyceae,""Phacus mirabilis"","""","""","""""
"Euglenophyceae,""Phacus orbicularis"",""0"",""1"","""""
"Euglenophyceae,""Phacus platyaulax"",""0"",""1"","""""
"Euglenophyceae,""Phacus pleuronectes"",""1"",""1"","""""
"Euglenophyceae,""Phacus pseudonordstedtii"",""1"",""1"","""""
"Euglenophyceae,""Phacus pusillus"",""0"",""1"","""""
"Euglenophyceae,""Phacus pyrum"",""1"",""1"","""""
"Euglenophyceae,""Phacus skujae"","""","""","""""
"Euglenophyceae,""Phacus suecicus"",""0"",""1"","""""
"Euglenophyceae,""Phacus tortuosus"","""","""","""""
"Euglenophyceae,""Phacus tortus"",""0"",""1"","""""
"Euglenophyceae,""Phacus triqueter"",""1"",""1"","""""
"Euglenophyceae,""Phacus wettsteinii"","""","""","""""
"Euglenophyceae,""Rhabdomonas incurva"",""0"",""0"","""""
"Euglenophyceae,""Strombomonas acuminata"","""","""","""""
"Euglenophyceae,""Strombomonas fluviatilis"","""","""","""""
"Euglenophyceae,""Strombomonas maxima"","""","""","""""
"Euglenophyceae,""Strombomonas urceolata"","""","""","""""
"Euglenophyceae,""Strombomonas verrucosa"","""","""","""""
"Euglenophyceae,""Trachelomonas abrupta"","""","""","""""
"Euglenophyceae,""Trachelomonas acanthostoma"","""","""","""""
"Euglenophyceae,""Trachelomonas aculeata"",""1"",""0"","""""
"Euglenophyceae,""Trachelomonas armata"","""","""","""""
"Euglenophyceae,""Trachelomonas australica"","""","""","""""
"Euglenophyceae,""Trachelomonas bernardinensis"","""","""","""""
"Euglenophyceae,""Trachelomonas cervicula"","""","""","""""
"Euglenophyceae,""Trachelomonas crebea"","""","""","""""
"Euglenophyceae,""Trachelomonas cylindrica"","""","""","""""
"Euglenophyceae,""Trachelomonas furcata"","""","""","""""
"Euglenophyceae,""Trachelomonas granulata"","""","""","""""
"Euglenophyceae,""Trachelomonas hispida"",""1"",""0"","""""
"Euglenophyceae,""Trachelomonas intermedia"","""","""","""""
"Euglenophyceae,""Trachelomonas kellogii"","""","""","""""
"Euglenophyceae,""Trachelomonas lacustris"","""","""","""""
"Euglenophyceae,""Trachelomonas lefèvrei"","""","""","""""
"Euglenophyceae,""Trachelomonas oblonga"",""1"",""0"","""""
"Euglenophyceae,""Trachelomonas planktonica"","""","""","""""
"Euglenophyceae,""Trachelomonas pseudofelix"","""","""","""""
"Euglenophyceae,""Trachelomonas rugulosa"",""1"",""0"","""""
"Euglenophyceae,""Trachelomonas scabra"","""","""","""""
"Euglenophyceae,""Trachelomonas scabra  var. labiata"","""","""","""""
"Euglenophyceae,""Trachelomonas stokesiana"","""","""","""""
"Euglenophyceae,""Trachelomonas varians"","""","""","""""
"Euglenophyceae,""Trachelomonas verrucosa"",""1"",""0"","""""
"Euglenophyceae,""Trachelomonas volvocina"",""1"",""1"","""""
"Euglenophyceae,""Trachelomonas volvocina  var. punctata"","""","""","""""
"Euglenophyceae,""Trachelomonas volvocinopsis"",""1"",""0"","""""
"Euglenophyceae,""Trachelomonas woycickii"","""","""","""""
"Eustigmatophyceae,""Pseudotetraëdriella kamillae"","""","""","""""
"Fragilariophyceae,""Anisonema dexiotaxum"","""","""","""""
"Fragilariophyceae,""Anisonema emarginatum"","""","""","""""
"Fragilariophyceae,""Anisonema ovale"","""","""","""""
"Fragilariophyceae,""Anisonema pusillum"","""","""","""""
"Fragilariophyceae,""Asterionella ralfsii"",""0"",""0"","""""
"Fragilariophyceae,""Asterionellopsis glacialis"",""0"",""0"","""""
"Fragilariophyceae,""Asterionellopsis kariana"",""0"",""0"","""""
"Fragilariophyceae,""Delphineis surirella"",""0"",""0"","""""
"Fragilariophyceae,""Diatoma hyemalis"",""0"",""0"","""""
"Fragilariophyceae,""Diatoma hyemalis var. hyemalis"","""","""","""""
"Fragilariophyceae,""Diatoma moniliformis ssp. moniliformis"","""","""","""""
"Fragilariophyceae,""Euglena acus"",""1"",""1"","""""
"Fragilariophyceae,""Euglena acutissima"","""","""","""""
"Fragilariophyceae,""Euglena agilis"",""1"",""1"","""""
"Fragilariophyceae,""Euglena allorgei"","""","""","""""
"Fragilariophyceae,""Euglena antefossa"","""","""","""""
"Fragilariophyceae,""Euglena charkowiensis"","""","""","""""
"Fragilariophyceae,""Euglena deses"","""","""","""""
"Fragilariophyceae,""Euglena ehrenbergii"",""1"",""1"","""""
"Fragilariophyceae,""Euglena gasterosteus"",""1"",""1"","""""
"Fragilariophyceae,""Euglena geniculata"","""","""","""""
"Fragilariophyceae,""Euglena gracilis"",""1"",""1"","""""
"Fragilariophyceae,""Euglena granulata"",""1"",""1"","""""
"Fragilariophyceae,""Euglena hemichromata"",""1"",""1"","""""
"Fragilariophyceae,""Euglena intermedia"","""","""","""""
"Fragilariophyceae,""Euglena klebsii"","""","""","""""
"Fragilariophyceae,""Euglena mutabilis"",""1"",""1"","""""
"Fragilariophyceae,""Euglena oblonga"","""","""","""""
"Fragilariophyceae,""Euglena obtusa"","""","""","""""
"Fragilariophyceae,""Euglena oxyuris"",""1"",""1"","""""
"Fragilariophyceae,""Euglena oxyuris  v. minor"","""","""","""""
"Fragilariophyceae,""Euglena pisciformis"",""1"",""1"","""""
"Fragilariophyceae,""Euglena polymorpha"","""","""","""""
"Fragilariophyceae,""Euglena proxima"",""1"",""1"","""""
"Fragilariophyceae,""Euglena sanguinea"","""","""","""""
"Fragilariophyceae,""Euglena spatirhyncha"","""","""","""""
"Fragilariophyceae,""Euglena spirogyra"",""1"",""1"","""""
"Fragilariophyceae,""Euglena spiroides"","""","""","""""
"Fragilariophyceae,""Euglena subehrenbergii"","""","""","""""
"Fragilariophyceae,""Euglena texta"","""","""","""""
"Fragilariophyceae,""Euglena tripteris"",""1"",""1"","""""
"Fragilariophyceae,""Euglena variabilis"",""1"",""1"","""""
"Fragilariophyceae,""Euglena viridis"",""1"",""1"","""""
"Fragilariophyceae,""Fragilaria alpestris"","""","""","""""
"Fragilariophyceae,""Fragilaria austriaca"","""","""","""""
"Fragilariophyceae,""Fragilaria biceps"",""0"",""0"","""""
"Fragilariophyceae,""Fragilaria capucina"",""1"",""1"","""""
"Fragilariophyceae,""Fragilaria capucina var. capucina"","""","""","""""
"Fragilariophyceae,""Fragilaria construens f. binodis"",""1"",""1"","""""
"Fragilariophyceae,""Fragilaria construens f. construens"","""","""","""""
"Fragilariophyceae,""Fragilaria mesolepta"","""","""","""""
"Fragilariophyceae,""Fragilaria parasitica"",""0"",""0"","""""
"Fragilariophyceae,""Fragilaria perminuta"","""","""","""""
"Fragilariophyceae,""Fragilaria ulna angustissima - Sippen"",""1"",""1"","""""
"Fragilariophyceae,""Fragilaria ulna oxyrhynchus - Sippen"","""","""","""""
"Fragilariophyceae,""Fragilaria virescens var. virescens"","""","""","""""
"Fragilariophyceae,""Komvophoron constrictum"",""0"",""0"","""""
"Fragilariophyceae,""Komvophoron minutum"","""","""","""""
"Fragilariophyceae,""Lepocinclis acus"",""1"",""1"","""""
"Fragilariophyceae,""Lepocinclis fusiformis"","""","""","""""
"Fragilariophyceae,""Lepocinclis ovum"",""1"",""0"","""""
"Fragilariophyceae,""Lepocinclis oxyuris"",""1"",""1"","""""
"Fragilariophyceae,""Lepocinclis spirogyroides"",""1"",""1"","""""
"Fragilariophyceae,""Lepocinclis steinii"",""1"",""0"","""""
"Fragilariophyceae,""Lepocinclis texta"","""","""","""""
"Fragilariophyceae,""Lepocinclis tripteris"",""1"",""1"","""""
"Fragilariophyceae,""Leptolyngbya angustissima"","""","""","""""
"Fragilariophyceae,""Leptolyngbya ercegovicii"","""","""","""""
"Fragilariophyceae,""Leptolyngbya foveolarum"","""","""","""""
"Fragilariophyceae,""Leptolyngbya fragilis"","""","""","""""
"Fragilariophyceae,""Leptolyngbya tenuis"",""0"",""1"","""""
"Fragilariophyceae,""Oscillatoria anguina"","""","""","""""
"Fragilariophyceae,""Oscillatoria annae"","""","""","""""
"Fragilariophyceae,""Oscillatoria janus"","""","""","""""
"Fragilariophyceae,""Oscillatoria limosa"",""0"",""1"","""""
"Fragilariophyceae,""Oscillatoria princeps"",""0"",""1"","""""
"Fragilariophyceae,""Oscillatoria quadripunctata"","""","""","""""
"Fragilariophyceae,""Oscillatoria sancta"","""","""","""""
"Fragilariophyceae,""Oscillatoria subbrevis"","""","""","""""
"Fragilariophyceae,""Oscillatoria trichoides"",""0"",""1"","""""
"Fragilariophyceae,""Phormidium amoenum"","""","""","""""
"Fragilariophyceae,""Phormidium breve"","""","""","""""
"Fragilariophyceae,""Phormidium chalybeum"","""","""","""""
"Fragilariophyceae,""Phormidium chlorinum"",""0"",""0"","""""
"Fragilariophyceae,""Phormidium formosum"",""0"",""0"","""""
"Fragilariophyceae,""Phormidium limosum"","""","""","""""
"Fragilariophyceae,""Pseudanabaena acicularis"",""0"",""0"","""""
"Fragilariophyceae,""Pseudanabaena amphigranulata"","""","""","""""
"Fragilariophyceae,""Pseudanabaena arcuata"","""","""","""""
"Fragilariophyceae,""Pseudanabaena articulata"",""0"",""0"","""""
"Fragilariophyceae,""Pseudanabaena frigida"","""","""","""""
"Fragilariophyceae,""Pseudanabaena galeata"",""0"",""0"","""""
"Fragilariophyceae,""Pseudanabaena mucicola"",""0"",""1"","""""
"Imbricatea,""Sphenoderia dentata"","""","""","""""
"Klebsormidiophyceae,""Elakatothrix biplex"",""1"",""1"","""""
"Klebsormidiophyceae,""Elakatothrix gelatinosa"",""1"",""1"","""""
"Klebsormidiophyceae,""Elakatothrix genevensis"",""1"",""1"","""""
"Klebsormidiophyceae,""Elakatothrix lacustris"","""","""","""""
"Klebsormidiophyceae,""Elakatothrix spirochroma"",""1"",""1"","""""
"Klebsormidiophyceae,""Elakatothrix viridis"",""1"",""1"","""""
"Klebsormidiophyceae,""Koliella longiseta"",""0"",""1"","""""
"Klebsormidiophyceae,""Koliella planctonica"",""0"",""0"","""""
"Klebsormidiophyceae,""Koliella planktonica"","""","""","""""
"Klebsormidiophyceae,""Koliella setiformis"","""","""","""""
"Klebsormidiophyceae,""Koliella spiculiformis"",""0"",""0"","""""
"Klebsormidiophyceae,""Koliella spiralis"",""0"",""0"","""""
"Klebsormidiophyceae,""Koliella spirotaenia"",""0"",""0"","""""
"Mediophyceae,""Ditylum brightwellii"",""0"",""0"","""""
"Mediophyceae,""Helicotheca tamesis"",""0"",""0"","""""
"Mediophyceae,""Lithodesmium undulatum"",""0"",""0"","""""
"Oomycetes,""Ducellieria chodatii"","""","""","""""
"Pedinophyceae,""Pedinomonas minutissima"","""","""","""""
"Prasinophyceae,""Mantoniella squamata"","""","""","""""
"Prasinophyceae,""Micromonas pusilla"","""","""","""""
"Prasinophyceae,""Monomastix astigmata"","""","""","""""
"Prasinophyceae,""Myochloris collorhynchus"","""","""","""""
"Prasinophyceae,""Nephroselmis discoidea"","""","""","""""
"Prasinophyceae,""Nephroselmis minuta"","""","""","""""
"Prasinophyceae,""Nephroselmis olivacea"",""0"",""1"","""""
"Prasinophyceae,""Nephroselmis pyriformis"","""","""","""""
"Prasinophyceae,""Pyramimonas inconstans"","""","""","""""
"Prasinophyceae,""Pyramimonas tertrarhynchus"","""","""","""""
"Prasinophyceae,""Scourfieldia complanata"",""0"",""0"","""""
"Prasinophyceae,""Scourfieldia conica"",""0"",""0"","""""
"Prasinophyceae,""Scourfieldia cordiformis"",""0"",""1"","""""
"Protozoa,""Cryptaulax vulgaris"","""","""","""""
"Protozoa,""Gyromitus cordiformis"",""0"",""0"","""""
"Protozoa,""Gyromitus disomatus"",""0"",""0"","""""
"Protozoa,""Lieberkuehnia wageneri"","""","""","""""
"Protozoa,""Paramastix conifera"","""","""","""""
"Protozoa,""Phryganella hemisphaerica"","""","""","""""
"Protozoa,""Phyllomitus apiculatus"","""","""","""""
"Protozoa,""Pseudophyllomitus"","""","""","""""
"Protozoa,""Pseudophyllomitus apiculatus"",""0"",""0"","""""
"Protozoa,""Trachelophyllum sigmoides"","""","""","""""
"Raphidophyceae,""Gonyostomum latum"","""","""","""""
"Raphidophyceae,""Gonyostomum semen"","""","""","""""
"Raphidophyceae,""Merotricha capitata"","""","""","""""
"Raphidophyceae,""Vacuolaria virescens"","""","""","""""
"Raphidophyceae,""Vacuolaria viridis"","""","""","""""
"Trebouxiophyceae,""Chlorella ellipsoidea"",""0"",""1"","""""
"Trebouxiophyceae,""Chlorella minutissima"",""0"",""1"","""""
"Trebouxiophyceae,""Chlorella vulgaris"",""0"",""1"","""""
"Trebouxiophyceae,""Choricystis chodatii"",""0"",""0"","""""
"Trebouxiophyceae,""Choricystis coccoides"","""","""","""""
"Trebouxiophyceae,""Choricystis komarekii"",""0"",""0"","""""
"Trebouxiophyceae,""Choricystis minor"",""0"",""0"","""""
"Trebouxiophyceae,""Eremosphaera viridis"","""","""","""""
"Trebouxiophyceae,""Marvania geminata"",""0"",""0"","""""
"Trebouxiophyceae,""Neglectella peisonis"","""","""","""""
"Trebouxiophyceae,""Rayssiella hemisphaerica"","""","""","""""
"Trebouxiophyceae,""Saturnella corticola"","""","""","""""
"Trebouxiophyceae,""Stichococcus bacillaris"",""0"",""0"","""""
"Trebouxiophyceae,""Stichococcus contortus"",""0"",""1"","""""
"Trebouxiophyceae,""Stichococcus minor"",""0"",""0"","""""
"Trebouxiophyceae,""Stichococcus minutissimus"","""","""","""""
"Trebouxiophyceae,""Stichococcus pelagica"","""","""","""""
"Trebouxiophyceae,""Stichococcus pelagicus"",""0"",""1"","""""
"Ulvophyceae,""Binuclearia lauterbornii"",""1"",""1"","""""
"Ulvophyceae,""Binuclearia tatrana"","""","""","""""
"Ulvophyceae,""Catena viridis"",""0"",""0"","""""
"Ulvophyceae,""Gloeotila monospora"","""","""","""""
"Ulvophyceae,""Gloeotila pulchra"","""","""","""""
"Ulvophyceae,""Gloeotila spiralis"","""","""","""""
"Ulvophyceae,""Gloeotila subconstricta"",""0"",""0"","""""
"Ulvophyceae,""Gloeotila turfosa"",""0"",""0"","""""
"Ulvophyceae,""Microspora amoena"","""","""","""""
"Ulvophyceae,""Microspora floccosa"","""","""","""""
"Ulvophyceae,""Microspora pachyderma"","""","""","""""
"Ulvophyceae,""Microspora tumidula"","""","""","""""
"Ulvophyceae,""Planctonema lauterbornii"",""1"",""1"","""""
"Xanthophyceae,""Bumilleriopsis brevis"","""","""","""""
"Xanthophyceae,""Centritractus africanus"","""","""","""""
"Xanthophyceae,""Centritractus belenophorus"",""0"",""0"","""""
"Xanthophyceae,""Centritractus brunneus"","""","""","""""
"Xanthophyceae,""Centritractus dubius"","""","""","""""
"Xanthophyceae,""Centritractus ellipsoideus"","""","""","""""
"Xanthophyceae,""Centritractus rotundatus"","""","""","""""
"Xanthophyceae,""Chloridella cystiformis"","""","""","""""
"Xanthophyceae,""Chlorocloster minimus"","""","""","""""
"Xanthophyceae,""Chlorogibba allorgei"","""","""","""""
"Xanthophyceae,""Chlorogibba trochisciaformis"","""","""","""""
"Xanthophyceae,""Chlorogloea microcystoides"",""0"",""0"","""""
"Xanthophyceae,""Dichotomococcus capitatus"","""","""","""""
"Xanthophyceae,""Dichotomococcus curvatus"",""0"",""0"","""""
"Xanthophyceae,""Ellipsoidion perminutum"","""","""","""""
"Xanthophyceae,""Gloeobotrys limneticus"","""","""","""""
"Xanthophyceae,""Goniochloris contorta"","""","""","""""
"Xanthophyceae,""Goniochloris laevis"","""","""","""""
"Xanthophyceae,""Goniochloris mutica"",""1"",""1"","""""
"Xanthophyceae,""Goniochloris pseudogigas"","""","""","""""
"Xanthophyceae,""Goniochloris pulchra"",""1"",""0"","""""
"Xanthophyceae,""Goniochloris sculpta"",""1"",""0"","""""
"Xanthophyceae,""Goniochloris spinosa"",""0"",""0"","""""
"Xanthophyceae,""Heterothrix oligochloris"","""","""","""""
"Xanthophyceae,""Isthmochloron lobulatum"","""","""","""""
"Xanthophyceae,""Isthmochloron trispinatum"",""0"",""0"","""""
"Xanthophyceae,""Nephrodiella lunaris"","""","""","""""
"Xanthophyceae,""Nephrodiella semilunaris"","""","""","""""
"Xanthophyceae,""Ophiocytium capitatum"",""0"",""0"","""""
"Xanthophyceae,""Ophiocytium parvulum"","""","""","""""
"Xanthophyceae,""Polygoniochloris circularis"",""0"",""0"","""""
"Xanthophyceae,""Polygoniochloris tetragona"","""","""","""""
"Xanthophyceae,""Pseudogoniochloris tripus"",""1"",""1"","""""
"Xanthophyceae,""Pseudopolyedriopsis skujae"",""0"",""0"","""""
"Xanthophyceae,""Pseudostaurastrum enorme"","""","""","""""
"Xanthophyceae,""Pseudostaurastrum hastatum"",""0"",""0"","""""
"Xanthophyceae,""Pseudostaurastrum limneticum"",""0"",""0"","""""
"Xanthophyceae,""Pseudostaurastrum planctonicum"","""","""","""""
"Xanthophyceae,""Tetraedriella tumidula"",""0"",""0"","""""
"Xanthophyceae,""Tetraplektron acutum"","""","""","""""
"Xanthophyceae,""Tetraplektron laevis"",""0"",""0"","""""
"Xanthophyceae,""Tetraplektron torsum"","""","""","""""
"Xanthophyceae,""Tetraplektron tribulus"",""0"",""0"","""""
"Xanthophyceae,""Tetraëdriella jovetii"",""0"",""0"","""""
"Xanthophyceae,""Tetraëdriella patiens"","""","""","""""
"Xanthophyceae,""Tetraëdriella polychloris"","""","""","""""
"Xanthophyceae,""Tetraëdriella puriens"","""","""","""""
"Xanthophyceae,""Tetraëdriella quadriseta"","""","""","""""
"Xanthophyceae,""Tetraëdriella regularis"","""","""","""""
"Xanthophyceae,""Tetraëdriella spinigera"",""0"",""0"","""""
"Xanthophyceae,""Trachydiscus ellipsoideus"","""","""","""""
"Xanthophyceae,""Trachydiscus lenticularis"","""","""","""""
"Xanthophyceae,""Trachydiscus sexangulatus"",""1"",""1"","""""
