"scientificName","country_occurrence","internalTaxonId","assessmentId","URL","invaded_country"
"Abbottina rivularis","China; Japan; Korea; Democratic People's Republic of; Republic of; Russian Federation; Viet Nam","166007","1105303","https://www.iucnredlist.org/species/pdf/1105303","Kazakhstan; Lao People's Democratic Republic; Thailand; Turkmenistan; Uzbekistan"
"Abramis brama","Afghanistan; Albania; Armenia; Austria; Azerbaijan; Belarus; Belgium; Bosnia and Herzegovina; Bulgaria; Croatia; Czechia; Denmark; Estonia; Finland; France ); Georgia; Germany; Greece ); Hungary; Iran; Islamic Republic of; Kazakhstan; Latvia; Liechtenstein; Lithuania; Luxembourg; Moldova; Montenegro; Netherlands; North Macedonia; Norway; Poland; Romania; Russian Federation; Serbia; Slovakia; Slovenia; Sweden; Switzerland; Turkmenistan; Türkiye; Ukraine; United Kingdom; Uzbekistan","135696","135068434","https://www.iucnredlist.org/species/pdf/135068434","China; Ireland; Italy; Mongolia; Russian
Federation; Spain; United Kingdom"
"Abramites hypselonotus","Argentina; Bolivia; Plurinational States of; Brazil; Colombia ); Ecuador ); Guyana; Paraguay;","49830259","158549868","https://www.iucnredlist.org/species/pdf/158549868","South; America; Amazon; Orinoco; Paraguay; Paraná; Garavello"
"Acantharchus pomotis","United States","201938","2730636","https://www.iucnredlist.org/species/pdf/2730636","Atlantic; Coastal; Plain; Piedmont; Hudson; River; York; St."
"Acanthobrama lissneri","Israel; Jordan; Palestinian Territory; Occupied; Syrian Arab Republic","60802","19008348","https://www.iucnredlist.org/species/pdf/19008348","Jordan; River; Syria."
"Acanthobrama microlepis","Armenia; Azerbaijan; Georgia; Iran; Islamic Republic of; Turkey","19017703","19222713","https://www.iucnredlist.org/species/pdf/19222713","NA"
"Acanthogobius flavimanus","China; Hong Kong; Japan; Korea; Democratic People's Republic of; Republic of; Russian Federation; Viet Nam","181137","159666916","https://www.iucnredlist.org/species/pdf/159666916","Australia; Mexico; United States"
"Acantopsis dialuzona","Indonesia; Malaysia  Native","181193","89812191","https://www.iucnredlist.org/species/pdf/89812191","NA"
"Acarichthys heckelii","Brazil; Colombia; Guyana; Peru","49830506","158816628","https://www.iucnredlist.org/species/pdf/158816628","Least; Concern.; Amazon; Essequibo; River; Putumayo; Trombetas; Negro; Xingu; Tocantins; Capim; Branco; Brazil; Guyana."
"Acestrorhynchus pantaneiro","Argentina; Bolivia; Plurinational States of; Brazil; Paraguay; Uruguay","186654","1816367","https://www.iucnredlist.org/species/pdf/1816367","Parana-Paraguay"
"Acheilognathus asmussii","China; Russian Federation","159614502","159614545","https://www.iucnredlist.org/species/pdf/159614545","NA"
"Acheilognathus cyanostigma","Japan (Honshu; Kyushu -","114639398","114639410","https://www.iucnredlist.org/species/pdf/114639410","Nobi; Plain; Yahagi; River; Lake; Mikata; Midori; Ayu; Institute; Environmental; Studies"
"Acheilognathus macropterus","Japan (Honshu; Kyushu -","166130","6180738","https://www.iucnredlist.org/species/pdf/6180738","NA"
"Acheilognathus tabira","Japan","122055065","122055069","https://www.iucnredlist.org/species/pdf/122055069","NA"
"Acheilognathus typus","Japan","114639882","114639912","https://www.iucnredlist.org/species/pdf/114639912","NA"
"Achondrostoma arcasii","Japan","275787647","275869011","https://www.iucnredlist.org/species/pdf/275869011","NA"
"Acipenser baerii","Kazakhstan; Russian Federation Native; Possibly","244","156718817","https://www.iucnredlist.org/species/pdf/156718817","NA"
"Acipenser fulvescens","Canada; United States  Native; Extinct: United States","223","58134229","https://www.iucnredlist.org/species/pdf/58134229","NA"
"Acipenser gueldenstaedtii","Azerbaijan; Bulgaria; Georgia; Kazakhstan; Russian Federation","232","135063140","https://www.iucnredlist.org/species/pdf/135063140","NA"
"Acipenser naccarii","Albania; Bosnia and Herzegovina; Croatia; Greece ); Montenegro","224","135061929","https://www.iucnredlist.org/species/pdf/135061929","NA"
"Acipenser nudiventris","Georgia; Kazakhstan Native; Possibly Extinct: Azerbaijan; Iran; Islamic Republic of; Russian Federation Native; Extinct: Austria; Bulgaria; Croatia; Hungary; Romania; Serbia; Slovakia; Slovenia; Türkiye; Ukraine; Uzbekistan","225","227579266","https://www.iucnredlist.org/species/pdf/227579266","China; Lake; Balkhash; Illi; River; China."
"Acipenser oxyrinchus","Canada; United States  Native; Possibly Extinct: Latvia; Lithuania; Poland; Russian Federation; Sweden Native; Extinct: Belarus Possibly Extinct & Reintroduced: Germany Possibly Extinct & Vagrant: Denmark; Estonia; Finland; Norway FAO Marine Fishing Areas: Native: Atlantic - northwest Native: Atlantic - western central Native: Atlantic - northwest Native: Atlantic - western central","245","2785934","https://www.iucnredlist.org/species/pdf/2785934","NA"
"Acipenser ruthenus","Austria; Azerbaijan; Belarus; Bosnia and Herzegovina; Bulgaria; China; Croatia; Germany; Hungary; Kazakhstan; Moldova; Romania; Russian Federation; Serbia; Slovenia; Ukraine","227","135062526","https://www.iucnredlist.org/species/pdf/135062526","NA"
"Acipenser sinensis","China  Native","236","219152605","https://www.iucnredlist.org/species/pdf/219152605","NA"
"Acipenser stellatus","Azerbaijan; Bulgaria; Georgia; Iran; Islamic Republic of; Kazakhstan; Moldova; Romania; Russian Federation; Serbia; Turkey Native","229","135062806","https://www.iucnredlist.org/species/pdf/135062806","NA"
"Acipenser transmontanus","Canada; United States  FAO Marine Fishing Areas: Native: Pacific - eastern central Native: Pacific - northeast Native: Pacific - eastern central Native: Pacific - northeast","234","97440736","https://www.iucnredlist.org/species/pdf/97440736","NA"
"Acorus calamus","Bangladesh; Belarus; Cambodia; Canada; China; Georgia; Hong Kong; India; Indonesia; Japan; Kazakhstan; Korea; Democratic People's Republic of; Republic of; Lao People's Democratic Republic; Malaysia; Mongolia; Myanmar; Nepal; Philippines; Russian Federation; Sri Lanka; Thailand; Turkey; United States (Alabama -","168639","43116307","https://www.iucnredlist.org/species/pdf/43116307","NA"
"Acorus gramineus","Bangladesh; Cambodia; China; India; Japan; Korea; Republic of; Lao People's Democratic Republic; Myanmar; Philippines; Russian Federation; Taiwan; Province of China; Thailand; Viet Nam","169076","6561091","https://www.iucnredlist.org/species/pdf/6561091","NA"
"Acrocephalus arundinaceus","Denmark; France; Greece; Iran; Islamic Republic of; Iraq; Italy; Kuwait; Lebanon; Oman; Portugal; Spain; Syrian Arab Republic Native","104317670","281016358","https://www.iucnredlist.org/species/pdf/281016358","NA"
"Acroceras zizanioides","Argentina; Bangladesh; Belize; Benin; Bolivia; Plurinational States of; Brazil; Burkina Faso; Burundi; Cameroon; Central African Republic; Chad; Colombia; Congo; The Democratic Republic of the; Costa Rica; Cuba; Côte d'Ivoire; Dominica; Dominican Republic; Ecuador; Equatorial Guinea; Ethiopia; French Guiana; Gabon; Gambia; Ghana; Guatemala; Guinea; Guinea-Bissau; Guyana; Haiti; Honduras; India; Jamaica; Liberia; Mali; Mexico; Mozambique; Myanmar; Nicaragua; Nigeria; Panama; Papua New Guinea; Paraguay; Peru; Sao Tome and Principe; Senegal; Sierra Leone; South Sudan; Sudan; Suriname; Tanzania; United Republic of; Thailand; Togo; Trinidad and Tobago; Uganda; Uruguay; Venezuela; Bolivarian Republic of; Viet Nam","44392329","140429267","https://www.iucnredlist.org/species/pdf/140429267","Africa; Asia; America."
"Acrostichum aureum","Angola; Anguilla; Antigua and Barbuda; Australia; Bahamas; Bangladesh; Barbados; Belize; Benin; Brazil; Brunei Darussalam; Cameroon; Cayman Islands; Colombia; Comoros; Congo; The Democratic Republic of the; Costa Rica; Côte d'Ivoire; Cuba; Dominica; Dominican Republic; Ecuador; Equatorial Guinea; France; Gabon; Gambia; Ghana; Grenada; Guadeloupe; Guatemala; Guinea; Guinea-Bissau; Guyana; Haiti; Honduras; India; Indonesia; Jamaica; Kenya; Liberia; Madagascar; Malaysia; Maldives; Martinique; Mayotte; Mexico; Montserrat; Mozambique; Myanmar; Nicaragua; Nigeria; Palau; Panama; Papua New Guinea; Philippines; Puerto Rico; Saint Kitts and Nevis; Saint Lucia; Saint Vincent and the Grenadines; Sao Tomé and Principe; Senegal; Seychelles; Sierra Leone; Singapore; South Africa; Sri Lanka; Tanzania; United Republic of; Thailand; Togo; Trinidad and Tobago; United States; United States Minor Outlying Islands; Venezuela; Bolivarian Republic of; Viet Nam; Virgin Islands; British FAO Marine Fishing Areas: Native: Atlantic - eastern central; Atlantic - southeast; Atlantic - western central; Indian Ocean - eastern; Indian Ocean - western; Pacific - northwest; Pacific - western central","177110","7366131","https://www.iucnredlist.org/species/pdf/7366131","NA"
"Actophilornis africanus","South Sudan Native","22693528","265020215","https://www.iucnredlist.org/species/pdf/265020215","NA"
"Aequidens plagiozonatus","Bolivia; Plurinational States of; Brazil","162751729","162751736","https://www.iucnredlist.org/species/pdf/162751736","NA"
"Agamyxis pectinifrons","Bolivia; Plurinational States of; Brazil; Colombia; Peru; Venezuela; Bolivarian Republic of","49830004","158819852","https://www.iucnredlist.org/species/pdf/158819852","NA"
"Agelaius phoeniceus","Bahamas; Belize; Canada; Costa Rica; El Salvador; Guatemala; Honduras; Mexico; Nicaragua; Saint Pierre and Miquelon; Turks and Caicos Islands; United States Vagrant: Trinidad and Tobago","22724191","132027891","https://www.iucnredlist.org/species/pdf/132027891","NA"
"Ageneiosus inermis","Argentina; Bolivia; Plurinational States of; Brazil; Colombia; French Guiana; Guyana; Paraguay; Peru; Suriname; Uruguay; Venezuela; Bolivarian Republic of","49829721","91628940","https://www.iucnredlist.org/species/pdf/91628940","South; America."
"Ageneiosus ucayalensis","Bolivia; Plurinational States of; Brazil; Colombia; Ecuador; Guyana; Peru; Suriname; Venezuela; Bolivarian Republic of","186336","1811511","https://www.iucnredlist.org/species/pdf/1811511","Least; Concern."
"Agosia chrysogaster","Mexico; United States","191246","129628655","https://www.iucnredlist.org/species/pdf/129628655","NA"
"Aix galericulata","China; Japan; Korea; Democratic People's Republic of; Republic of; Russian Federation; Taiwan; Province of China","22680107","131911544","https://www.iucnredlist.org/species/pdf/131911544","NA"
"Aix sponsa","Canada; Cuba; Mexico; United States Native","22680104","136999461","https://www.iucnredlist.org/species/pdf/136999461","NA"
"Alasmidonta marginata","Canada; United States","779","69490612","https://www.iucnredlist.org/species/pdf/69490612","NA"
"Alburnoides bipunctatus","Austria; Belarus; Belgium; Bosnia and Herzegovina; Bulgaria; Croatia; Czechia; France ); Germany; Hungary; Liechtenstein; Luxembourg; Moldova; Montenegro; Netherlands; Poland; Romania; Serbia; Slovakia; Slovenia; Switzerland; Ukraine","184450","137349665","https://www.iucnredlist.org/species/pdf/137349665","Central; Western; Europe; Bay; Biscay; North; Baltic; Mediterranean; Black"
"Alburnoides taeniatus","Afghanistan; Kazakhstan; Kyrgyzstan; Tajikistan; Turkmenistan; Uzbekistan","131010092","156727662","https://www.iucnredlist.org/species/pdf/156727662","NA"
"Alburnus albidus","Italy )","788","137218178","https://www.iucnredlist.org/species/pdf/137218178","NA"
"Alburnus alburnus","Austria; Belarus; Belgium; Bosnia and Herzegovina; Bulgaria; Croatia; Czechia; Denmark; Estonia; Finland; France ); Germany; Greece ); Hungary; Kazakhstan; Latvia; Liechtenstein; Lithuania; Luxembourg; Moldova; Montenegro; Netherlands; North Macedonia; Norway; Poland; Romania; Russian Federation; Serbia; Slovakia; Slovenia; Sweden; Switzerland; Türkiye; Ukraine; United Kingdom","789","135064432","https://www.iucnredlist.org/species/pdf/135064432","Algeria; Morocco; Portugal; Russian Federation; Spain"
"Alburnus arborella","Croatia; Italy ); San Marino; Slovenia; Switzerland","135670","135068281","https://www.iucnredlist.org/species/pdf/135068281","Italy"
"Alburnus chalcoides","Azerbaijan; Iran; Islamic Republic of; Kazakhstan; Russian Federation; Turkmenistan","135499","135067276","https://www.iucnredlist.org/species/pdf/135067276","NA"
"Alburnus hohenackeri","Armenia; Azerbaijan; Georgia; Iran; Islamic Republic of; Russian Federation","135532","4139591","https://www.iucnredlist.org/species/pdf/4139591","NA"
"Alburnus tarichi","Turkey","4375","19222678","https://www.iucnredlist.org/species/pdf/19222678","NA"
"Alisma gramineum","Austria; Belarus; Belgium; Bulgaria; Czech Republic; Estonia; France; Germany; Greece ); Hungary; Italy ); Latvia; Lithuania; Moldova; Netherlands; Poland; Slovakia; Switzerland; Ukraine ); United Kingdom Regionally extinct: Denmark; Sweden","164301","42331855","https://www.iucnredlist.org/species/pdf/42331855","NA"
"Alisma lanceolatum","Afghanistan; Albania; Armenia; Austria; Azerbaijan; Belarus; Belgium; Bosnia and Herzegovina; Bulgaria; Croatia; Cyprus; Czech Republic; Denmark; Estonia; Finland; France ); Germany; Greece; Kriti); Greenland; Guernsey; Hungary; Iran; Islamic Republic of; Iraq; Ireland; Isle of Man; Israel; Italy; Sardegna; Sicilia); Jersey; Kazakhstan; Latvia; Liechtenstein; Lithuania; Luxembourg; Macedonia; the former Yugoslav Republic of; Malta; Moldova; Montenegro; Netherlands; Pakistan; Poland; Portugal ); Romania; Russian Federation; Serbia; Slovakia; Slovenia; Spain ); Sweden; Switzerland; Turkey; Ukraine ); United Kingdom","163974","42307131","https://www.iucnredlist.org/species/pdf/42307131","NA"
"Alligator mississippiensis","United States","46583","3009637","https://www.iucnredlist.org/species/pdf/3009637",""
"Alopochen aegyptiaca","Angola; Botswana; Burkina Faso; Burundi; Cameroon; Central African Republic; Chad; Congo; The Democratic Republic of the; Djibouti; Egypt; Equatorial Guinea; Eritrea; Eswatini; Ethiopia; Gabon; Gambia; Guinea; Guinea-Bissau; Kenya; Lesotho; Malawi; Mali; Mauritania; Mozambique; Namibia; Niger; Nigeria; Rwanda; Senegal; Somalia; South Africa; South Sudan; Sudan; Tanzania; United Republic of; Tunisia; Uganda; Zambia; Zimbabwe Regionally extinct: Israel","22679993","131910647","https://www.iucnredlist.org/species/pdf/131910647","NA"
"Alosa aestivalis","Canada; United States FAO Marine Fishing Areas: Native: Atlantic - northwest; Atlantic - western central","201946","2730890","https://www.iucnredlist.org/species/pdf/2730890","NA"
"Alosa caspia","Azerbaijan; Iran; Islamic Republic of; Kazakhstan; Russian Federation; Turkmenistan","135548","102877643","https://www.iucnredlist.org/species/pdf/102877643","NA"
"Alosa chrysochloris","United States FAO Marine Fishing Areas: Native: Atlantic - western central","196673","143863055","https://www.iucnredlist.org/species/pdf/143863055","Least; Concern."
"Alosa immaculata","Bulgaria; Georgia; Romania; Russian Federation; Türkiye; Ukraine Native","907","102877816","https://www.iucnredlist.org/species/pdf/102877816","NA"
"Alosa kessleri","Azerbaijan; Iran; Islamic Republic of; Kazakhstan; Russian Federation; Turkmenistan Native","135537","102878043","https://www.iucnredlist.org/species/pdf/102878043","NA"
"Alosa pseudoharengus","Canada; United States","201948","18235694","https://www.iucnredlist.org/species/pdf/18235694","NA"
"Alosa sapidissima","Canada; United States","191206","82664336","https://www.iucnredlist.org/species/pdf/82664336","Least; Concern."
"Altolamprologus compressiceps","Burundi; Congo; The Democratic Republic of the; Tanzania; United Republic of; Zambia","60454","47190193","https://www.iucnredlist.org/species/pdf/47190193","Lake; Tanganyika"
"Alytes obstetricans","Belgium; France ); Germany; Luxembourg; Netherlands; Portugal ); Spain ); Switzerland","178591974","228179645","https://www.iucnredlist.org/species/pdf/228179645","United Kingdom"
"Amatitlania nigrofasciata","El Salvador; Guatemala; Honduras ); Iran; Islamic Republic of; United States","18242362","150106977","https://www.iucnredlist.org/species/pdf/150106977","Australia; Indonesia; Italy; Japan; Mexico; Philippines; Central; America; Guatemala; Honduras."
"Amazonetta brasiliensis","Argentina; Bolivia; Plurinational States of; Brazil; Colombia; French Guiana; Guyana; Paraguay; Peru; Suriname; Uruguay; Venezuela; Bolivarian Republic of","22680115","130025891","https://www.iucnredlist.org/species/pdf/130025891","NA"
"Ambassis macleayi","Australia; Papua New Guinea","169355","123379555","https://www.iucnredlist.org/species/pdf/123379555","NA"
"Ambloplites ariommus","United States","202423","2744251","https://www.iucnredlist.org/species/pdf/2744251","Gulf; Fall; Line; Apalachicola; River; Georgia; Florida; Mississippi; Louisiana; St."
"Ambloplites cavifrons","United States","1078","498639","https://www.iucnredlist.org/species/pdf/498639","NA"
"Ambloplites constellatus","United States","202424","2744324","https://www.iucnredlist.org/species/pdf/2744324","NA"
"Ambloplites rupestris","Canada; United States","202425","2744395","https://www.iucnredlist.org/species/pdf/2744395","NA"
"Ambystoma macrodactylum","Canada; United States","59063","196338222","https://www.iucnredlist.org/species/pdf/196338222","NA"
"Ambystoma maculatum","Canada; United States","59064","193224401","https://www.iucnredlist.org/species/pdf/193224401","NA"
"Ambystoma mexicanum","Mexico","1095","53947343","https://www.iucnredlist.org/species/pdf/53947343","NA"
"Ambystoma tigrinum","Canada; United States","83293207","196342827","https://www.iucnredlist.org/species/pdf/196342827","NA"
"Ameca splendens","Mexico","1117","500918","https://www.iucnredlist.org/species/pdf/500918","NA"
"Ameiurus brunneus","United States","202672","2746376","https://www.iucnredlist.org/species/pdf/2746376","NA"
"Ameiurus catus","United States","202673","2746463","https://www.iucnredlist.org/species/pdf/2746463","NA"
"Ameiurus melas","Canada; Mexico; United States","202674","2746540","https://www.iucnredlist.org/species/pdf/2746540","NA"
"Ameiurus natalis","Canada; United States","202675","2746631","https://www.iucnredlist.org/species/pdf/2746631","NA"
"Ameiurus nebulosus","Canada; United States","202676","2746713","https://www.iucnredlist.org/species/pdf/2746713","NA"
"Ameiurus platycephalus","United States","202677","2746797","https://www.iucnredlist.org/species/pdf/2746797","NA"
"Amia calva","Canada; United States","201942","2730796","https://www.iucnredlist.org/species/pdf/2730796","NA"
"Ammannia auriculata","Afghanistan; Angola; Argentina; Armenia; Australia; Benin; Bolivia; Plurinational States of; Botswana; Brazil; Burkina Faso; Burundi; Cameroon; Central African Republic; Chad; China; Colombia; Congo; The Democratic Republic of the; Costa Rica ); Cuba; Côte d'Ivoire; Ecuador ); Egypt ); El Salvador; Eritrea; Ethiopia; Georgia; Ghana; Guatemala; Guinea; Guinea-Bissau; Haiti; Honduras; Hong Kong; India; Iran; Islamic Republic of; Jamaica; Kenya; Macao; Malawi; Mali; Mauritania; Mexico; Mozambique; Namibia ); Nepal; Nicaragua; Niger; Nigeria; Oman; Pakistan; Panama; Paraguay; Peru; Philippines; Puerto Rico ); Rwanda; Réunion; Saudi Arabia; Senegal; Sierra Leone; South Africa; South Sudan; Sudan; Taiwan; Province of China; Tanzania; United Republic of; Togo; Uganda; United States; Venezuela; Bolivarian Republic of ); Yemen; Zambia; Zimbabwe","164059","140422162","https://www.iucnredlist.org/species/pdf/140422162","NA"
"Ammocrypta bifascia","United States","202427","2744548","https://www.iucnredlist.org/species/pdf/2744548","NA"
"Ammocrypta clara","United States","202428","2744621","https://www.iucnredlist.org/species/pdf/2744621","NA"
"Amniataba percoides","Australia (New South Wales -","123358775","123382836","https://www.iucnredlist.org/species/pdf/123382836","NA"
"Amphilophus citrinellus","Costa Rica ); Nicaragua )","18242650","150123297","https://www.iucnredlist.org/species/pdf/150123297","NA"
"Amphilophus trimaculatus","El Salvador; Guatemala; Mexico","192887","2179654","https://www.iucnredlist.org/species/pdf/2179654","NA"
"Ampullaceana balthica","Albania; Andorra; Austria; Belgium; Bulgaria; Czech Republic; Denmark; Estonia; Faroe Islands; Finland; France ); Georgia; Germany; Greece ); Hungary; Iran; Islamic Republic of; Ireland; Israel; Latvia; Lebanon; Liechtenstein; Lithuania; Luxembourg; Macedonia; the former Yugoslav Republic of; Malta; Netherlands; Norway; Poland; Portugal ); Romania; Russian Federation; Serbia; Slovakia; Spain ); Sweden; Switzerland; Syrian Arab Republic; Turkey; Ukraine; United Kingdom","155647","42430553","https://www.iucnredlist.org/species/pdf/42430553","NA"
"Anabas testudineus","Bangladesh; Brunei Darussalam; Cambodia; China; India; Indonesia; Lao People's Democratic Republic; Malaysia; Myanmar; Nepal; Pakistan; Singapore; Sri Lanka; Thailand; Viet Nam Native; Presence Uncertain: Bhutan","166543","174787197","https://www.iucnredlist.org/species/pdf/174787197","Indonesia; Papua New Guinea; Philippines; Pakistan; India; Bangladesh; Nepal; Bhutan; Sri; Lanka; Myanmar; Thailand; Cambodia; Laos; Vietnam; China; Malaysia; Brunei; Singapore; Philippines."
"Anablepsoides hartii","Trinidad and Tobago; Venezuela; Bolivarian Republic of  Native; Possibly","15350894","124940081","https://www.iucnredlist.org/species/pdf/124940081","NA"
"Anas acuta","Afghanistan; Albania; Algeria; Anguilla; Armenia; Austria; Azerbaijan; Bahamas; Bahrain; Bangladesh; Barbados; Belarus; Belgium; Belize; Benin; Bermuda; Bhutan; Bosnia and Herzegovina; Bulgaria; Burkina Faso; Burundi; Cambodia; Cameroon; Canada; Cayman Islands; Central African Republic; Chad; China; Colombia; Congo; The Democratic Republic of the; Costa Rica; Croatia; Cuba; Cyprus; Czechia; Denmark; Djibouti; Dominica; Dominican Republic; Egypt; El Salvador; Eritrea; Estonia; Ethiopia; Faroe Islands; Finland; France; Gambia; Georgia; Germany; Ghana; Greece; Greenland; Guam; Guatemala; Guinea; Guinea-Bissau; Guyana; Haiti; Honduras; Hong Kong; Hungary; Iceland; India; Indonesia; Iran; Islamic Republic of; Iraq; Ireland; Israel; Italy; Japan; Jordan; Kazakhstan; Kenya; Kiribati; Korea; Democratic People's Republic of; Republic of; Kuwait; Kyrgyzstan; Lao People's Democratic Republic; Latvia; Lebanon; Liberia; Libya; Liechtenstein; Lithuania; Luxembourg; Malaysia; Mali; Malta; Marshall Islands; Martinique; Mauritania; Mexico; Micronesia; Federated States of; Mongolia; Montenegro; Montserrat; Morocco; Myanmar; Nepal; Netherlands; Nicaragua; Niger; Nigeria; Northern Mariana Islands; North Macedonia; Norway; Oman; Pakistan; Palau; Palestine; State of; Panama; Philippines; Poland; Portugal; Puerto Rico; Qatar; Romania; Russian Federation; Rwanda; Saint Barthélemy; Saint Kitts and Nevis; Saint Lucia; Saint Pierre and Miquelon; Saint Vincent and the Grenadines; Saudi Arabia; Senegal; Serbia; Sierra Leone; Singapore; Slovakia; Slovenia; Somalia; South Africa; South Sudan; Spain; Sri Lanka; Sudan; Suriname; Svalbard and Jan Mayen; Sweden; Switzerland; Syrian Arab Republic; Taiwan; Province of China; Tajikistan; Tanzania; United Republic of; Thailand; Togo; Tunisia; Turkey; Turkmenistan; Turks and Caicos Islands; Uganda; Ukraine; United Arab Emirates; United Kingdom; United States; United States Minor Outlying Islands; Uzbekistan; Venezuela; Bolivarian Republic of; Viet Nam; Virgin Islands; British; U.S.; Western Sahara; Yemen; Zambia; Zimbabwe Vagrant: Antigua and Barbuda; Aruba; Australia; Botswana; Brazil; Brunei Darussalam; Cook Islands; Côte d'Ivoire; French Polynesia; Gabon; Guadeloupe; Jamaica; Malawi; Maldives; Papua New Guinea; Seychelles; Tonga; Trinidad and Tobago","22680301","153882797","https://www.iucnredlist.org/species/pdf/153882797","NA"
"Anas bahamensis","Anguilla; Antigua and Barbuda; Argentina; Aruba; Bahamas; Barbados; Bolivia; Plurinational States of; Bonaire; Sint Eustatius and Saba; Brazil; Cayman Islands; Chile; Colombia; Cuba; Curaçao; Dominica; Dominican Republic; Ecuador; French Guiana; Guyana; Haiti; Martinique; Montserrat; Paraguay; Peru; Puerto Rico; Saint Kitts and Nevis; Saint Lucia; Saint Vincent and the Grenadines; Sint Maarten; Suriname; Trinidad and Tobago; Turks and Caicos Islands; United States; Uruguay; Virgin Islands; British; U.S. Native","22680287","265001129","https://www.iucnredlist.org/species/pdf/265001129","NA"
"Anas capensis","Congo; The Democratic Republic of the Native","22680145","264976185","https://www.iucnredlist.org/species/pdf/264976185","NA"
"Anas castanea","Australia","22680277","253990498","https://www.iucnredlist.org/species/pdf/253990498","NA"
"Anas crecca","Albania; Antigua and Barbuda; Austria; Bahamas; Bahrain; Belgium; Belize; Bosnia and Herzegovina; Bulgaria; Croatia; Czechia; Denmark; Estonia; Finland; France; Germany; Greece; Guinea-Bissau; Hong Kong; Hungary; Iceland; Iran; Islamic Republic of; Ireland; Israel; Italy; Jordan; Korea; Democratic People's Republic of; Kuwait; Kyrgyzstan; Latvia; Lebanon; Lithuania; Maldives; Montenegro; Netherlands; North Macedonia; Norway; Oman; Poland; Romania; Saudi Arabia; Serbia; Seychelles; Slovakia; Slovenia; Spain; Sweden; Switzerland; Syrian Arab Republic; Tajikistan; Turkey; Turkmenistan; Ukraine; United Arab Emirates; United Kingdom; Western Sahara; Yemen Native","22680321","181692388","https://www.iucnredlist.org/species/pdf/181692388","NA"
"Anas eatoni","French Southern Territories","22680306","276941603","https://www.iucnredlist.org/species/pdf/276941603","Amsterdam; Island"
"Anas erythrorhyncha","Angola; Burundi; Congo; The Democratic Republic of the; Djibouti; Eritrea; Eswatini; Ethiopia; Kenya; Lesotho; Madagascar; Malawi; Mozambique; Namibia; Rwanda; Somalia; South Africa; Sudan; Tanzania; United Republic of; Uganda; Zimbabwe Native","22680290","264985091","https://www.iucnredlist.org/species/pdf/264985091","NA"
"Anas flavirostris","Argentina; Bolivia; Plurinational States of; Chile; Falkland Islands; South Georgia and the South Sandwich Islands Native","22736320","264994125","https://www.iucnredlist.org/species/pdf/264994125","NA"
"Anas fulvigula","Mexico; United States","22680178","180126280","https://www.iucnredlist.org/species/pdf/180126280","NA"
"Anas georgica","South Georgia and the South Sandwich Islands; Uruguay Native","22680310","264982969","https://www.iucnredlist.org/species/pdf/264982969","NA"
"Anas luzonica","Philippines","22680214","268091408","https://www.iucnredlist.org/species/pdf/268091408","NA"
"Anas platyrhynchos","Albania; Algeria; Armenia; Austria; Azerbaijan; Bahamas; Bangladesh; Belarus; Belgium; Belize; Bhutan; Bosnia and Herzegovina; Bulgaria; Canada; China; Croatia; Cuba; Cyprus; Czechia; Denmark; Egypt; Eritrea; Estonia; Ethiopia; Falkland Islands; Faroe Islands; Finland; France; Georgia; Germany; Greece; Greenland; Guatemala; Haiti; Honduras; Hong Kong; Hungary; Iceland; India; Iran; Islamic Republic of; Iraq; Ireland; Italy; Japan; Kenya; Korea; Republic of; Kuwait; Latvia; Lebanon; Libya; Liechtenstein; Lithuania; Luxembourg; Malaysia; Malta; Mauritania; Mexico; Moldova; Montenegro; Morocco; Myanmar; Nepal; Netherlands; Nicaragua; North Macedonia; Norway; Pakistan; Philippines; Poland; Portugal; Puerto Rico; Romania; Russian Federation; Saint Pierre and Miquelon; Serbia; Slovakia; Slovenia; Somalia; South Georgia and the South Sandwich Islands; Spain; Sudan; Sweden; Switzerland; Syrian Arab Republic; Taiwan; Province of China; Tunisia; Turks and Caicos Islands; Türkiye; Ukraine; United Arab Emirates; United Kingdom; Viet Nam Native","22680186","281835571","https://www.iucnredlist.org/species/pdf/281835571","Australia; New Zealand"
"Anas poecilorhyncha","Bangladesh; Cambodia; China; Hong Kong; India; Lao People's Democratic Republic; Myanmar; Nepal; Pakistan; Sri Lanka; Viet Nam Native","22736541","280979361","https://www.iucnredlist.org/species/pdf/280979361","NA"
"Anas rubripes","Saint Pierre and Miquelon Native","22680174","137023072","https://www.iucnredlist.org/species/pdf/137023072","NA"
"Anas sparsa","Angola; Botswana; Burundi; Cameroon; Congo; The Democratic Republic of the; Equatorial Guinea; Eritrea; Eswatini; Ethiopia; Gabon; Guinea; Kenya; Lesotho; Malawi; Mozambique; Namibia; Nigeria; Rwanda; South Sudan; Sudan; Tanzania; United Republic of; Uganda; Zambia; Zimbabwe Native","22680170","265015093","https://www.iucnredlist.org/species/pdf/265015093","NA"
"Anas superciliosa","Fiji; Marshall Islands; Timor-Leste Native","22680217","265017939","https://www.iucnredlist.org/species/pdf/265017939","NA"
"Anas undulata","South Africa Native","22680221","265018629","https://www.iucnredlist.org/species/pdf/265018629","NA"
"Anastomus lamelligerus","Angola; Benin; Botswana; Burkina Faso; Burundi; Cameroon; Central African Republic; Chad; Congo; The Democratic Republic of the; Côte d'Ivoire; Eritrea; Eswatini; Ethiopia; Gabon; Ghana; Kenya; Liberia; Madagascar; Malawi; Mali; Mozambique; Namibia; Niger; Nigeria; Rwanda; Senegal; Sierra Leone; Somalia; South Africa; South Sudan; Sudan; Tanzania; United Republic of; Togo; Uganda; Zambia; Zimbabwe Vagrant: Equatorial Guinea; Mauritania","22697664","132274733","https://www.iucnredlist.org/species/pdf/132274733","NA"
"Ancistrus chagresi","Panama","164693838","164695438","https://www.iucnredlist.org/species/pdf/164695438","NA"
"Ancistrus multispinis","Brazil","186436","1813032","https://www.iucnredlist.org/species/pdf/1813032","NA"
"Andinoacara latifrons","Colombia","64791010","64890430","https://www.iucnredlist.org/species/pdf/64890430","NA"
"Andinoacara pulcher","Colombia ); Trinidad and Tobago; Venezuela; Bolivarian Republic of )","64791019","214850080","https://www.iucnredlist.org/species/pdf/214850080",""
"Andinoacara rivulatus","Ecuador ); Peru","64791028","176670928","https://www.iucnredlist.org/species/pdf/176670928","Indonesia; Mexico"
"Andrias davidianus","China","179010104","48438418","https://www.iucnredlist.org/species/pdf/48438418","NA"
"Anguilla anguilla","Albania; Algeria; Austria; Belarus; Belgium; Bosnia and Herzegovina; Bulgaria; Croatia; Cyprus; Czechia; Denmark; Egypt; Estonia; Faroe Islands; Finland; France; Georgia; Germany; Gibraltar; Greece; Guernsey; Hungary; Iceland; Ireland; Isle of Man; Israel; Italy; Jersey; Latvia; Lebanon; Libya; Lithuania; Luxembourg; Malta; Mauritania; Moldova; Monaco; Montenegro; Morocco; Netherlands; North Macedonia; Norway; Poland; Portugal; Romania; Russian Federation; Serbia; Slovakia; Slovenia; Spain; Sweden; Switzerland; Syrian Arab Republic; Tunisia; Turkey; Ukraine; United Kingdom FAO Marine Fishing Areas: Native: Mediterranean and Black Sea Native: Atlantic - eastern central Native: Atlantic - northeast Native: Atlantic - western central","60344","152845178","https://www.iucnredlist.org/species/pdf/152845178","NA"
"Anguilla australis","Australia; New Caledonia; New Zealand; Norfolk Island FAO Marine Fishing Areas: Native: Pacific - southwest","195502","154801652","https://www.iucnredlist.org/species/pdf/154801652","New; Zealand; Primary; Industries; QMS"
"Anguilla japonica","China; Hong Kong; Japan; Korea; Republic of; Taiwan; Province of China; Viet Nam","166184","176493270","https://www.iucnredlist.org/species/pdf/176493270","Guam"
"Anguilla marmorata","American Samoa; Cambodia; China; Comoros; Cook Islands; Eswatini; Fiji; French Polynesia; Hong Kong; India; Indonesia; Japan; Kenya; Korea; Republic of; Lao People's Democratic Republic; Madagascar; Malaysia; Mauritius; Mayotte; Micronesia; Federated States of; Mozambique; Myanmar ); New Caledonia; Northern Mariana Islands; Palau; Papua New Guinea ); Philippines; Réunion; Samoa; Solomon Islands; South Africa; Sri Lanka; Taiwan; Province of China; Tanzania; United Republic of; Thailand; Tonga; United States; Vanuatu; Viet Nam; Wallis and Futuna; Zimbabwe","166189","176493885","https://www.iucnredlist.org/species/pdf/176493885","NA"
"Anguilla rostrata","Anguilla; Antigua and Barbuda; Aruba; Bahamas; Barbados; Belize; Bermuda; Bonaire; Sint Eustatius and Saba; Brazil; Canada; Cayman Islands; Colombia; Costa Rica; Cuba; Curaçao; Dominica; Dominican Republic; Greenland; Grenada; Guadeloupe; Guatemala; Haiti; Honduras; Jamaica; Martinique; Mexico; Montserrat; Nicaragua; Panama; Puerto Rico; Saint Barthélemy; Saint Kitts and Nevis; Saint Lucia; Saint Martin; Saint Pierre and Miquelon; Saint Vincent and the Grenadines; Sint Maarten; Trinidad and Tobago; Turks and Caicos Islands; United States; Venezuela; Bolivarian Republic of; Virgin Islands; British; U.S. FAO Marine Fishing Areas: Native: Atlantic - northeast Native: Atlantic - northwest Native: Atlantic - western central","191108","129638652","https://www.iucnredlist.org/species/pdf/129638652","Great; Lakes-St."
"Anhinga melanogaster","Bangladesh; Brunei Darussalam; Cambodia; India; Indonesia; Lao People's Democratic Republic; Malaysia; Myanmar; Nepal; Pakistan; Philippines; Sri Lanka; Thailand; Viet Nam","22696712","218634665","https://www.iucnredlist.org/species/pdf/218634665","NA"
"Anostomus anostomus","Brazil; Colombia; Guyana; Suriname; Venezuela; Bolivarian Republic of Native; Possibly","49829823","174233359","https://www.iucnredlist.org/species/pdf/174233359","NA"
"Anser albifrons","Canada; Greenland Native","22679881","213839615","https://www.iucnredlist.org/species/pdf/213839615","NA"
"Anser anser","Afghanistan; Albania; Algeria; Armenia; Austria; Azerbaijan; Bahrain; Bangladesh; Belarus; Belgium; Bhutan; Bosnia and Herzegovina; Bulgaria; China; Croatia; Cyprus; Czechia; Denmark; Estonia; Faroe Islands; Finland; France; Georgia; Germany; Greece; Hungary; Iceland; India; Iran; Islamic Republic of; Iraq; Ireland; Israel; Italy; Japan; Jordan; Kazakhstan; Korea; Republic of; Kuwait; Kyrgyzstan; Lao People's Democratic Republic; Latvia; Lithuania; Luxembourg; Macedonia; the former Yugoslav Republic of; Malta; Moldova; Mongolia; Montenegro; Morocco; Myanmar; Nepal; Netherlands; Norway; Pakistan; Poland; Portugal; Qatar; Romania; Russian Federation; Saudi Arabia; Serbia; Slovakia; Slovenia; Spain ); Sri Lanka; Svalbard and Jan Mayen; Sweden; Switzerland; Syrian Arab Republic; Tajikistan; Tunisia; Turkey; Turkmenistan; Ukraine; United Arab Emirates; United Kingdom; Uzbekistan; Viet Nam","22679889","131907747","https://www.iucnredlist.org/species/pdf/131907747","NA"
"Anser brachyrhynchus","Finland; Iceland; Svalbard and Jan Mayen Native","22679872","281837234","https://www.iucnredlist.org/species/pdf/281837234","NA"
"Anser caerulescens","Greenland; Russian Federation  Native","22679896","157448765","https://www.iucnredlist.org/species/pdf/157448765","Norway; United Kingdom"
"Anser canagicus","Russian Federation; United States","22679919","228668766","https://www.iucnredlist.org/species/pdf/228668766","NA"
"Anser erythropus","Armenia; Azerbaijan; Belarus; Bosnia and Herzegovina; Bulgaria; China; Croatia; Estonia; Finland; Georgia; Germany; Greece; Hungary; Iran; Islamic Republic of; Iraq; Japan; Kazakhstan; Korea; Democratic People's Republic of; Republic of; Latvia; Lithuania; Macedonia; the former Yugoslav Republic of; Moldova; Mongolia; Montenegro; Norway; Poland; Romania; Russian Federation; Serbia; Slovakia; Sweden; Syrian Arab Republic; Tajikistan; Turkey; Turkmenistan; Ukraine; Uzbekistan Reintroduced: Netherlands Vagrant: Afghanistan; Albania; Austria; Belgium; Czechia; Denmark; Egypt; France; India; Ireland; Israel; Jordan; Myanmar; Oman; Pakistan; Spain; Switzerland; Taiwan; Province of China; United Arab Emirates; United Kingdom; United States","22679886","132300164","https://www.iucnredlist.org/species/pdf/132300164","NA"
"Anser fabalis","Albania; Austria; Belarus; Belgium; Bosnia and Herzegovina; Bulgaria; China; Croatia; Czechia; Denmark; Finland; France; Germany; Greece; Hungary; Iran; Islamic Republic of; Italy; Japan; Kazakhstan; Korea; Democratic People's Republic of; Republic of; Latvia; Liechtenstein; Lithuania; Luxembourg; Macedonia; the former Yugoslav Republic of; Mongolia; Montenegro; Netherlands; Norway; Poland; Romania; Russian Federation; Serbia; Slovakia; Slovenia; Spain; Sweden; Switzerland; Taiwan; Province of China; Tajikistan; Turkey; Ukraine; United Kingdom; Uzbekistan Vagrant: Algeria; Bangladesh; Canada; Egypt; Hong Kong; Iceland; India; Ireland; Kyrgyzstan; Lebanon; Mali; Malta; Mexico; Morocco; Myanmar; Nepal; Portugal; United States","22679875","132302864","https://www.iucnredlist.org/species/pdf/132302864","NA"
"Anser indicus","Afghanistan; Bangladesh; Bhutan; China; India; Kazakhstan; Kyrgyzstan; Mongolia; Myanmar; Nepal; Pakistan; Russian Federation; Tajikistan; Thailand; Uzbekistan; Viet Nam","22679893","131908564","https://www.iucnredlist.org/species/pdf/131908564","NA"
"Anser rossii","Mexico Native","22679909","136898830","https://www.iucnredlist.org/species/pdf/136898830","NA"
"Anseranas semipalmata","Australia; Indonesia; Papua New Guinea","22679732","264994797","https://www.iucnredlist.org/species/pdf/264994797","NA"
"Anthropoides virgo","Afghanistan; Armenia; Azerbaijan; Bangladesh; Bhutan; Chad; China; Cyprus; Egypt; Ethiopia; India; Iran; Islamic Republic of; Iraq; Israel; Kazakhstan; Kyrgyzstan; Lebanon; Moldova; Mongolia; Myanmar; Namibia; Nepal; Nigeria; Oman; Pakistan; Russian Federation; Saudi Arabia; Slovakia; South Sudan; Sudan; Tajikistan; Turkey; Turkmenistan; Ukraine; Uzbekistan; Yemen Vagrant: Bulgaria; Croatia; Denmark; Eritrea; Finland; Germany; Greece; Hungary; Italy; Japan; Jordan; Kenya; Korea; Republic of; Kuwait; Malta; Montenegro; Norway; Portugal; Romania; Serbia; Spain; Sweden; Syrian Arab Republic; United Arab Emirates","22692081","131927771","https://www.iucnredlist.org/species/pdf/131927771","NA"
"Aonyx cinereus","Bangladesh; Bhutan; Brunei Darussalam; Cambodia; China; India; Indonesia; Lao People's Democratic Republic; Malaysia; Myanmar; Nepal; Philippines; Singapore; Taiwan; Province of China; Thailand; Viet Nam","44166","164580923","https://www.iucnredlist.org/species/pdf/164580923","United Kingdom"
"Apalone ferox","United States","165597","251135698","https://www.iucnredlist.org/species/pdf/251135698","United States"
"Apalone spinifera","Canada; Mexico; United States","163451","161722123","https://www.iucnredlist.org/species/pdf/161722123","Mexico; United States"
"Apeltes quadracus","Canada; United States","154731","151597449","https://www.iucnredlist.org/species/pdf/151597449","NA"
"Aphanius dispar","Bahrain; Djibouti; Egypt; Eritrea; Ethiopia; India; Iran; Islamic Republic of; Iraq; Israel; Kuwait; Oman; Pakistan; Qatar; Saudi Arabia; United Arab Emirates; Yemen","183159","1730991","https://www.iucnredlist.org/species/pdf/1730991","Shatt; Arab; Hammar; Marsh; Fallujah; Lake; Razzazah; Badrah; Iran; Iraq; Baghdad."
"Aphanius fasciatus","Albania; Algeria; Bosnia and Herzegovina; Croatia; Cyprus; Egypt; Sinai); France; Greece ); Israel; Italy; Sardegna; Sicilia); Libya; Malta; Montenegro; Morocco; Portugal ); Slovenia; Spain ); Tunisia; Türkiye  Native; Extinct: France ); Syrian Arab Republic Extinct &","1847","58293070","https://www.iucnredlist.org/species/pdf/58293070","NA"
"Aphanius mento","Iraq; Israel; Jordan; Lebanon; Palestinian Territory; Occupied; Syrian Arab Republic; Turkey","19513556","19849142","https://www.iucnredlist.org/species/pdf/19849142","NA"
"Aphredoderus sayanus","United States","202607","2746073","https://www.iucnredlist.org/species/pdf/2746073","NA"
"Aphyocharax anisitsi","Argentina; Bolivia; Plurinational States of; Brazil; Paraguay; Uruguay","186699","1817042","https://www.iucnredlist.org/species/pdf/1817042","Laguna; Patos; Paraná"
"Aphyocharax dentatus","Argentina; Brazil; Paraguay","186792","1818449","https://www.iucnredlist.org/species/pdf/1818449","NA"
"Aphyocharax rathbuni","Argentina; Bolivia; Plurinational States of; Brazil; Paraguay","49830044","197220137","https://www.iucnredlist.org/species/pdf/197220137","NA"
"Aphyosemion australe","Angola; Cameroon; Congo; Gabon FAO Marine Fishing Areas: Native: Atlantic - eastern central","181981","7778618","https://www.iucnredlist.org/species/pdf/7778618","NA"
"Apistogramma arua","Brazil","134662015","134662020","https://www.iucnredlist.org/species/pdf/134662020","NA"
"Apistogramma borellii","Argentina; Bolivia; Plurinational States of; Brazil; Paraguay; Uruguay","162751898","162751919","https://www.iucnredlist.org/species/pdf/162751919","Paraná"
"Apistogramma commbrae","Argentina; Bolivia; Plurinational States of; Brazil; Paraguay Native; Possibly","162751950","162751973","https://www.iucnredlist.org/species/pdf/162751973","NA"
"Apistogramma erythrura","Bolivia; Plurinational States of; Brazil","49830383","159046749","https://www.iucnredlist.org/species/pdf/159046749","NA"
"Apistogramma macmasteri","Colombia )","175976690","175976723","https://www.iucnredlist.org/species/pdf/175976723","NA"
"Apistogramma viejita","Colombia ); Venezuela; Bolivarian Republic of )","175977121","175977126","https://www.iucnredlist.org/species/pdf/175977126","NA"
"Aplocheilus lineatus","India","166434","6208418","https://www.iucnredlist.org/species/pdf/6208418",""
"Aplocheilus panchax","Bangladesh; Cambodia; India; Indonesia; Malaysia; Myanmar ); Nepal; Pakistan; Seychelles; Singapore; Sri Lanka; Thailand; Timor-Leste; Viet Nam","166477","1134077","https://www.iucnredlist.org/species/pdf/1134077","NA"
"Aplodinotus grunniens","Belize; Canada; Guatemala; Mexico; United States","193261","129639199","https://www.iucnredlist.org/species/pdf/129639199","Canada; Guatemala."
"Aponogeton distachyos","South Africa","185242","8373720","https://www.iucnredlist.org/species/pdf/8373720","NA"
"Apteronotus albifrons","Argentina; Bolivia; Plurinational States of; Brazil; Colombia; Ecuador; French Guiana; Guyana; Paraguay; Peru; Suriname; Venezuela; Bolivarian Republic of","49829499","159047904","https://www.iucnredlist.org/species/pdf/159047904","South; America.; America; Orinoco; Paraguay"
"Apteronotus galvisi","Colombia )","175713650","175713698","https://www.iucnredlist.org/species/pdf/175713698","NA"
"Arachnochium kulsiense","India","197692","2496198","https://www.iucnredlist.org/species/pdf/2496198","NA"
"Arachnochium mirabile","India; Indonesia; Myanmar ); Thailand; Viet Nam","196884","2515949","https://www.iucnredlist.org/species/pdf/2515949","NA"
"Arapaima gigas","Brazil; Guyana; Peru","1991","9110195","https://www.iucnredlist.org/species/pdf/9110195","NA"
"Archoplites interruptus","United States","202432","2744850","https://www.iucnredlist.org/species/pdf/2744850","NA"
"Ardea alba","Albania; Algeria; Angola; Anguilla; Antigua and Barbuda; Argentina; Armenia; Aruba; Austria; Azerbaijan; Bahamas; Bangladesh; Barbados; Belarus; Benin; Bhutan; Bolivia; Plurinational States of; Bonaire; Sint Eustatius and Saba; Bosnia and Herzegovina; Botswana; Brazil; Brunei Darussalam; Bulgaria; Burkina Faso; Burundi; Cambodia; Cameroon; Canada; Cayman Islands; Central African Republic; Chad; Chile; China; Christmas Island; Colombia; Comoros; Congo; The Democratic Republic of the; Croatia; Cuba; Curaçao; Cyprus; Czechia; Côte d'Ivoire; Dominica; Dominican Republic; Ecuador; Egypt; El Salvador; Eritrea; Eswatini; Ethiopia; Falkland Islands; France; French Guiana; Gabon; Gambia; Ghana; Greece; Grenada; Guadeloupe; Guatemala; Guinea; Guyana; Haiti; Honduras; Hungary; India; Indonesia; Iran; Islamic Republic of; Iraq; Israel; Italy; Japan; Jordan; Kenya; Korea; Republic of; Kuwait; Lao People's Democratic Republic; Lebanon; Lesotho; Liberia; Libya; Madagascar; Malawi; Malaysia; Maldives; Martinique; Mauritania; Mayotte; Mexico; Moldova; Montenegro; Montserrat; Morocco; Mozambique; Myanmar;","22697043","280949218","https://www.iucnredlist.org/species/pdf/280949218","NA"
"Ardea goliath","Angola; Bangladesh; Benin; Botswana; Burkina Faso; Burundi; Cameroon; Central African Republic; Chad; Congo; The Democratic Republic of the; Côte d'Ivoire; Djibouti; Egypt; Eritrea; Eswatini; Ethiopia; Gabon; Gambia; Ghana; Guinea; Guinea-Bissau; India; Iran; Islamic Republic of; Iraq; Kenya; Lesotho; Malawi; Mali; Mauritania; Mozambique; Myanmar; Namibia; Niger; Nigeria; Pakistan; Rwanda; Saudi Arabia; Senegal; Sierra Leone; Somalia; South Africa; South Sudan; Sri Lanka; Sudan; Tanzania; United Republic of; Togo; Uganda; Yemen; Zambia; Zimbabwe","22697017","280943528","https://www.iucnredlist.org/species/pdf/280943528","NA"
"Ardeola bacchus","Korea; Democratic People's Republic of Native","22697133","264998112","https://www.iucnredlist.org/species/pdf/264998112","NA"
"Arundo donax","Bangladesh; India; Iran; Islamic Republic of; Iraq; Japan; Kazakhstan; Korea; Democratic People's Republic of; Myanmar; Oman; Palestinian Territory; Occupied; Qatar; Saudi Arabia; Turkmenistan; Yemen","164340","1043245","https://www.iucnredlist.org/species/pdf/1043245","NA"
"Astacus astacus","Andorra; Austria; Belarus; Belgium; Bosnia and Herzegovina; Bulgaria; Croatia; Czech Republic; Denmark; Estonia; Finland; France; Georgia; Germany; Greece; Hungary; Latvia; Lithuania; Macedonia; the former Yugoslav Republic of; Moldova; Netherlands; Poland; Romania; Russian Federation; Serbia; Slovakia; Slovenia; Switzerland","2191","9338388","https://www.iucnredlist.org/species/pdf/9338388","NA"
"Astatoreochromis alluaudi","Burundi; Congo; The Democratic Republic of the; Kenya; Rwanda; Tanzania; United Republic of; Uganda","60457","47190419","https://www.iucnredlist.org/species/pdf/47190419","NA"
"Astatotilapia burtoni","Burundi; Congo; The Democratic Republic of the; Tanzania; United Republic of; Zambia","60462","271756411","https://www.iucnredlist.org/species/pdf/271756411","Rwanda; Uganda"
"Astatotilapia calliptera","Malawi; Mozambique; Tanzania; United Republic of; Zimbabwe","181801","99449839","https://www.iucnredlist.org/species/pdf/99449839","NA"
"Astronotus crassipinnis","Bolivia; Plurinational States of; Brazil; Paraguay; Peru","49829609","159048742","https://www.iucnredlist.org/species/pdf/159048742","Argentina; Brazil"
"Astronotus ocellatus","Bolivia; Plurinational States of; Brazil; Colombia; French Guiana; Peru","49830436","159048790","https://www.iucnredlist.org/species/pdf/159048790","Puerto Rico; United States"
"Astyanax aeneus","El Salvador; Guatemala; Honduras; Mexico","191199","1972580","https://www.iucnredlist.org/species/pdf/1972580","NA"
"Astyanax jordani","Mexico","191201","1972594","https://www.iucnredlist.org/species/pdf/1972594","NA"
"Astyanax lacustris","Brazil  Native; Presence Uncertain: Brazil","134692061","134692105","https://www.iucnredlist.org/species/pdf/134692105","NA"
"Astyanax mexicanus","Mexico; United States","62191","3109229","https://www.iucnredlist.org/species/pdf/3109229","NA"
"Astyanax orthodus","Colombia","49829744","61473558","https://www.iucnredlist.org/species/pdf/61473558","NA"
"Atherina boyeri","Albania; Algeria; Belgium; Bosnia and Herzegovina; Croatia; France ); Greece ); Italy; Sardegna; Sicilia); Libya; Mauritania; Monaco; Montenegro; Morocco; Netherlands; Portugal ); Slovenia; Spain; Spanish North African Territories); Tunisia; United Kingdom; Western Sahara FAO Marine Fishing Areas: Native: Mediterranean and Black Sea Native: Atlantic - eastern central Native: Atlantic - northeast","154804479","13489094","https://www.iucnredlist.org/species/pdf/13489094","NA"
"Atherinomorus lacunosus","Australia; Bahrain; British Indian Ocean Territory; China; Comoros; Cook Islands; Egypt; Fiji; French Polynesia; Guam; Hong Kong; India; Indonesia; Japan; Jordan; Kenya; Kiribati; Kuwait; Madagascar; Malaysia; Maldives; Marshall Islands; Mauritius; Rodrigues); Mayotte; Micronesia; Federated States of; Mozambique; Myanmar; New Caledonia; Northern Mariana Islands; Oman; Palau; Papua New Guinea; Philippines; Qatar; Réunion; Samoa; Saudi Arabia; Seychelles; Somalia; South Africa; Sri Lanka; Taiwan; Province of China; Tanzania; United Republic of; Thailand; Timor-Leste; Tonga; United Arab Emirates; Viet Nam; Wallis and Futuna; Yemen  Native; Presence Uncertain: India; New Zealand","18123573","46663949","https://www.iucnredlist.org/species/pdf/46663949","Albania; Algeria; Croatia; Cyprus; France; Greece; Israel; Italy; Lebanon; Libya; Montenegro; Morocco; Slovenia; Spain; Syrian Arab Republic; Tunisia; Turkey; Indo-West; Pacific; East; Africa; Australia; Japan; Atherines; Red; Sea; Western; Indian; Ocean"
"Atractosteus spatula","Costa Rica; Mexico; Nicaragua; United States  FAO Marine Fishing Areas:","191024","1966892","https://www.iucnredlist.org/species/pdf/1966892","NA"
"Atractosteus tropicus","Belize; Costa Rica ); El Salvador; Guatemala; Honduras ); Mexico; Nicaragua )","191025","1967012","https://www.iucnredlist.org/species/pdf/1967012","NA"
"Atya gabonensis","Brazil; Cameroon; Congo; The Democratic Republic of the; Gabon; Ghana; Liberia; Mali; Nigeria; Sao Tomé and Principe; Senegal; Suriname; Venezuela; Bolivarian Republic of )","198241","107023029","https://www.iucnredlist.org/species/pdf/107023029","NA"
"Atyaephyra desmarestii","Algeria; Austria; Belgium; Croatia; Czech Republic; France ); Germany; Holy See; Italy; Sardegna; Sicilia); Morocco; Netherlands; Poland; Portugal ); Spain ); Tunisia; Turkey","197932","2505632","https://www.iucnredlist.org/species/pdf/2505632","NA"
"Atyoida pilipes","Fiji; French Polynesia; Guam; Indonesia; Japan; New Caledonia; Northern Mariana Islands; Philippines","197920","147791194","https://www.iucnredlist.org/species/pdf/147791194","NA"
"Atyopsis moluccensis","Indonesia; Philippines; Sri Lanka; Thailand","198165","2514356","https://www.iucnredlist.org/species/pdf/2514356","NA"
"Auchenipterus osteomystax","Argentina; Brazil; Paraguay; Uruguay","186681","1816772","https://www.iucnredlist.org/species/pdf/1816772","Least; Concern."
"Aulonocara baenschi","Malawi","61057","148658365","https://www.iucnredlist.org/species/pdf/148658365","NA"
"Aulonocara nyassae","Malawi","61069","148845590","https://www.iucnredlist.org/species/pdf/148845590","NA"
"Aulonocara stuartgranti","Malawi; Mozambique; Tanzania; United Republic of","120689838","120689903","https://www.iucnredlist.org/species/pdf/120689903","NA"
"Australoheros angiru","Argentina; Brazil","162857505","162857512","https://www.iucnredlist.org/species/pdf/162857512","NA"
"Australoheros facetus","Argentina; Brazil; Paraguay; Uruguay","187063","1822564","https://www.iucnredlist.org/species/pdf/1822564","NA"
"Austroglanis sclateri","Lesotho; Namibia; South Africa","2428","99449172","https://www.iucnredlist.org/species/pdf/99449172","NA"
"Austrolebias bellottii","Argentina;","176511420","176511432","https://www.iucnredlist.org/species/pdf/176511432","NA"
"Aythya americana","Bahamas; Cuba; Guatemala; Turks and Caicos Islands Native","22680367","137752425","https://www.iucnredlist.org/species/pdf/137752425","NA"
"Aythya baeri","Bangladesh; China; Hong Kong; India; Japan; Korea; Democratic People's Republic of; Lao People's Democratic Republic; Mongolia; Myanmar; Nepal; Russian Federation; Taiwan; Province of China; Thailand; Viet Nam Vagrant: Bhutan; Republic of; Pakistan; Philippines","22680384","154436811","https://www.iucnredlist.org/species/pdf/154436811","NA"
"Aythya collaris","Saint Pierre and Miquelon Native","22680370","137908133","https://www.iucnredlist.org/species/pdf/137908133","NA"
"Aythya ferina","Afghanistan; Albania; Algeria; Armenia; Austria; Belarus; Belgium; Bosnia and Herzegovina; Bulgaria; China; Croatia; Czechia; Denmark; Estonia; Finland; France; Georgia; Germany; Greece; Hungary; Iran; Islamic Republic of; Iraq; Ireland; Israel; Italy; Jordan; Korea; Republic of; Kuwait; Latvia; Lebanon; Lithuania; Luxembourg; Moldova; Montenegro; Netherlands; North Macedonia; Norway; Palestine; State of; Poland; Portugal; Romania; Russian Federation; Serbia; Slovakia; Slovenia; Spain ); Sweden; Switzerland; Syrian Arab Republic; Turkey; Ukraine; United Kingdom; Yemen Native","22680358","205288455","https://www.iucnredlist.org/species/pdf/205288455","NA"
"Aythya fuligula","Afghanistan; Algeria; Armenia; Austria; Azerbaijan; Belarus; Belgium; Bhutan; Bulgaria; Chad; China; Croatia; Czechia; Denmark; Djibouti; Eritrea; Estonia; Ethiopia; Faroe Islands; Finland; France; Germany; Greece; Hong Kong; Hungary; Iceland; India; Indonesia; Iraq; Ireland; Israel; Italy; Japan; Jordan; Kenya; Korea; Democratic People's Republic of; Republic of; Kuwait; Kyrgyzstan; Lao People's Democratic Republic; Latvia; Lebanon; Libya; Lithuania; Luxembourg; Malaysia; Maldives; Mali; Mauritania; Montenegro; Morocco; Myanmar; Nepal; Netherlands; Nigeria; Norway; Pakistan; Palestine; State of; Poland; Portugal; Romania; Russian Federation; Senegal; Serbia; Slovakia; Slovenia; Spain; Sri Lanka; Sudan; Sweden; Switzerland; Syrian Arab Republic; Taiwan; Province of China; Tajikistan; Tanzania; United Republic of; Thailand; Tunisia; Turkmenistan; Türkiye; Uganda; Ukraine; United Kingdom; Uzbekistan; Viet Nam; Western Sahara Native","22680391","154567456","https://www.iucnredlist.org/species/pdf/154567456","NA"
"Aythya novaeseelandiae","New Zealand","22680395","280990245","https://www.iucnredlist.org/species/pdf/280990245","NA"
"Aythya nyroca","Afghanistan; Albania; Algeria; Armenia; Austria; Azerbaijan; Bangladesh; Belarus; Belgium; Benin; Bhutan; Bosnia and Herzegovina; Bulgaria; Central African Republic; Chad; China; Croatia; Cyprus; Czechia; Egypt; Eritrea; Ethiopia; France; Gambia; Georgia; Germany; Greece; Hungary; India; Iran; Islamic Republic of; Iraq; Israel; Italy; Jordan; Kazakhstan; Kuwait; Kyrgyzstan; Latvia; Lebanon; Libya; Liechtenstein; Lithuania; Luxembourg; Mali; Malta; Mauritania; Moldova; Mongolia; Montenegro; Morocco; Myanmar; Nepal; Netherlands; Niger; Nigeria; North Macedonia; Oman; Pakistan; Palestine; State of; Poland; Portugal; Qatar; Romania; Russian Federation; Saudi Arabia; Senegal; Serbia; Slovakia; Slovenia; South Sudan; Sudan; Switzerland; Syrian Arab Republic; Tajikistan; Thailand; Tunisia; Turkey; Turkmenistan; Ukraine; United Arab Emirates; Uzbekistan; Viet Nam; Western Sahara; Yemen Vagrant: Bahrain; Bermuda; Burkina Faso; Cabo Verde; Denmark; Finland; Ghana; Hong Kong; Ireland;","22680373","152620862","https://www.iucnredlist.org/species/pdf/152620862","NA"
"Aythya valisineria","Mexico Native","22680364","137943278","https://www.iucnredlist.org/species/pdf/137943278","NA"
"Azolla microphylla","Bolivia; Plurinational States of; Brazil; Canada; Colombia; Costa Rica; Dominican Republic; Ecuador; Galápagos); El Salvador; Guatemala; Guyana; Honduras; Mexico; Nicaragua; Panama; Peru; United States; Venezuela; Bolivarian Republic of )","169061","1268828","https://www.iucnredlist.org/species/pdf/1268828","NA"
"Azolla nilotica","Burundi; Congo; The Democratic Republic of the; Gabon; Kenya; Malawi; Mozambique; Somalia; South Sudan; Sudan; Tanzania; United Republic of; Uganda; Zambia; Zimbabwe Regionally extinct: Egypt )","185433","120142723","https://www.iucnredlist.org/species/pdf/120142723","NA"
"Azolla pinnata","Angola; Australia; Bangladesh; Bhutan; Botswana; Burundi; Cabo Verde; Cambodia; Cameroon; Central African Republic; China; Congo; Côte d'Ivoire; Gabon; Ghana; Guinea; Hong Kong; India; Indonesia; Japan; Kenya; Lao People's Democratic Republic; Liberia; Madagascar; Malawi; Malaysia; Mozambique; Myanmar; New Zealand; Nigeria; Papua New Guinea; Philippines; Rwanda; Senegal; Sierra Leone; South Africa; Sri Lanka; Taiwan; Province of China; Tanzania; United Republic of; Thailand; Togo; Uganda; Viet Nam; Zambia","168790","120142955","https://www.iucnredlist.org/species/pdf/120142955","NA"
"Babka gymnotrachelus","Azerbaijan; Bulgaria; Georgia; Iran; Islamic Republic of; Kazakhstan; Moldova; Romania; Russian Federation; Turkmenistan; Türkiye; Ukraine","188118","135114723","https://www.iucnredlist.org/species/pdf/135114723","Austria; Belarus; Croatia; Germany; Greece; Hungary; Poland; Serbia; Slovakia"
"Bacopa monnieri","Argentina; Australia; Bahamas; Bahrain; Barbados; Belize; Bhutan; Bolivia; Plurinational States of; Brazil; Cambodia; Chile; China; Costa Rica; Cuba; Dominican Republic; Ecuador; El Salvador; French Guiana; Grenada; Guadeloupe; Guatemala; Haiti; Honduras; India; Indonesia; Jamaica; Kuwait; Lao People's Democratic Republic; Madagascar; Malaysia; Martinique; Mexico; Mozambique; Nepal; Nicaragua; Nigeria; Oman; Pakistan; Panama; Peru; Philippines; Puerto Rico; Saint Lucia; Saudi Arabia; Somalia; South Africa; Sri Lanka; Swaziland; Taiwan; Province of China; Thailand; Trinidad and Tobago; United Arab Emirates; United States; Viet Nam; Virgin Islands; British; U.S.; Yemen","164168","17722668","https://www.iucnredlist.org/species/pdf/17722668","NA"
"Bagarius bagarius","Bangladesh; Bhutan; India; Nepal; Pakistan","213648894","213648930","https://www.iucnredlist.org/species/pdf/213648930","NA"
"Bagrus meridionalis","Malawi; Mozambique; Tanzania; United Republic of","60856","155041757","https://www.iucnredlist.org/species/pdf/155041757","Lake; Malawi."
"Balantiocheilos melanopterus","Indonesia; Malaysia","149451010","90331546","https://www.iucnredlist.org/species/pdf/90331546","NA"
"Baldellia ranunculoides","Albania; Algeria; Belgium; Croatia; Cyprus; Denmark; France ); Germany; Greece ); Ireland; Italy; Sardegna; Sicilia - Regionally Extinct); Montenegro; Morocco; Netherlands; Portugal ); Spain ); Sweden; Switzerland; Tunisia; Turkey; United Kingdom  Regionally extinct: Poland; Slovenia","164327","42332261","https://www.iucnredlist.org/species/pdf/42332261","NA"
"Ballerus ballerus","Austria; Belarus; Bosnia and Herzegovina; Bulgaria; Croatia; Czechia; Estonia; Finland; Germany; Hungary; Kazakhstan; Latvia; Lithuania; Moldova; Poland; Romania; Russian Federation; Serbia; Slovakia; Slovenia; Sweden; Ukraine","135587","146106491","https://www.iucnredlist.org/species/pdf/146106491","NA"
"Ballerus sapa","Afghanistan; Austria; Azerbaijan; Belarus; Bosnia and Herzegovina; Bulgaria; Croatia; Czechia; Georgia; Germany; Hungary; Kazakhstan; Kyrgyzstan; Moldova; Poland; Romania; Russian Federation; Serbia; Slovakia; Slovenia; Tajikistan; Turkmenistan; Türkiye; Ukraine; Uzbekistan","135639","135108927","https://www.iucnredlist.org/species/pdf/135108927","Belgium; France; Liechtenstein; Luxembourg; Netherlands; Russian Federation; Switzerland"
"Barbatula barbatula","Austria; Belarus; Belgium; Bosnia and Herzegovina; Bulgaria; Croatia; Czechia; Denmark; Estonia; Finland; France ); Germany; Hungary; Ireland; Kazakhstan; Latvia; Liechtenstein; Lithuania; Luxembourg; Moldova; Montenegro; Netherlands; Poland; Romania; Russian Federation; Serbia; Slovakia; Slovenia; Sweden; Switzerland; Ukraine; United Kingdom","259121878","259153340","https://www.iucnredlist.org/species/pdf/259153340","Italy; Spain"
"Barbatula quignardi","France )","258617815","135107096","https://www.iucnredlist.org/species/pdf/135107096","NA"
"Barbodes binotatus","Brunei Darussalam; Indonesia; Malaysia; Philippines","169538","90996154","https://www.iucnredlist.org/species/pdf/90996154","NA"
"Barbodes hemictenus","Philippines","18906","162163129","https://www.iucnredlist.org/species/pdf/162163129","NA"
"Barbodes rhombeus","Cambodia; Lao People's Democratic Republic; Malaysia; Myanmar ); Thailand; Viet Nam","181219","89799808","https://www.iucnredlist.org/species/pdf/89799808","NA"
"Barbodes semifasciolatus","China; Hong Kong; Taiwan; Province of China; Viet Nam","166936","1154475","https://www.iucnredlist.org/species/pdf/1154475","NA"
"Barbonymus altus","Cambodia; Lao People's Democratic Republic; Thailand; Viet Nam","181084","1696544","https://www.iucnredlist.org/species/pdf/1696544","NA"
"Barbonymus gonionotus","Cambodia; Indonesia; Lao People's Democratic Republic; Malaysia; Thailand; Viet Nam","166914","89799952","https://www.iucnredlist.org/species/pdf/89799952","Malaysia"
"Barbonymus schwanefeldii","Brunei Darussalam; Cambodia; Indonesia; Lao People's Democratic Republic; Malaysia; Thailand; Viet Nam","181160","89800163","https://www.iucnredlist.org/species/pdf/89800163","Portugal; Singapore; Spain; United States"
"Barbus barbus","Albania; Austria; Belarus; Belgium; Bosnia and Herzegovina; Bulgaria; Croatia; Czechia; France ); Germany; Hungary; Latvia; Liechtenstein; Lithuania; Luxembourg; Moldova; Montenegro; Netherlands; North Macedonia; Poland; Romania; Russian Federation; Serbia; Slovakia; Slovenia; Switzerland; Ukraine; United Kingdom","2561","58293571","https://www.iucnredlist.org/species/pdf/58293571","Italy"
"Barbus caninus","Italy ); Switzerland","2592","137226773","https://www.iucnredlist.org/species/pdf/137226773","NA"
"Barbus ciscaucasicus","Azerbaijan; Georgia; Russian Federation","135607","4159957","https://www.iucnredlist.org/species/pdf/4159957","NA"
"Barbus cyclolepis","Bulgaria; Greece ); Türkiye","2585","137226418","https://www.iucnredlist.org/species/pdf/137226418","NA"
"Barbus meridionalis","France ); Spain )","2567","137226182","https://www.iucnredlist.org/species/pdf/137226182","NA"
"Barbus peloponnesius","Albania; Greece )","2588","137226537","https://www.iucnredlist.org/species/pdf/137226537","NA"
"Barbus plebejus","Croatia; Italy ); Slovenia; Switzerland","2568","135065063","https://www.iucnredlist.org/species/pdf/135065063","NA"
"Barbus tyberinus","Italy )","218125141","137226641","https://www.iucnredlist.org/species/pdf/137226641","NA"
"Beaufortia leveretti","China; Viet Nam","166907","1150567","https://www.iucnredlist.org/species/pdf/1150567","NA"
"Belonesox belizanus","Belize; Guatemala; Honduras ); Mexico; Nicaragua )","191721","2000068","https://www.iucnredlist.org/species/pdf/2000068","NA"
"Benthophiloides brauneri","Bulgaria; Moldova; Romania; Ukraine FAO Marine Fishing Areas: Native: Mediterranean and Black Sea","2761","135083296","https://www.iucnredlist.org/species/pdf/135083296","NA"
"Benthophilus durrelli","Russian Federation; Ukraine","135516","137227311","https://www.iucnredlist.org/species/pdf/137227311","Russian Federation"
"Benthophilus nudus","Bulgaria; Moldova; Romania; Serbia; Ukraine","135604","137228160","https://www.iucnredlist.org/species/pdf/137228160","NA"
"Benthophilus stellatus","Russian Federation; Ukraine","135510","137227188","https://www.iucnredlist.org/species/pdf/137227188","NA"
"Betta bellica","Indonesia; Malaysia","169526","91307647","https://www.iucnredlist.org/species/pdf/91307647","Peninsular; Malaysia; Selangor; Perak; Pahang; Terengganu; Sumatra; Indonesia; Ng"
"Betta splendens","Thailand","180889","7653828","https://www.iucnredlist.org/species/pdf/7653828","NA"
"Bidens frondosa","Canada (Alberta; British Columbia -","64264333","67728568","https://www.iucnredlist.org/species/pdf/67728568","NA"
"Bidyanus bidyanus","Australia","2804","123377634","https://www.iucnredlist.org/species/pdf/123377634","NA"
"Biomphalaria camerunensis","Benin; Cameroon; Central African Republic; Congo; The Democratic Republic of the; Ghana; Nigeria; Togo","175130","151147058","https://www.iucnredlist.org/species/pdf/151147058","NA"
"Bithynia tentaculata","Albania; Austria; Belgium; Bulgaria; Croatia; Czech Republic; Denmark; Estonia; Finland; France ); Germany; Hungary; Ireland; Italy; Sardegna; Sicilia); Latvia; Liechtenstein; Lithuania; Luxembourg; Netherlands; Norway; Poland; Portugal ); Romania; Russian Federation; Slovakia; Slovenia; Spain ); Sweden; Switzerland; Ukraine; United Kingdom","155796","42436927","https://www.iucnredlist.org/species/pdf/42436927","NA"
"Biwia zezera","Japan","116033622","116034107","https://www.iucnredlist.org/species/pdf/116034107","NA"
"Blicca bjoerkna","Armenia; Austria; Azerbaijan; Belarus; Belgium; Bosnia and Herzegovina; Bulgaria; Croatia; Czechia; Denmark; Estonia; Finland; France ); Georgia; Germany; Hungary; Iran; Islamic Republic of; Italy ); Kazakhstan; Latvia; Liechtenstein; Lithuania; Luxembourg; Moldova; Montenegro; Netherlands; North Macedonia; Norway; Poland; Romania; Russian Federation; Serbia; Slovakia; Slovenia; Spain ); Sweden; Switzerland; Turkmenistan; Türkiye; Ukraine; United Kingdom","39270","135095016","https://www.iucnredlist.org/species/pdf/135095016","Italy; Spain"
"Blyxa aubertii","Australia; Bangladesh; Bhutan; Cambodia; China; Hong Kong; India; Indonesia; Japan; Korea; Republic of; Lao People's Democratic Republic; Madagascar; Malaysia; Mozambique; Myanmar; Nepal; Papua New Guinea; Philippines; Singapore; Sri Lanka; Taiwan; Province of China; Tanzania; United Republic of; Thailand; Viet Nam","168967","84276761","https://www.iucnredlist.org/species/pdf/84276761","NA"
"Blyxa japonica","Australia; Bangladesh; Bhutan; Cambodia; China; Hong Kong; India; Indonesia; Japan; Korea; Republic of; Lao People's Democratic Republic; Madagascar; Malaysia; Mozambique; Myanmar; Nepal; Papua New Guinea; Philippines; Singapore; Sri Lanka; Taiwan; Province of China; Tanzania; United Republic of; Thailand; Viet Nam","168803","6539301","https://www.iucnredlist.org/species/pdf/6539301","NA"
"Bolboschoenus maritimus","Afghanistan; Albania; Algeria; Angola; Argentina; Austria; Belarus; Belgium; Bosnia and Herzegovina; Bulgaria; Cambodia; Canada; Chile; China; Croatia; Cuba; Cyprus; Czech Republic; Denmark; Djibouti; Egypt; Finland; France ); Germany; Greece; Kriti); Guernsey; Hungary; India; Iran; Islamic Republic of; Iraq; Ireland; Isle of Man; Italy; Sardegna; Sicilia); Jersey; Kazakhstan; Kenya; Kyrgyzstan; Lao People's Democratic Republic; Libya; Liechtenstein; Luxembourg; Macedonia; the former Yugoslav Republic of; Madagascar; Mali; Malta; Mauritania; Mauritius; Mexico; Mongolia; Montenegro; Morocco; Netherlands; Norway; Pakistan; Palestinian Territory; Occupied; Peru; Poland; Portugal ); Romania; Russian Federation; Saudi Arabia; Senegal; Serbia; Slovakia; Slovenia; Somalia; Spain ); Sri Lanka; Suriname; Sweden; Switzerland; Tanzania; United Republic of; Thailand; Tunisia; Turkey; Turkmenistan; Ukraine ); United Kingdom; United States; Uzbekistan; Viet Nam","164276","1036571","https://www.iucnredlist.org/species/pdf/1036571","South; Asia"
"Bombina orientalis","China; Korea; Democratic People's Republic of; Republic of; Russian Federation","54449","63850146","https://www.iucnredlist.org/species/pdf/63850146","China"
"Bombina variegata","Albania; Austria; Bosnia and Herzegovina; Bulgaria; Croatia; Czechia; France ); Germany; Greece ); Hungary; Italy ); Liechtenstein; Luxembourg; Montenegro; North Macedonia; Poland; Romania; Serbia; Slovakia; Slovenia; Switzerland; Türkiye; Ukraine Native; Extinct: Belgium","77970289","228179967","https://www.iucnredlist.org/species/pdf/228179967","United Kingdom"
"Borysthenia naticina","Austria; Bulgaria; Germany; Hungary; Latvia; Lithuania; Poland; Romania; Russian Federation; Serbia; Slovakia; Turkey; Ukraine","155887","221551813","https://www.iucnredlist.org/species/pdf/221551813","NA"
"Bostrychia hagedash","Angola; Benin; Botswana; Burkina Faso; Burundi; Cameroon; Central African Republic; Chad; Congo; The Democratic Republic of the; Côte d'Ivoire; Equatorial Guinea; Eritrea; Eswatini; Ethiopia; Gabon; Gambia; Ghana; Guinea; Guinea-Bissau; Kenya; Lesotho; Liberia; Malawi; Mali; Mauritania; Mozambique; Namibia; Niger; Nigeria; Rwanda; Senegal; Sierra Leone; Somalia; South Africa; South Sudan; Sudan; Tanzania; United Republic of; Togo; Uganda; Zambia; Zimbabwe","22697463","264982459","https://www.iucnredlist.org/species/pdf/264982459","NA"
"Botia almorhae","India; Nepal","168483","176089906","https://www.iucnredlist.org/species/pdf/176089906","NA"
"Botia lohachata","Bangladesh; India; Nepal; Pakistan","166652","1139937","https://www.iucnredlist.org/species/pdf/1139937","NA"
"Botia striata","India","168591","6521075","https://www.iucnredlist.org/species/pdf/6521075","NA"
"Brachygobius xanthozonus","Brunei Darussalam; Indonesia; Malaysia","188016","91079608","https://www.iucnredlist.org/species/pdf/91079608","NA"
"Branta bernicla","Greenland; Russian Federation; Svalbard and Jan Mayen Native","22679946","189780266","https://www.iucnredlist.org/species/pdf/189780266","NA"
"Branta canadensis","Bahamas; Canada; Cayman Islands; Cuba; Greenland; Haiti; Mexico; Puerto Rico; Saint Pierre and Miquelon; Turks and Caicos Islands; United States","22679935","131909406","https://www.iucnredlist.org/species/pdf/131909406","NA"
"Branta hutchinsii","Canada; Mexico; United States","22733619","139214707","https://www.iucnredlist.org/species/pdf/139214707","NA"
"Branta leucopsis","Belgium; Denmark; Estonia; Faroe Islands; Finland; France; Germany; Greenland; Iceland; Ireland; Latvia; Netherlands; Norway; Poland; Russian Federation; Svalbard and Jan Mayen; Sweden; United Kingdom Vagrant: Algeria; Austria; Belarus; Bulgaria; Canada; Czechia; Egypt; Hungary; Italy; Montenegro; Morocco; Portugal; Romania; Serbia; Slovakia; Slovenia; Spain; Switzerland; Tunisia; Turkey; United States","22679943","131909954","https://www.iucnredlist.org/species/pdf/131909954","NA"
"Branta ruficollis","Bulgaria; Greece; Hungary; Moldova; Romania; Türkiye Native","22679954","154473642","https://www.iucnredlist.org/species/pdf/154473642","NA"
"Brasenia schreberi","Australia; Belize; Canada; China; Cuba; Guatemala; Jamaica; Japan; Mexico; United States","185681","78457027","https://www.iucnredlist.org/species/pdf/78457027","NA"
"Brevibora dorsiocellata","Indonesia  Possibly extinct: Malaysia","90998768","90998826","https://www.iucnredlist.org/species/pdf/90998826","NA"
"Brycinus macrolepidotus","Angola; Benin; Burkina Faso; Cameroon; Central African Republic; Chad; Congo; The Democratic Republic of the; Côte d'Ivoire; Egypt; Equatorial Guinea; Eritrea; Ethiopia; Gabon; Ghana; Guinea; Guinea-Bissau; Liberia; Mali; Mauritania; Niger; Nigeria; Senegal; Sierra Leone; South Sudan; Sudan; Togo; Uganda","182816","134741552","https://www.iucnredlist.org/species/pdf/134741552","NA"
"Brycon amazonicus","Bolivia; Plurinational States of; Brazil; Colombia; Guyana; Peru; Venezuela; Bolivarian Republic of","167645","91629062","https://www.iucnredlist.org/species/pdf/91629062","NA"
"Brycon chagrensis","Panama","149115310","149122046","https://www.iucnredlist.org/species/pdf/149122046","NA"
"Brycon gouldingi","Brazil","134695006","134695015","https://www.iucnredlist.org/species/pdf/134695015","NA"
"Brycon hilarii","Argentina; Bolivia; Plurinational States of; Brazil; Colombia; Ecuador; Paraguay; Peru","49830152","85567284","https://www.iucnredlist.org/species/pdf/85567284","NA"
"Brycon melanopterus","Brazil; Colombia; Ecuador ); Peru","49829705","85567264","https://www.iucnredlist.org/species/pdf/85567264","NA"
"Brycon petrosus","Panama","149118674","149122056","https://www.iucnredlist.org/species/pdf/149122056","NA"
"Bryconamericus exodon","Argentina; Bolivia; Plurinational States of; Brazil; Paraguay","164539355","164539370","https://www.iucnredlist.org/species/pdf/164539370","Paraguay; Paraná; Langeani; Liotta; Almirón"
"Bubulcus ibis","Algeria; Angola; Anguilla; Antigua and Barbuda; Argentina; Aruba; Bahamas; Bahrain; Bangladesh; Barbados; Benin; Bermuda; Bhutan; Bolivia; Plurinational States of; Bonaire; Sint Eustatius and Saba; Botswana; Brazil; Brunei Darussalam; Burkina Faso; Burundi; Cabo Verde; Cambodia; Cameroon; Cayman Islands; Central African Republic; Chad; Chile; China; Cocos  Islands; Colombia; Comoros; Congo; The Democratic Republic of the; Cuba; Curaçao; Côte d'Ivoire; Djibouti; Dominica; Dominican Republic; Ecuador; Egypt; El Salvador; Equatorial Guinea; Eritrea; Eswatini; Ethiopia; Falkland Islands; France; French Guiana; Gabon; Gambia; Georgia; Ghana; Greece; Guadeloupe; Guatemala; Guinea; Guinea-Bissau; Guyana; Haiti; Honduras; India; Indonesia; Iran; Islamic Republic of; Iraq; Israel; Italy; Japan; Jordan; Kenya; Korea; Republic of; Lao People's Democratic Republic; Lesotho; Liberia; Libya; Madagascar; Malawi; Malaysia; Martinique; Mauritania; Mauritius; Mayotte; Mexico; Montserrat; Morocco; Mozambique; Myanmar; Namibia; Nepal; New Zealand; Nicaragua; Niger; Nigeria; Pakistan; Panama; Papua New Guinea; Paraguay; Peru; Philippines; Portugal; Russian Federation; Rwanda; Réunion; Saint Helena; Ascension and Tristan da Cunha; Saint Kitts and Nevis; Saint Lucia; Saint Martin; Saint Vincent and the Grenadines; Sao Tome and Principe; Saudi Arabia; Senegal; Seychelles; Sierra Leone; Singapore; Sint Maarten; Somalia; South Africa; South Georgia and the South Sandwich Islands; South Sudan; Spain; Sri Lanka; Sudan; Suriname; Syrian Arab Republic; Taiwan; Province of China; Thailand; Timor-Leste; Togo; Trinidad and Tobago; Tunisia; Turks and Caicos Islands; Türkiye; Uganda; United Arab Emirates; Venezuela; Bolivarian Republic of; Viet Nam; Virgin Islands; British; U.S.; Western Sahara; Yemen; Zambia; Zimbabwe","22697109","280979746","https://www.iucnredlist.org/species/pdf/280979746","British Indian Ocean Territory; United States"
"Bucephala albeola","Bermuda; Mexico Native","22680462","137784330","https://www.iucnredlist.org/species/pdf/137784330","NA"
"Bucephala islandica","Canada; Iceland; United States Native; Possibly Extinct: Greenland","22680459","180118783","https://www.iucnredlist.org/species/pdf/180118783","NA"
"Bufo bufo","Albania; Austria; Belarus; Belgium; Bosnia and Herzegovina; Bulgaria; China; Croatia; Czechia; Denmark; Estonia; Finland; France ); Germany; Gibraltar; Greece ); Hungary; Italy ); Kazakhstan; Latvia; Lebanon; Liechtenstein; Lithuania; Luxembourg; Moldova; Monaco; Montenegro; Netherlands; North Macedonia; Norway; Poland; Romania; Russian Federation; San Marino; Serbia; Slovakia; Slovenia; Sweden; Switzerland; Syrian Arab Republic; Türkiye; Ukraine; United Kingdom","88316072","78902726","https://www.iucnredlist.org/species/pdf/78902726","NA"
"Bufo gargarizans","China; Japan; Korea; Democratic People's Republic of; Republic of; Russian Federation","78017839","197248539","https://www.iucnredlist.org/species/pdf/197248539","Nansei-shoto; Okinawajima; Minami; Daitojima; Kita; Daitojima."
"Bufo japonicus","Japan","54673","177177294","https://www.iucnredlist.org/species/pdf/177177294","Japan"
"Bufotes viridis","Albania; Austria; Belarus; Bosnia and Herzegovina; Bulgaria; Croatia; Czechia; Estonia; France ); Germany; Greece ); Hungary; Italy ); Latvia; Lithuania; Malta; Moldova; Montenegro; North Macedonia; Poland; Romania; Russian Federation; Serbia; Slovakia; Slovenia; Türkiye; Ukraine","182530066","730332","https://www.iucnredlist.org/species/pdf/730332","NA"
"Bulinus truncatus","Algeria; Angola; Benin; Botswana; Burkina Faso; Burundi; Cameroon; Central African Republic; Chad; Congo; The Democratic Republic of the; Côte d'Ivoire; Egypt; Equatorial Guinea; Eswatini; Ethiopia; France ); Gabon; Gambia; Ghana; Greece; Guinea; Guinea- Bissau; Iran; Islamic Republic of; Iraq; Italy; Kenya; Lesotho; Liberia; Libya; Malawi; Mali; Mauritania; Morocco; Mozambique; Namibia; Niger; Nigeria; Portugal ); Rwanda; Saudi Arabia; Senegal; Sierra Leone; Somalia; South Africa; South Sudan; Spain ); Sudan; Syrian Arab Republic; Tanzania; United Republic of; Togo; Tunisia; Uganda; Yemen; Zambia; Zimbabwe","99507883","120114540","https://www.iucnredlist.org/species/pdf/120114540","Africa; Cameroon; Nchout; Monoun; Ngouondam; Petponoun-East; Petponoun-West; Brown; Arouna; Remy; Democratic; Republic; Congo; Gabon; Kenya; Tanzania; Ujiji; Kigoma; Uganda; Lake; Mutanda; Malawi; Sudan; Ethiopia; Lakes; Zwai; Awasha; Somalia; Egypt; Nile; Mauritania; South; The; IUCN; Red; List; Threatened; Species:; Bulinus"
"Butis koilomatodon","Australia; China; Indonesia; Malaysia; Viet Nam FAO Marine Fishing Areas: Native: Pacific - northwest Native: Pacific - western central","252730581","251700400","https://www.iucnredlist.org/species/pdf/251700400",""
"Butomus umbellatus","Albania; Austria; Belarus; Belgium; Bosnia and Herzegovina; Bulgaria; Croatia; Czech Republic; Denmark; Estonia; Finland; France ); Germany; Greece ); Hungary; Iran; Islamic Republic of; Italy; Sardegna); Latvia; Liechtenstein; Lithuania; Luxembourg; Moldova; Montenegro; Netherlands; Norway; Poland; Portugal ); Romania; Russian Federation; Serbia; Slovakia; Slovenia; Spain ); Sweden; Switzerland; Turkey; Ukraine ); United Kingdom","164438","42308818","https://www.iucnredlist.org/species/pdf/42308818","NA"
"Butorides striata","Angola; Anguilla; Antigua and Barbuda; Argentina; Aruba; Australia; Bahamas; Bangladesh; Barbados; Belize; Benin; Bhutan; Bolivia; Plurinational States of; Bonaire; Sint Eustatius and Saba; Botswana; Brazil; Brunei Darussalam; Burkina Faso; Burundi; Cambodia; Cameroon; Cayman Islands; Central African Republic; Chad; China; Colombia; Comoros; Congo; The Democratic Republic of the; Costa Rica; Cuba; Curaçao; Côte d'Ivoire; Djibouti; Dominica; Dominican Republic; Ecuador; Egypt; El Salvador; Equatorial Guinea; Eritrea; Eswatini; Ethiopia; Fiji; French Guiana; French Polynesia; Gabon; Gambia; Ghana; Grenada; Guadeloupe; Guatemala; Guinea; Guinea-Bissau; Guyana; Haiti; Honduras; India; Indonesia; Iran; Islamic Republic of; Jamaica; Japan; Kenya; Korea; Republic of; Lao People's Democratic Republic; Liberia; Madagascar; Malawi; Malaysia; Maldives; Mali; Martinique; Mauritania; Mauritius; Mayotte; Mexico; Montserrat; Mozambique; Myanmar; Namibia; Nepal; New Caledonia; Nicaragua; Niger; Nigeria; Oman; Pakistan; Palau; Panama; Papua New Guinea; Paraguay; Peru; Philippines; Puerto Rico; Qatar; Rwanda; Réunion; Saint Barthélemy; Saint Kitts and Nevis; Saint Lucia; Saint Martin; Saint Vincent and the Grenadines; Sao Tome and Principe; Saudi Arabia; Senegal; Seychelles; Sierra Leone; Singapore; Sint Maarten; Solomon Islands; Somalia; South Africa; South Sudan; Sri Lanka; Sudan; Suriname; Taiwan; Province of China; Tanzania; United Republic of; Thailand; Timor-Leste; Togo; Trinidad and Tobago; Turks and Caicos Islands; Uganda; United Arab Emirates; United States; Uruguay; Vanuatu; Venezuela; Bolivarian Republic of; Viet Nam; Virgin Islands; British; U.S.; Yemen; Zambia; Zimbabwe Native","22728182","163804848","https://www.iucnredlist.org/species/pdf/163804848","NA"
"Cabdio morar","Bangladesh; India; Myanmar; Nepal","166469","6215983","https://www.iucnredlist.org/species/pdf/6215983","NA"
"Caiman crocodilus","Brazil; Colombia; Costa Rica; Ecuador; El Salvador; French Guiana; Guatemala; Guyana; Honduras; Mexico; Nicaragua; Panama; Peru; Suriname; Trinidad and Tobago; Venezuela; Bolivarian Republic of","46584","3009688","https://www.iucnredlist.org/species/pdf/3009688","New; World; Mexico; Peru; Brazil; Colombia; Costa; Rica; Ecuador; El; Salvador; French; Guiana; Guatemala; Guyana; Honduras; Nicaragua; Panama; Suriname; Trinidad; Tobago; Venezuela; Cuba; Puerto; Rico; USA; Andres; Gorgona; Islands; Balaguera-Reina"
"Cairina moschata","Argentina; Belize; Bolivia; Plurinational States of; Brazil; Colombia; Costa Rica; Ecuador; El Salvador; French Guiana; Guatemala; Guyana; Honduras; Mexico; Nicaragua; Panama; Paraguay; Peru; Suriname; United States; Uruguay; Venezuela; Bolivarian Republic of Reintroduced: Trinidad and Tobago","22680061","131911211","https://www.iucnredlist.org/species/pdf/131911211","NA"
"Calla palustris","Austria; Belarus; Belgium; Canada; China; Croatia; Czech Republic; Denmark; Estonia; Finland; France ); Germany; Japan; Korea; Republic of; Latvia; Liechtenstein; Lithuania; Luxembourg; Netherlands; Norway; Poland; Romania; Russian Federation; Slovakia; Slovenia; Sweden; Switzerland; Turkey; Ukraine ); United Kingdom (Great Britain -","167822","42334121","https://www.iucnredlist.org/species/pdf/42334121","NA"
"Callichthys callichthys","Argentina; Bolivia; Plurinational States of; Brazil; Colombia; Ecuador; French Guiana; Guyana; Paraguay; Peru; Suriname; Trinidad and Tobago; Uruguay; Venezuela; Bolivarian Republic of","186907","1820174","https://www.iucnredlist.org/species/pdf/1820174","Least; Concern.; South; America; Cis-Andean; Buenos; Aires; Argentina; Bolivia; Brazil; Colombia; Ecuador; French; Guiana; Guyana; Paraguay; Peru; Suriname; Trinidad; Tobago; Uruguay; Venezuela."
"Callitriche brutia","Albania; Andorra; Austria; Belgium; Bosnia and Herzegovina; Bulgaria; Croatia; Cyprus; Czech Republic; Denmark; Estonia; Faroe Islands; Finland; France ); Georgia","164300","42334457","https://www.iucnredlist.org/species/pdf/42334457","NA"
"Callitriche cribrosa","Algeria; Italy ); Morocco; Portugal ); Spain )","164252","5799183","https://www.iucnredlist.org/species/pdf/5799183","NA"
"Callitriche hermaphroditica","Belarus; Canada; China; Czech Republic; Denmark; Estonia; Faroe Islands; Finland; Germany; Greenland; Iceland; India; Ireland; Latvia; Lithuania; Mongolia; Netherlands; Norway; Poland; Russian Federation; Svalbard and Jan Mayen; Sweden; Ukraine ); United Kingdom; United States","167828","69585026","https://www.iucnredlist.org/species/pdf/69585026","NA"
"Callitriche heterophylla","Argentina; Canada; Ecuador; Greenland; Guatemala; Mexico; United States; Uruguay; Venezuela; Bolivarian Republic of","64268932","66889787","https://www.iucnredlist.org/species/pdf/66889787","NA"
"Callitriche terrestris","Costa Rica ); United States","64269019","67728613","https://www.iucnredlist.org/species/pdf/67728613","NA"
"Callonetta leucophrys","Argentina; Bolivia; Plurinational States of; Brazil; Paraguay; Uruguay","22680101","194736119","https://www.iucnredlist.org/species/pdf/194736119","NA"
"Caltha palustris","Albania; Andorra; Austria; Belarus; Belgium; Bosnia and Herzegovina; Bulgaria; Croatia; Czech Republic; Denmark; Estonia; Faroe Islands; Finland; France ); Germany; Greece ); Guernsey; Hungary; Iceland; Ireland; Isle of Man; Italy ); Jersey;","167915","42321925","https://www.iucnredlist.org/species/pdf/42321925","NA"
"Cambarellus chapalanus","Mexico","153705","4534483","https://www.iucnredlist.org/species/pdf/4534483","NA"
"Cambarellus diminutus","United States","3670","10010991","https://www.iucnredlist.org/species/pdf/10010991","NA"
"Cambarellus montezumae","Mexico","153816","4548950","https://www.iucnredlist.org/species/pdf/4548950","NA"
"Cambarellus ninae","United States","153635","4523846","https://www.iucnredlist.org/species/pdf/4523846","NA"
"Cambarellus patzcuarensis","Mexico","153802","4546862","https://www.iucnredlist.org/species/pdf/4546862","NA"
"Cambarellus puer","United States","153931","4565476","https://www.iucnredlist.org/species/pdf/4565476","NA"
"Cambarellus schmitti","United States","153836","4551988","https://www.iucnredlist.org/species/pdf/4551988","NA"
"Cambarellus shufeldtii","United States (Alabama; Arkansas; Georgia -","154008","4575793","https://www.iucnredlist.org/species/pdf/4575793","NA"
"Cambarellus texanus","United States","153628","4522305","https://www.iucnredlist.org/species/pdf/4522305","NA"
"Cambarus cumberlandensis","United States","153776","4543484","https://www.iucnredlist.org/species/pdf/4543484","EOO; Cumberland; River; Kentucky; Roaring; Fork; Jackson; County; Tennessee; USA."
"Cambarus longirostris","United States (Alabama; Georgia; North Carolina; South Carolina -","153983","4572267","https://www.iucnredlist.org/species/pdf/4572267","NA"
"Cambarus robustus","Canada (Ontario; Québec -","153695","4532990","https://www.iucnredlist.org/species/pdf/4532990","NA"
"Cambarus tenebrosus","United States","153886","4558783","https://www.iucnredlist.org/species/pdf/4558783","NA"
"Campostoma anomalum","Canada; Mexico; United States","191256","130204306","https://www.iucnredlist.org/species/pdf/130204306","United; States; Canada; Atlantic; Great; Lakes; Mississippi; River; Hudson; Bay.; Bay; New; York; Ontario; North; Dakota; Wyoming; Georgia; Louisiana; Texas; Gulf; Slope; Galveston; Rio; Grande; Mexico; San; Juan; Mexico."
"Campostoma oligolepis","United States","201949","2731149","https://www.iucnredlist.org/species/pdf/2731149","NA"
"Campostoma pauciradii","United States","201950","2731227","https://www.iucnredlist.org/species/pdf/2731227","NA"
"Caquetaia kraussii","Colombia ); Venezuela; Bolivarian Republic of )","49830188","175978616","https://www.iucnredlist.org/species/pdf/175978616","Atrato; Cauca; Magdalena; River; Dahl; Ortega-Lara"
"Carasobarbus apoensis","Saudi Arabia","203407","2764937","https://www.iucnredlist.org/species/pdf/2764937","NA"
"Carasobarbus canis","Israel; Jordan; Palestinian Territory; Occupied; Syrian Arab Republic","60822","19222683","https://www.iucnredlist.org/species/pdf/19222683","NA"
"Carassius auratus","China; Hong Kong; Korea; Democratic People's Republic of; Republic of; Taiwan; Province of China","166083","1110472","https://www.iucnredlist.org/species/pdf/1110472","NA"
"Carassius carassius","Armenia; Austria; Azerbaijan; Belarus; Belgium; Bosnia and Herzegovina; Bulgaria; China; Croatia; Czechia; Denmark; Estonia; Finland; France ); Georgia; Germany; Hungary; Iran; Islamic Republic of; Kazakhstan; Latvia; Liechtenstein; Lithuania; Luxembourg; Moldova; Mongolia; Montenegro; Netherlands; North Macedonia; Norway; Poland; Romania; Russian Federation; Serbia; Slovakia; Slovenia; Sweden; Switzerland; Türkiye; Ukraine; Uzbekistan","3849","58294635","https://www.iucnredlist.org/species/pdf/58294635","Italy; United Kingdom; Great; Britain; England"
"Carassius cuvieri","Japan","166137","210023750","https://www.iucnredlist.org/species/pdf/210023750","China; Korea; Republic of; Taiwan; Province of China"
"Carex aquatilis","Canada; Finland; Germany; Greenland; Ireland; Netherlands; Norway; Russian Federation; Sweden; United Kingdom; United States","167841","69584848","https://www.iucnredlist.org/species/pdf/69584848","NA"
"Carex lurida","Canada; Dominican Republic; Ecuador ); Mexico; United States; Venezuela; Bolivarian Republic of )","64272072","66906215","https://www.iucnredlist.org/species/pdf/66906215","NA"
"Caridina babaulti","India; Iran; Islamic Republic of; Iraq","198303","19013695","https://www.iucnredlist.org/species/pdf/19013695","NA"
"Caridina brachydactyla","India; Indonesia; Madagascar; Malaysia; South Africa; Tanzania; United Republic of","198317","147799376","https://www.iucnredlist.org/species/pdf/147799376","NA"
"Caridina breviata","China","198114","2512342","https://www.iucnredlist.org/species/pdf/2512342","NA"
"Caridina brevicarpalis","Fiji; Indonesia; Philippines; Vanuatu","197757","147787449","https://www.iucnredlist.org/species/pdf/147787449","NA"
"Caridina caerulea","Indonesia","197973","2507226","https://www.iucnredlist.org/species/pdf/2507226","NA"
"Caridina cantonensis","China; Hong Kong","197666","147785963","https://www.iucnredlist.org/species/pdf/147785963","NA"
"Caridina dennerli",NA,"198055","109683594","https://www.iucnredlist.org/species/pdf/109683594","NA"
"Caridina gracilirostris","Cambodia; Fiji; India; Indonesia; Japan; Madagascar; Malaysia; Palau; Philippines; Singapore; Taiwan; Province of China ); Thailand","198059","2510173","https://www.iucnredlist.org/species/pdf/2510173","NA"
"Caridina multidentata","Japan; Taiwan; Province of China )","198258","147797329","https://www.iucnredlist.org/species/pdf/147797329","NA"
"Caridina parvidentata","Indonesia","197853","147789878","https://www.iucnredlist.org/species/pdf/147789878","NA"
"Caridina propinqua","Bangladesh; India; Japan; Malaysia; Philippines; Singapore; Sri Lanka; Thailand","197665","147785812","https://www.iucnredlist.org/species/pdf/147785812","NA"
"Caridina richtersi","Mauritius )","197856","2502823","https://www.iucnredlist.org/species/pdf/2502823","NA"
"Caridina rubropunctata","Viet Nam","197756","2498666","https://www.iucnredlist.org/species/pdf/2498666","NA"
"Caridina serratirostris","Australia; Fiji; Japan; Madagascar; New Caledonia; Philippines; Vanuatu","198313","147798985","https://www.iucnredlist.org/species/pdf/147798985","NA"
"Caridina simoni","India; Sri Lanka","197586","2491756","https://www.iucnredlist.org/species/pdf/2491756","NA"
"Caridina spinata","Indonesia","197754","139141338","https://www.iucnredlist.org/species/pdf/139141338","NA"
"Caridina weberi","Fiji; French Polynesia; Indonesia; New Caledonia; Taiwan; Province of China ); Thailand","197719","147786864","https://www.iucnredlist.org/species/pdf/147786864","NA"
"Caridina woltereckae","Indonesia","197697","139141832","https://www.iucnredlist.org/species/pdf/139141832","NA"
"Carnegiella marthae","Bolivia; Plurinational States of; Brazil; Colombia; Ecuador; Peru; Venezuela; Bolivarian Republic of","49830425","159098616","https://www.iucnredlist.org/species/pdf/159098616","NA"
"Carnegiella strigata","Bolivia; Plurinational States of; Brazil; Colombia; Ecuador; French Guiana; Guyana; Peru; Suriname; Venezuela; Bolivarian Republic of","49830133","186970730","https://www.iucnredlist.org/species/pdf/186970730","Amazon; Orinoco; Guyanas; Brazil; Bolivia; Peru; Ecuador; Colombia; Venezuela; Guyana; Suriname; French; Guiana; Palmer; GBIF"
"Carpiodes carpio","Mexico; United States","191235","129655608","https://www.iucnredlist.org/species/pdf/129655608","NA"
"Carpiodes cyprinus","Canada; United States","202054","2733163","https://www.iucnredlist.org/species/pdf/2733163","NA"
"Carpiodes velifer","United States","202055","2733241","https://www.iucnredlist.org/species/pdf/2733241","NA"
"Castor canadensis","Canada; Mexico; United States","4003","22187946","https://www.iucnredlist.org/species/pdf/22187946","NA"
"Castor fiber","Belarus; China; France; Germany; Kazakhstan; Luxembourg; Mongolia; Norway; Russian Federation Native; Extinct: Moldova; Portugal; Turkey; United Kingdom","4007","197499749","https://www.iucnredlist.org/species/pdf/197499749","NA"
"Catathyridium jenynsii","Argentina; Bolivia; Plurinational States of; Brazil; Paraguay; Peru; Uruguay","186642","1816187","https://www.iucnredlist.org/species/pdf/1816187","NA"
"Catostomus ardens","United States","202056","2733314","https://www.iucnredlist.org/species/pdf/2733314","NA"
"Catostomus catostomus","Canada; Russian Federation; United States","62192","159616602","https://www.iucnredlist.org/species/pdf/159616602","Finland"
"Catostomus commersonii","Canada; United States","202058","2733467","https://www.iucnredlist.org/species/pdf/2733467","NA"
"Catostomus fumeiventris","United States","202059","2733547","https://www.iucnredlist.org/species/pdf/2733547","NA"
"Catostomus occidentalis","United States","62195","3109573","https://www.iucnredlist.org/species/pdf/3109573","NA"
"Catostomus platyrhynchus","Canada; United States","202062","2733785","https://www.iucnredlist.org/species/pdf/2733785","NA"
"Catostomus santaanae","United States","4049","2932819","https://www.iucnredlist.org/species/pdf/2932819","NA"
"Catostomus tahoensis","United States","202063","2733869","https://www.iucnredlist.org/species/pdf/2733869","NA"
"Cenchrus purpureus","Algeria; Angola; Benin; Burkina Faso; Burundi; Cameroon; Central African Republic; Chad; Congo; The Democratic Republic of the; Côte d'Ivoire; Equatorial Guinea; Ethiopia; Gabon; Gambia; Ghana; Guinea; Guinea-Bissau; Kenya; Liberia; Malawi; Mali; Mozambique; Niger; Nigeria; Rwanda; Sao Tomé and Principe; Seychelles; Sierra Leone; Sudan; Tanzania; United Republic of; Togo; Uganda; Zambia; Zimbabwe","18963209","117199421","https://www.iucnredlist.org/species/pdf/117199421","NA"
"Centella asiatica","American Samoa; Angola; Australia; Bangladesh; Bhutan; Botswana; Cameroon; Central African Republic; China; Congo; The Democratic Republic of the; Cook Islands; Côte d'Ivoire; Ethiopia; Fiji; French Polynesia; Gabon; Gambia; Ghana; Guam; Guinea; India; Indonesia; Japan; Kenya; Korea; Democratic People's Republic of; Republic of; Lao People's Democratic Republic; Liberia; Madagascar; Malawi; Malaysia; Mali; Marshall Islands; Mauritius ); Micronesia; Federated States of; Mozambique; Myanmar ); Nepal; Nigeria; Niue; Pakistan; Palau; Papua New Guinea; Sao Tome and Principe; Saudi Arabia; Senegal; Somalia; South Africa; Sri Lanka; Sudan; Taiwan; Province of China; Tanzania; United Republic of; Thailand; Tonga; Viet Nam; Yemen; Zambia; Zimbabwe","168725","88308182","https://www.iucnredlist.org/species/pdf/88308182","NA"
"Centrarchus macropterus","United States","202434","2744948","https://www.iucnredlist.org/species/pdf/2744948","NA"
"Ceratophrys ornata","Argentina  Native; Possibly Extinct: Brazil; Uruguay","56340","263201909","https://www.iucnredlist.org/species/pdf/263201909","NA"
"Ceratophyllum demersum","Albania; Andorra; Angola; Argentina; Australia; Austria; Belarus; Belgium; Benin; Bosnia and Herzegovina; Botswana; Brazil; Bulgaria; Burkina Faso; Burundi; Cambodia; Cameroon; Canada; Central African Republic; Chad; Chile; China; Congo; The Democratic Republic of the; Costa Rica ); Côte d'Ivoire; Croatia; Cuba; Czechia; Denmark; Djibouti; Dominica; Egypt ); Eritrea; Estonia; Ethiopia; Fiji; Finland; France ); Gabon; Germany; Ghana; Greece; Kriti); Grenada; Guernsey; Guinea-Bissau; Honduras; Hungary; India; Indonesia; Iran; Islamic Republic of; Iraq; Ireland; Italy; Sardegna; Sicilia); Jamaica; Japan; Kenya; Lao People's Democratic Republic; Latvia; Liechtenstein; Lithuania; Luxembourg; Macedonia; the former Yugoslav Republic of; Madagascar; Malawi; Malaysia; Martinique; Mauritania; Moldova; Montenegro; Morocco; Mozambique; Namibia; Netherlands; Nicaragua ); Nigeria; Norway; Oman; Panama; Papua New Guinea ); Philippines; Poland; Portugal ); Puerto Rico ); Romania; Russian Federation; Rwanda; Saint Lucia; Saint Vincent and the Grenadines; Saudi Arabia; Senegal; Serbia; Slovakia; Slovenia; South Africa; South Sudan; Spain ); Sudan; Sweden; Switzerland; Taiwan; Province of China; Tanzania; United Republic of; Thailand; Togo; Trinidad and Tobago; Turkey; Uganda; Ukraine ); United Kingdom; United States (Alaska; Arizona; California; Colorado; Connecticut; Hawaiian Is. -","164459","120143653","https://www.iucnredlist.org/species/pdf/120143653","NA"
"Ceratophyllum submersum","Albania; Austria; Belarus; Belgium; Bulgaria; Cameroon; Chad; Croatia; Czech Republic; Denmark; Estonia; France ); Germany; Greece ); Hungary; Italy; Sicilia); Kazakhstan; Kenya; Latvia; Liechtenstein; Lithuania; Luxembourg; Macedonia; the former Yugoslav Republic of; Moldova; Montenegro; Netherlands; Nigeria; Poland; Romania; Russian Federation; Serbia; Slovakia; Slovenia; Spain ); Sweden; Switzerland; Tanzania; United Republic of; Turkey; Ukraine ); United Kingdom","167833","96188202","https://www.iucnredlist.org/species/pdf/96188202","NA"
"Ceratopteris thalictroides","Angola; Australia; Bangladesh; Brazil; Burundi; Cambodia; Cameroon; China; Colombia; Congo; The Democratic Republic of the; Costa Rica; Côte d'Ivoire; Ecuador; El Salvador; Eswatini;","168862","84005839","https://www.iucnredlist.org/species/pdf/84005839","NA"
"Cereopsis novaehollandiae","Australia","22679958","131910442","https://www.iucnredlist.org/species/pdf/131910442","NA"
"Ceylonthelphusa kandambyi","Sri Lanka","61696","12528475","https://www.iucnredlist.org/species/pdf/12528475","NA"
"Chalceus macrolepidotus","Brazil; Colombia; French Guiana; Guyana; Suriname;","49830264","91629315","https://www.iucnredlist.org/species/pdf/91629315","NA"
"Channa argus","China; Japan; Russian Federation","13151166","13151169","https://www.iucnredlist.org/species/pdf/13151169","China; Japan; Korea; Democratic People's Republic"
"Channa asiatica","China; Hong Kong; Taiwan; Province of China; Viet Nam","166021","1106176","https://www.iucnredlist.org/species/pdf/1106176","NA"
"Channa bleheri","India","168567","6516424","https://www.iucnredlist.org/species/pdf/6516424","NA"
"Channa gachua","Afghanistan; Bangladesh; Bhutan; Cambodia; China; Hong Kong; India; Indonesia; Iran; Islamic Republic of; Iraq; Lao People's Democratic Republic; Malaysia; Myanmar; Nepal; Singapore; Sri Lanka; Thailand; Viet Nam","166123","6179047","https://www.iucnredlist.org/species/pdf/6179047","NA"
"Channa lucius","Brunei Darussalam; Cambodia; Indonesia; Lao People's Democratic Republic; Malaysia; Singapore; Thailand; Viet Nam Native; Possibly Extinct: Indonesia","180831","89798655","https://www.iucnredlist.org/species/pdf/89798655","Java.; Southeast; Asia; Khlong; Mekong; River; Malay; Peninsula; Sumatra; Meureubo; Way; Tulang; Bawang; Java; Kali; Garang; The; IUCN; Red; List; Threatened; Species:; Channa; UNEP-WCMC"
"Channa maculata","China; Hong Kong; Taiwan; Province of China; Viet Nam","166090","58315725","https://www.iucnredlist.org/species/pdf/58315725","Japan; Madagascar; United States"
"Channa marulius","Bangladesh; China; India; Lao People's Democratic Republic; Myanmar; Nepal; Pakistan; Sri Lanka; Thailand; Viet Nam","172328","6868796","https://www.iucnredlist.org/species/pdf/6868796","NA"
"Channa micropeltes","Cambodia; Indonesia; Malaysia; Thailand; Viet Nam Native; Possibly Extinct: Indonesia","172432","89799044","https://www.iucnredlist.org/species/pdf/89799044","Philippines; Singapore; Java.; Southeast; Asia; Khlong; The; IUCN; Red; List; Threatened; Species:; Channa; UNEP-WCMC"
"Channa panaw","Myanmar )","168424","6489765","https://www.iucnredlist.org/species/pdf/6489765","NA"
"Channa punctata","Sri Lanka","166437","60584432","https://www.iucnredlist.org/species/pdf/60584432",""
"Channa striata","Sri Lanka","166563","60591113","https://www.iucnredlist.org/species/pdf/60591113",""
"Chanodichthys dabryi","China; Russian Federation","166109","6176093","https://www.iucnredlist.org/species/pdf/6176093","NA"
"Chanodichthys erythropterus","China; Korea; Democratic People's Republic of; Republic of; Mongolia; Russian Federation; Taiwan; Province of China; Viet Nam","166143","159755004","https://www.iucnredlist.org/species/pdf/159755004","NA"
"Chanos chanos","American Samoa; Australia; Bahrain; Cambodia; China; Cocos  Islands; Comoros; Costa Rica; Djibouti; Ecuador; El Salvador; Fiji; French Polynesia; Guam; Guatemala; Honduras; Hong Kong; India; Indonesia; Iran; Islamic Republic of; Iraq; Japan; Kenya; Kiribati; Kuwait; Madagascar; Malaysia; Maldives; Marshall Islands; Mauritius; Mexico; Micronesia; Federated States of; Mozambique; Myanmar; New Caledonia; New Zealand; Nicaragua; Norfolk Island; Northern Mariana Islands; Oman; Pakistan; Palau; Panama; Papua New Guinea; Peru; Philippines; Qatar; Réunion; Samoa; Saudi Arabia; Seychelles; Solomon Islands; Somalia; South Africa; Sri Lanka; Sudan; Taiwan; Province of China; Tanzania; United Republic of; Thailand; Tonga; Tuvalu; United Arab Emirates; United States; United States Minor Outlying Islands; Vanuatu; Viet Nam","60324","151598011","https://www.iucnredlist.org/species/pdf/151598011","NA"
"Charax stenopterus","Argentina; Brazil; Paraguay; Uruguay","186402","1812522","https://www.iucnredlist.org/species/pdf/1812522","NA"
"Chasmistes brevirostris","United States","4585","3003301","https://www.iucnredlist.org/species/pdf/3003301","NA"
"Cheirodon interruptus","Argentina; Brazil; Uruguay","186323","1811316","https://www.iucnredlist.org/species/pdf/1811316","Chile; Uruguay; Paraná; Brazil; Pampas; Argentina; Teixeira; Mello"
"Chelon auratus","Albania; Algeria; Belgium; Bosnia and Herzegovina; Bulgaria; Croatia; Cyprus; Denmark; Egypt ); Faroe Islands; France ); Georgia; Germany; Gibraltar; Greece; Kriti); Guernsey; Ireland; Isle of Man; Israel; Italy; Sardegna; Sicilia); Jersey; Lebanon; Libya; Mauritania; Monaco; Montenegro; Morocco; Netherlands; Norway; Palestine; State of; Poland; Portugal; Selvagens); Romania; Russian Federation; Senegal; Serbia; Slovenia; Spain; Spanish North African Territories); Sweden; Syrian Arab Republic; Tunisia; Türkiye; Ukraine; United Kingdom; Western Sahara","135579","21910530","https://www.iucnredlist.org/species/pdf/21910530","Azerbaijan; Iran; Islamic Republic of; Turkmenistan; Caspian; Sea"
"Chelon labrosus","Albania; Algeria; Belgium; Bosnia and Herzegovina; Cabo Verde; Croatia; Cyprus; Denmark; Egypt ); Faroe Islands; France ); Gambia; Georgia; Germany; Gibraltar; Greece; Kriti); Guernsey; Iceland; Ireland; Isle of Man; Israel; Italy; Sardegna; Sicilia); Jersey; Lebanon; Libya; Malta; Mauritania; Monaco; Montenegro; Morocco; Netherlands; Norway; Palestine; State of; Portugal; Selvagens); Russian Federation; Senegal; Slovenia; Spain; Spanish North African Territories); Syrian Arab Republic; Tunisia; Türkiye; Ukraine; United Kingdom; Western Sahara FAO Marine Fishing Areas: Native: Atlantic - northeast Native: Atlantic - eastern central Native: Mediterranean and Black Sea","135689","21910140","https://www.iucnredlist.org/species/pdf/21910140","NA"
"Chelon ramada","Albania; Algeria; Belgium; Bosnia and Herzegovina; Bulgaria; Croatia; Cyprus; Denmark; Egypt ); Faroe Islands; France ); Georgia; Germany; Gibraltar; Greece; Kriti); Guernsey; Ireland; Isle of Man; Israel; Italy; Sardegna; Sicilia); Jersey; Lebanon; Libya; Malta; Mauritania; Monaco; Montenegro; Morocco; Netherlands; Norway; Palestine; State of; Portugal ); Romania; Russian Federation; Slovenia; Spain; Spanish North African Territories); Sweden; Syrian Arab Republic; Tunisia; Türkiye; Ukraine; United Kingdom; Western Sahara","135714","21910870","https://www.iucnredlist.org/species/pdf/21910870","NA"
"Chelydra serpentina","Canada; United States  Native; Possibly","163424","251347989","https://www.iucnredlist.org/species/pdf/251347989","Belgium; Canada; China; France; Germany; Hong Kong; Italy; Japan; Korea; Republic of; Taiwan; Province of China; United States"
"Chenonetta jubata","Australia","22680111","253970179","https://www.iucnredlist.org/species/pdf/253970179","NA"
"Cherax boesemani","Indonesia","165920","6163786","https://www.iucnredlist.org/species/pdf/6163786","NA"
"Cherax cainii","Australia (New South Wales -","153634","4523609","https://www.iucnredlist.org/species/pdf/4523609","NA"
"Cherax destructor","Australia","4622","11042150","https://www.iucnredlist.org/species/pdf/11042150","NA"
"Cherax holthuisi","Indonesia","153651","4527117","https://www.iucnredlist.org/species/pdf/4527117","NA"
"Cherax lorentzi","Indonesia","153683","4531676","https://www.iucnredlist.org/species/pdf/4531676","NA"
"Cherax monticola","Indonesia","165922","6164009","https://www.iucnredlist.org/species/pdf/6164009","NA"
"Cherax papuanus","Papua New Guinea )","153660","4528294","https://www.iucnredlist.org/species/pdf/4528294","NA"
"Cherax peknyi","Papua New Guinea )","165921","6163890","https://www.iucnredlist.org/species/pdf/6163890","NA"
"Cherax preissii","Australia","153690","4532362","https://www.iucnredlist.org/species/pdf/4532362","NA"
"Cherax quadricarinatus","Australia (New South Wales -","4621","11041003","https://www.iucnredlist.org/species/pdf/11041003","NA"
"Cherax quinquecarinatus","Australia","153731","4537622","https://www.iucnredlist.org/species/pdf/4537622","NA"
"Cherax tenuimanus","Australia","4618","11033949","https://www.iucnredlist.org/species/pdf/11033949","NA"
"Chindongo ater","Malawi","61161","148652958","https://www.iucnredlist.org/species/pdf/148652958","NA"
"Chindongo socolofi","Mozambique","61176","148675754","https://www.iucnredlist.org/species/pdf/148675754","NA"
"Chirostoma consocium","Mexico (Chihuahua -","191146","1971214","https://www.iucnredlist.org/species/pdf/1971214","NA"
"Chirostoma estor","Mexico","191151","1971275","https://www.iucnredlist.org/species/pdf/1971275","NA"
"Chirostoma jordani","Mexico","191158","1971456","https://www.iucnredlist.org/species/pdf/1971456","Central; Mexico; Plateau"
"Chirostoma labarcae","Mexico","191160","1971503","https://www.iucnredlist.org/species/pdf/1971503","NA"
"Chirostoma sphyraena","Mexico (Chihuahua -","191188","1972387","https://www.iucnredlist.org/species/pdf/1972387","NA"
"Chitala blanci","Cambodia; Lao People's Democratic Republic; Thailand; Viet Nam","4694","174778090","https://www.iucnredlist.org/species/pdf/174778090","NA"
"Chitala chitala","Bangladesh; India; Nepal; Pakistan","166510","6225101","https://www.iucnredlist.org/species/pdf/6225101","NA"
"Chitala ornata","Cambodia; Lao People's Democratic Republic; Thailand; Viet Nam","181056","1693604","https://www.iucnredlist.org/species/pdf/1693604","NA"
"Chloephaga melanoptera","Argentina; Bolivia; Plurinational States of; Chile; Peru","22679972","264999409","https://www.iucnredlist.org/species/pdf/264999409","NA"
"Chloephaga picta","Argentina; Chile; Falkland Islands","22679975","264999924","https://www.iucnredlist.org/species/pdf/264999924","NA"
"Chloephaga poliocephala","Argentina; Chile","22679981","264998491","https://www.iucnredlist.org/species/pdf/264998491","NA"
"Chondrostoma nasus","Austria; Belarus; Belgium; Bosnia and Herzegovina; Bulgaria; Croatia; Czechia; France ); Germany; Hungary; Latvia; Liechtenstein; Lithuania; Luxembourg; Moldova; Montenegro; Netherlands; Poland; Romania; Russian Federation; Serbia; Slovakia; Slovenia; Switzerland; Türkiye; Ukraine","225435143","135083986","https://www.iucnredlist.org/species/pdf/135083986","Italy"
"Chondrostoma soetta","Italy ); Switzerland Native; Extinct: Slovenia","4794","137241775","https://www.iucnredlist.org/species/pdf/137241775","NA"
"Chromobotia macracanthus","Indonesia","89807166","89807177","https://www.iucnredlist.org/species/pdf/89807177","NA"
"Chrosomus eos","Canada; United States","202066","15363708","https://www.iucnredlist.org/species/pdf/15363708","NA"
"Chrosomus neogaeus","Canada; United States","184089","15363917","https://www.iucnredlist.org/species/pdf/15363917","NA"
"Chrosomus oreas","United States","202068","15362544","https://www.iucnredlist.org/species/pdf/15362544","NA"
"Chrysemys picta","Canada; Mexico; United States (Alabama; Arizona; Arkansas; California -","163467","97410447","https://www.iucnredlist.org/species/pdf/97410447","NA"
"Cichla kelberi","Brazil","134700607","134700611","https://www.iucnredlist.org/species/pdf/134700611","Brazil"
"Cichla monoculus","Brazil; Colombia; Ecuador; French Guiana; Peru; Venezuela; Bolivarian Republic of","49830122","159171742","https://www.iucnredlist.org/species/pdf/159171742","Malaysia"
"Cichla ocellaris","Brazil; French Guiana; Guyana; Suriname","13151133","13151136","https://www.iucnredlist.org/species/pdf/13151136","Puerto Rico; United States"
"Cichla orinocensis","Brazil; Colombia ); Venezuela; Bolivarian Republic of )","85282026","85282030","https://www.iucnredlist.org/species/pdf/85282030","Malaysia"
"Cichla pinima","Brazil","134700711","134700716","https://www.iucnredlist.org/species/pdf/134700716","Brazil"
"Cichla piquiti","Brazil","134700735","134700740","https://www.iucnredlist.org/species/pdf/134700740","Brazil"
"Cichla pleiozona","Bolivia; Plurinational States of; Brazil","49829675","159171807","https://www.iucnredlist.org/species/pdf/159171807","Bolivian; Amazon; Rio; Madre; Dios; Beni; Mamoré; Guaporé; Bolivia; Brazil; Jamari; Madeira; Ferreira"
"Cichla temensis","Brazil; Colombia; Guyana; Venezuela; Bolivarian Republic of","164491891","164491901","https://www.iucnredlist.org/species/pdf/164491901","Negro; Brazil; Venezuela; Orinoco; Branco"
"Cichlasoma bimaculatum","Brazil; French Guiana; Guyana; Suriname; Venezuela; Bolivarian Republic of","49829929","159171940","https://www.iucnredlist.org/species/pdf/159171940","United States"
"Cichlasoma dimerus","Argentina; Bolivia; Plurinational States of; Brazil; Paraguay; Uruguay","164492104","164492117","https://www.iucnredlist.org/species/pdf/164492117","NA"
"Ciconia boyciana","China; Hong Kong; Japan; Korea; Democratic People's Republic of; Republic of; Russian Federation; Taiwan; Province of China Vagrant: Bangladesh; India; Mongolia; Myanmar; Philippines","22697695","131942061","https://www.iucnredlist.org/species/pdf/131942061","NA"
"Ciconia ciconia","Algeria; Angola; Armenia; Azerbaijan; Bangladesh; Belgium; Benin; Botswana; Bulgaria; Burkina Faso; Burundi; Cameroon; Central African Republic; Chad; China; Congo; The Democratic Republic of the; Czechia; Côte d'Ivoire; Denmark; Djibouti; Egypt; Eritrea; Eswatini; Ethiopia; France; Gabon; Georgia; Ghana; Greece; Guinea; Guinea-Bissau; Hungary; India; Iran; Islamic Republic of; Iraq; Israel; Italy; Latvia; Lesotho; Libya; Liechtenstein; Luxembourg; Malawi; Mali; Malta; Mauritania; Moldova; Montenegro; Morocco; Mozambique; Namibia; Nepal; Netherlands; Niger; Nigeria; North Macedonia; Oman; Pakistan; Poland; Portugal; Romania; Russian Federation; Rwanda; Senegal; Serbia; Slovakia; Slovenia; Somalia; South Africa; Spain; Sri Lanka; Sudan; Switzerland; Tanzania; United Republic of; Thailand; Togo; Tunisia; Türkiye; Uganda; Ukraine; Western Sahara; Yemen; Zambia; Zimbabwe Native","22697691","281839847","https://www.iucnredlist.org/species/pdf/281839847","NA"
"Ciconia episcopus","Bangladesh; Bhutan; Cambodia; India; Indonesia; Lao People's Democratic Republic; Malaysia; Myanmar; Nepal; Pakistan; Sri Lanka; Thailand; Viet Nam Native; Possibly Extinct: Philippines","22727255","175530482","https://www.iucnredlist.org/species/pdf/175530482","NA"
"Ciconia nigra","Algeria; Angola; Bhutan; Botswana; Bulgaria; Central African Republic; China; Croatia; Czechia; Côte d'Ivoire; Djibouti; Egypt; Eritrea; Eswatini; Ethiopia; France; Georgia; Greece; Guinea; Guinea-Bissau; Hong Kong; Hungary; India; Iran; Islamic Republic of; Israel; Italy; Japan; Jordan; Kenya; Korea; Democratic People's Republic of; Republic of; Lao People's Democratic Republic; Lesotho; Libya; Malawi; Malta; Mauritania; Moldova; Montenegro; Morocco; Mozambique; Namibia; Nepal; Netherlands; Nigeria; North Macedonia; Pakistan; Poland; Portugal; Romania; Russian Federation; Saudi Arabia; Senegal; Serbia; Slovakia; Slovenia; Spain; Sri Lanka; Sudan; Switzerland; Taiwan; Province of China; Tanzania; United Republic of; Thailand; Togo; Tunisia; Turkmenistan; Türkiye; Uganda; Ukraine; Viet Nam; Yemen; Zambia Native","22697669","281840802","https://www.iucnredlist.org/species/pdf/281840802","NA"
"Cinclus cinclus","Afghanistan; Albania; Algeria; Andorra; Armenia; Austria; Azerbaijan; Belarus; Belgium; Bhutan; Bosnia and Herzegovina; Bulgaria; China; Croatia; Czechia; Denmark; Estonia; Finland; France; Georgia; Germany; Greece; Hungary; India; Iran; Islamic Republic of; Iraq; Ireland; Italy; Kazakhstan; Kyrgyzstan; Latvia; Lebanon; Liechtenstein; Lithuania; Luxembourg; Macedonia; the former Yugoslav Republic of; Mongolia; Montenegro; Morocco; Myanmar; Nepal; Netherlands; Norway; Pakistan; Poland; Portugal; Romania; Russian Federation; Serbia; Slovakia; Slovenia; Spain; Sweden; Switzerland; Tajikistan; Turkey; Turkmenistan; Ukraine; United Kingdom; Uzbekistan Regionally extinct: Cyprus Vagrant: Faroe Islands; Malta; Tunisia","22708156","131946814","https://www.iucnredlist.org/species/pdf/131946814","NA"
"Cipangopaludina chinensis","China; Japan; Taiwan; Province of China","166265","1124988","https://www.iucnredlist.org/species/pdf/1124988","China; Heilongjiang; Jilin; Liaoning; Neimenggu; Xinjiang; Ningxia; Shanxi; Hebei; Henan; Shandong; Anhui; Jiangsu; Zhejiang; Jiangxi; Hubei; Hunan; Fujian; Taiwan; Guangdong; Guangxi; Sichuan; Yunnan; Myanmar; Thailand; Viet; Nam; Philippines; Indonesia; People's; Republic; Korea; Japan"
"Cirrhinus cirrhosus","India","166531","6230103","https://www.iucnredlist.org/species/pdf/6230103","NA"
"Cirrhinus molitorella","Cambodia; China; Lao People's Democratic Republic; Thailand; Viet Nam","166016","6168828","https://www.iucnredlist.org/species/pdf/6168828","NA"
"Cirrhinus mrigala","Bangladesh; India; Pakistan","166146","6183216","https://www.iucnredlist.org/species/pdf/6183216",""
"Cirrhinus reba","Bangladesh; India; Nepal; Pakistan","172464","6897426","https://www.iucnredlist.org/species/pdf/6897426","NA"
"Cladium mariscus","Albania; Algeria; Angola; Argentina; Austria; Bahamas; Belarus; Belgium; Belize; Benin; Bermuda; Bolivia; Plurinational States of; Bosnia and Herzegovina; Botswana; Brazil; Bulgaria; Burundi; Cameroon; Cape Verde; Cayman Islands; China; Congo; The Democratic Republic of the; Costa Rica; Cuba; Cyprus; Czech Republic; Denmark; Dominica; Egypt; Finland; France ); French Polynesia; Georgia; Germany; Ghana; Greece; Kriti); Guatemala; Haiti; Honduras; Hungary; Indonesia; Ireland; Italy; Sardegna; Sicilia); Jamaica; Japan; Kazakhstan; Kenya; Korea; Democratic People's Republic of; Republic of; Kyrgyzstan; Libya; Madagascar; Malawi; Mauritius ); Mexico; Mongolia; Morocco; Namibia; Nepal; Netherlands; New Caledonia; Nicaragua; Norway; Oman; Palestinian Territory; Occupied; Panama; Papua New Guinea; Paraguay; Peru; Poland; Portugal ); Puerto Rico; Romania; Russian Federation; Rwanda; Saudi Arabia; Senegal; Slovenia; Solomon Islands; South Africa; Spain ); Suriname; Sweden; Switzerland; Taiwan; Province of China; Tanzania; United Republic of; Tunisia; Uganda; Ukraine ); United Arab Emirates; United Kingdom; United States; Uruguay; Uzbekistan; Venezuela; Bolivarian Republic of; Yemen; Zambia; Zimbabwe","164157","65910896","https://www.iucnredlist.org/species/pdf/65910896","NA"
"Clarias anguillaris","Benin; Burkina Faso; Cameroon; Chad; Côte d'Ivoire; Egypt; Ethiopia; Gambia; Ghana; Guinea; Guinea-Bissau; Mali; Mauritania; Niger; Nigeria; Senegal; Sierra Leone; South Sudan; Sudan; Togo","182189","134907945","https://www.iucnredlist.org/species/pdf/134907945","Mauritania; Ethiopia; Nile."
"Clarias batrachus","Indonesia","166613","1138872","https://www.iucnredlist.org/species/pdf/1138872","Cambodia; Thailand; Viet; Nam; Lao; PDR; Mekong; Chao; Phraya; Malaysia; Sabah; Indonesia; Sumatra; Java."
"Clarias camerunensis","Angola; Benin; Cameroon; Central African Republic; Congo; The Democratic Republic of the; Equatorial Guinea; Gabon; Ghana; Nigeria; South Sudan; Togo","183005","134908622","https://www.iucnredlist.org/species/pdf/134908622","NA"
"Clarias fuscus","China; Hong Kong; Lao People's Democratic Republic; Taiwan; Province of China; Viet Nam","166124","162163152","https://www.iucnredlist.org/species/pdf/162163152","Japan; United States"
"Clarias gariepinus","Algeria; Angola; Benin; Botswana; Burkina Faso; Burundi; Cameroon; Central African Republic; Chad; Congo; The Democratic Republic of the; Egypt; Eritrea; Eswatini; Ethiopia; Ghana; Guinea; Israel; Jordan; Kenya; Lebanon; Liberia; Libya; Malawi; Mozambique; Namibia; Niger; Nigeria; Rwanda; Senegal; Somalia; South Africa; South Sudan; Sudan; Syrian Arab Republic; Tanzania; United Republic of; Togo; Turkey; Uganda; Zambia; Zimbabwe","166023","155051767","https://www.iucnredlist.org/species/pdf/155051767","NA"
"Clarias liocephalus","Angola; Burundi; Congo; The Democratic Republic of the; Kenya; Malawi; Namibia; Rwanda; Tanzania; United Republic of; Uganda; Zambia","182126","129403985","https://www.iucnredlist.org/species/pdf/129403985",""
"Clarias macrocephalus","Cambodia; Lao People's Democratic Republic; Malaysia; Thailand; Viet Nam Native; Presence Uncertain: Indonesia","166020","1105959","https://www.iucnredlist.org/species/pdf/1105959","Guam; Myanmar"
"Clarias ngamensis","Angola; Botswana; Congo; The Democratic Republic of the; Eswatini; Malawi; Mozambique; Namibia; South Africa; Zambia; Zimbabwe","182736","99834710","https://www.iucnredlist.org/species/pdf/99834710","NA"
"Clinostomus elongatus","Canada; United States","202070","15364658","https://www.iucnredlist.org/species/pdf/15364658","NA"
"Clinostomus funduloides","United States","184083","15363338","https://www.iucnredlist.org/species/pdf/15363338","NA"
"Clupeonella cultriventris","Azerbaijan; Bulgaria; Georgia; Iran; Islamic Republic of; Kazakhstan; Romania; Russian Federation; Turkmenistan; Türkiye; Ukraine","221231352","102881657","https://www.iucnredlist.org/species/pdf/102881657","Belarus; Moldova; Russian Federation"
"Cnesterodon decemmaculatus","Argentina; Brazil; Uruguay","186648","1816277","https://www.iucnredlist.org/species/pdf/1816277","Chile"
"Cobitis bilineata","Croatia; Italy ); Slovenia; Switzerland","61364","135103964","https://www.iucnredlist.org/species/pdf/135103964","Austria; France; Germany; Italy; Liechtenstein; Spain"
"Cobitis calderoni","Portugal ); Spain )","5027","137241906","https://www.iucnredlist.org/species/pdf/137241906","NA"
"Cobitis paludica","Portugal ); Spain )","5029","137242020","https://www.iucnredlist.org/species/pdf/137242020","NA"
"Cobitis taenia","Belarus; Belgium; Czechia; Denmark; Estonia; Finland; France ); Germany; Kazakhstan; Latvia; Lithuania; Luxembourg; Moldova; Netherlands; Norway; Poland; Russian Federation; Slovakia; Sweden; Switzerland; Türkiye; Ukraine; United Kingdom","5037","135084497","https://www.iucnredlist.org/species/pdf/135084497","NA"
"Colomesus psittacus","Bahamas; Brazil; Cayman Islands; Colombia; Cuba; French Guiana; Grenada; Guyana; Haiti; Jamaica; Suriname; Trinidad and Tobago; United States; Venezuela; Bolivarian Republic of FAO Marine Fishing Areas: Native: Atlantic - western central Native: Atlantic - southwest","193650","176220100","https://www.iucnredlist.org/species/pdf/176220100","NA"
"Colossoma macropomum","Bolivia; Plurinational States of; Brazil; Colombia ); Ecuador; Peru; Venezuela; Bolivarian","49830760","85567354","https://www.iucnredlist.org/species/pdf/85567354","Bangladesh; Brazil; China; Cuba; Guyana; Honduras; Hungary; Indonesia; Jamaica; Panama; Philippines; Puerto Rico; Thailand; United States"
"Commelina diffusa","Angola; Argentina; Bahamas; Bangladesh; Belize; Benin; Bermuda; Bhutan; Bolivia; Plurinational States of; Botswana; Brazil; British Indian Ocean Territory; Burkina Faso; Burundi; Cabo Verde; Cambodia; Cameroon; Central African Republic; Chad; Chile; China; Colombia ); Congo; The Democratic Republic of the; Cook Islands; Costa Rica ); Côte d'Ivoire; Cuba; Curaçao; Dominica; Ecuador; Galápagos); El Salvador; Equatorial Guinea ); Fiji; French Guiana; French Polynesia (Marquesas; Society Is. -","177028","67776407","https://www.iucnredlist.org/species/pdf/67776407","Kerala; Periyar; Tiger; Reserve; Palghat; Andaman; Nicobar; Islands; Bihar; Gujarat; Goa; Karnataka; Mizoram; Punjab; Sikkim; Tamil; Nadu; West; Bengal; Maharashtra; Akola; Amaravadi; Bombay; Chandrapur; Kolhapur; Nagpur; Nasik; Osmanabad; Pune; Raigad; Ratnagiri; Satara; Sholapur; Sindhudurg; Thane; Madhya; Pradesh; Damoh; Dhar; Hoshangabad; Katni; Mandla; Panna; Rajnandgaon; Surguja; Chattisgarh; Bilaspur; Raipur; Lakshminarasimhan; Khanna; Saran"
"Copadichromis borleyi","Malawi; Mozambique; Tanzania; United Republic of","60860","47218899","https://www.iucnredlist.org/species/pdf/47218899","NA"
"Copella arnoldi","Brazil; French Guiana; Guyana; Suriname; Venezuela; Bolivarian Republic of","164532169","164532209","https://www.iucnredlist.org/species/pdf/164532209","Amazon; Brazil; Guyana; Suriname; French; Guiana; Rio; Orinoco; Paria; Gulf; Coast; Venezuela; Weitzman; Marinho; Menezes"
"Coptodon rendalli","Angola; Botswana; Burundi; Congo; The Democratic Republic of the; Eswatini; Malawi; Mozambique; Namibia; South Africa; Tanzania; United Republic of; Zambia; Zimbabwe","60690","272353459","https://www.iucnredlist.org/species/pdf/272353459","Cameroon; Congo; Gabon; Kenya; Mauritania; Rwanda"
"Coptodon tholloni","Congo; The Democratic Republic of the; Gabon FAO Marine Fishing Areas: Native: Atlantic - eastern central","182501","7899000","https://www.iucnredlist.org/species/pdf/7899000","NA"
"Coptodon zillii","Algeria; Benin; Burkina Faso; Central African Republic; Chad; Congo; The Democratic Republic of the; Côte d'Ivoire; Egypt; Ethiopia; Gambia; Ghana; Guinea; Guinea-Bissau; Israel; Jordan; Kenya; Liberia; Mali; Mauritania; Morocco; Niger; Nigeria; Palestine; State of; Senegal; Sierra Leone; Sudan; Syrian Arab Republic; Tanzania; United Republic of; Togo; Tunisia; Uganda; Western Sahara","183163","64508317","https://www.iucnredlist.org/species/pdf/64508317","Cameroon; Eritrea; Iran; Islamic Republic of; Iraq; Lebanon; Madagascar; Turkey; Africa.; Uganda"
"Corbicula australis","Australia","197457","9009676","https://www.iucnredlist.org/species/pdf/9009676","NA"
"Corbicula fluminalis","Armenia; Azerbaijan; Benin; Burkina Faso; Cameroon; Egypt; Eritrea; Ethiopia; Georgia; Guinea; Guinea-Bissau; Iran; Islamic Republic of; Iraq; Israel; Jordan; Lebanon; Mali; Mauritania; Morocco; Niger; Nigeria; Saudi Arabia; Senegal; Somalia; South Sudan; Sudan; Syrian Arab Republic; Turkey; United Arab Emirates","98201936","98201989","https://www.iucnredlist.org/species/pdf/98201989","NA"
"Corbicula fluminea","China; Hong Kong","155736","735697","https://www.iucnredlist.org/species/pdf/735697","NA"
"Corbicula leana","Japan; Korea; Republic of","189564","8748990","https://www.iucnredlist.org/species/pdf/8748990","NA"
"Cordylancistrus daguae","Colombia","49830089","61473738","https://www.iucnredlist.org/species/pdf/61473738","NA"
"Coregonus albula","Belarus; Canada; Czechia; Denmark; Estonia; Finland; Germany; Latvia; Lithuania; Norway; Poland; Russian Federation; Sweden; United States  FAO Marine Fishing Areas: Native: Atlantic - northeast Native: Pacific - northeast Native: Arctic Sea","242158594","242163476","https://www.iucnredlist.org/species/pdf/242163476","NA"
"Coregonus arenicolus","Austria; Germany; Switzerland","135512","137244438","https://www.iucnredlist.org/species/pdf/137244438","Coregonus; C."
"Coregonus artedi","Canada; United States","5362","15363778","https://www.iucnredlist.org/species/pdf/15363778","NA"
"Coregonus autumnalis","Canada; Russian Federation; United States  Native","5363","15361600","https://www.iucnredlist.org/species/pdf/15361600","NA"
"Coregonus candidus","Switzerland","135599","137247409","https://www.iucnredlist.org/species/pdf/137247409","NA"
"Coregonus clupeaformis","Canada; United States","202633","15363476","https://www.iucnredlist.org/species/pdf/15363476","NA"
"Coregonus fera","France ); Switzerland","135627","137248113","https://www.iucnredlist.org/species/pdf/137248113","Coregonus; C."
"Coregonus ladogae","Russian Federation","135561","137246175","https://www.iucnredlist.org/species/pdf/137246175","NA"
"Coregonus lavaretus","France )","5369","137242940","https://www.iucnredlist.org/species/pdf/137242940","NA"
"Coregonus macrophthalmus","Austria; Germany; Switzerland","135663","137248918","https://www.iucnredlist.org/species/pdf/137248918","Italy"
"Coregonus maraena","Denmark; Estonia; Finland; Germany; Latvia; Lithuania; Norway; Poland; Russian Federation; Sweden","135672","84475793","https://www.iucnredlist.org/species/pdf/84475793","Austria"
"Coregonus maraenoides","Estonia; Russian Federation  Possibly","146130384","146130417","https://www.iucnredlist.org/species/pdf/146130417","Belarus; Bulgaria; Germany; Kazakhstan; Latvia; Moldova; Netherlands; Poland; Romania"
"Coregonus migratorius","Mongolia; Russian Federation","156768273","156768439","https://www.iucnredlist.org/species/pdf/156768439","NA"
"Coregonus muksun","Russian Federation  FAO Marine Fishing Areas: Native: Atlantic - northeast Native: Arctic Sea","135665","135109883","https://www.iucnredlist.org/species/pdf/135109883","NA"
"Coregonus nasus","Canada; Russian Federation; United States  FAO Marine Fishing Areas: Native: Atlantic - northeast Native: Pacific - northwest Native: Pacific - northeast Native: Arctic Sea","5370","15362787","https://www.iucnredlist.org/species/pdf/15362787","NA"
"Coregonus oxyrinchus","Belgium; France ); Germany; Netherlands; United Kingdom","5380","137243081","https://www.iucnredlist.org/species/pdf/137243081","NA"
"Coregonus pallasii","Finland; Russian Federation; Sweden","135583","135107829","https://www.iucnredlist.org/species/pdf/135107829","NA"
"Coregonus peled","Russian Federation","5374","135085125","https://www.iucnredlist.org/species/pdf/135085125","Belarus; Croatia; Czechia; Finland; Mongolia; Poland"
"Coregonus renke","Germany","135513","137244581","https://www.iucnredlist.org/species/pdf/137244581","Coregonus; C."
"Coregonus wartmanni","Austria; Germany; Switzerland","135642","137248780","https://www.iucnredlist.org/species/pdf/137248780","NA"
"Coregonus widegreni","Denmark; Estonia; Finland; Germany; Latvia; Lithuania; Poland; Russian Federation; Sweden FAO Marine Fishing Areas: Native: Atlantic - northeast","135612","137247549","https://www.iucnredlist.org/species/pdf/137247549","NA"
"Coregonus zuerichensis","Switzerland","135693","137249568","https://www.iucnredlist.org/species/pdf/137249568","NA"
"Corydoras adolfoi","Brazil","167665","159287307","https://www.iucnredlist.org/species/pdf/159287307","NA"
"Corydoras aeneus","Argentina; Bolivia; Plurinational States of; Brazil; Colombia; French Guiana; Guyana; Paraguay; Peru; Suriname; Trinidad and Tobago; Venezuela; Bolivarian Republic of","186449","1813227","https://www.iucnredlist.org/species/pdf/1813227","NA"
"Corydoras agassizii","Brazil; Colombia; Peru","49830180","159295538","https://www.iucnredlist.org/species/pdf/159295538","NA"
"Corydoras arcuatus","Brazil; Colombia; Peru","49830429","159295933","https://www.iucnredlist.org/species/pdf/159295933","NA"
"Corydoras julii","Brazil; Colombia; Peru","134702401","134702405","https://www.iucnredlist.org/species/pdf/134702405","NA"
"Corydoras leucomelas","Bolivia; Plurinational States of; Brazil; Colombia; Ecuador; Peru","49830270","159296940","https://www.iucnredlist.org/species/pdf/159296940",""
"Corydoras melanistius","Guyana Native; Possibly","175718881","175718893","https://www.iucnredlist.org/species/pdf/175718893","NA"
"Corydoras metae","Colombia )","64791182","64890495","https://www.iucnredlist.org/species/pdf/64890495","NA"
"Corydoras nattereri","Brazil","186983","1821314","https://www.iucnredlist.org/species/pdf/1821314","NA"
"Corydoras paleatus","Argentina; Brazil; Paraguay; Uruguay","186640","1816157","https://www.iucnredlist.org/species/pdf/1816157","NA"
"Corydoras panda","Peru","49830400","53818288","https://www.iucnredlist.org/species/pdf/53818288","NA"
"Corydoras rabauti","Brazil; Colombia; Peru","49829924","159297821","https://www.iucnredlist.org/species/pdf/159297821","NA"
"Corydoras undulatus","Brazil; Paraguay; Uruguay Native; Possibly","187153","1823914","https://www.iucnredlist.org/species/pdf/1823914","NA"
"Coscoroba coscoroba","Uruguay Native","22679866","280985164","https://www.iucnredlist.org/species/pdf/280985164","NA"
"Cottus asper","Canada; United States","202650","15364313","https://www.iucnredlist.org/species/pdf/15364313","NA"
"Cottus bairdii","Canada; United States","202652","15361487","https://www.iucnredlist.org/species/pdf/15361487","NA"
"Cottus extensus","United States","5439","15364219","https://www.iucnredlist.org/species/pdf/15364219","NA"
"Cottus gobio","Albania; Austria; Bosnia and Herzegovina; Bulgaria; Croatia; Czechia; France ); Germany; Hungary; Italy ); Liechtenstein; Moldova; Montenegro; North Macedonia; Poland; Romania; San Marino; Serbia; Slovakia; Slovenia; Switzerland; Ukraine","259224371","135085385","https://www.iucnredlist.org/species/pdf/135085385","NA"
"Cottus greenei","United States","5440","15363453","https://www.iucnredlist.org/species/pdf/15363453","NA"
"Cottus immaculatus","United States","18246574","19035144","https://www.iucnredlist.org/species/pdf/19035144","NA"
"Couesius plumbeus","Canada; United States","202072","15362291","https://www.iucnredlist.org/species/pdf/15362291","NA"
"Crenichthys nevadae","United States","5517","15361371","https://www.iucnredlist.org/species/pdf/15361371","NA"
"Crenicichla macrophthalma","Brazil","167799","53826288","https://www.iucnredlist.org/species/pdf/53826288","NA"
"Cribroheros longimanus","Costa Rica ); El Salvador; Guatemala; Honduras ); Nicaragua )","152305090","152306196","https://www.iucnredlist.org/species/pdf/152306196","Atlantic; Pacific; Central; America; Guatemala; El; Salvador; Honduras; Nicaragua; Costa; Rica.; Aguan; River; Prinzapolk; Lake; San; Juan; Carlos; Sarapiqui; Tortuguero; Rica; Angulo"
"Cristaria plicata","Cambodia; China; Japan; Korea; Republic of; Lao People's Democratic Republic; Mongolia; Russian Federation; Thailand; Viet Nam","166309","98189722","https://www.iucnredlist.org/species/pdf/98189722","NA"
"Crocodylus moreletii","Belize; Guatemala; Mexico","5663","193672551","https://www.iucnredlist.org/species/pdf/193672551","NA"
"Crocodylus niloticus","Angola; Botswana; Burundi; Cameroon; Congo; The Democratic Republic of the; Egypt; Equatorial Guinea; Eritrea; Eswatini; Ethiopia; Gabon; Kenya; Madagascar; Malawi; Mozambique; Namibia; Rwanda; Somalia; South Africa; South Sudan; Sudan; Tanzania; United Republic of; Uganda; Zambia; Zimbabwe","45433088","3010181","https://www.iucnredlist.org/species/pdf/3010181","C."
"Cryptocoryne wendtii","Sri Lanka","175657988","175658006","https://www.iucnredlist.org/species/pdf/175658006","NA"
"Cryptoheros spilurus","Guatemala Native; Possibly","192892","2179689","https://www.iucnredlist.org/species/pdf/2179689","NA"
"Ctenogobius boleosoma","Anguilla; Antigua and Barbuda; Aruba; Bahamas; Barbados; Belize; Bermuda; Bonaire; Sint Eustatius and Saba; Brazil; Cayman Islands; Colombia; Costa Rica; Cuba; Curaçao; Dominica; Dominican Republic; French Guiana; Grenada; Guadeloupe; Guatemala; Guyana; Haiti; Honduras; Jamaica; Martinique; Mexico; Montserrat; Nicaragua; Panama; Puerto Rico; Saint Barthélemy; Saint Kitts and Nevis; Saint Lucia; Saint Martin; Saint Vincent and the Grenadines; Sint Maarten; Suriname; Trinidad and Tobago; Turks and Caicos Islands; United States; Venezuela; Bolivarian Republic of; Virgin Islands; British; U.S. FAO Marine Fishing Areas: Native: Atlantic - southwest; Atlantic - northwest; Atlantic - western central","185963","82651392","https://www.iucnredlist.org/species/pdf/82651392","NA"
"Ctenolucius hujeta","Colombia ); Venezuela; Bolivarian Republic of )","49830565","149252587","https://www.iucnredlist.org/species/pdf/149252587","Colombia; Venezuela."
"Ctenopharyngodon idella","China; Russian Federation; Taiwan; Province of China","61295","3102796","https://www.iucnredlist.org/species/pdf/3102796","Afghanistan; Albania; Algeria; Argentina; Armenia; Azerbaijan; Bangladesh; Belarus; Belgium; Bhutan; Bolivia; Plurinational States of; Brazil; Brunei Darussalam; Bulgaria; Cambodia; Canada; Costa Rica; Croatia; Cuba; Cyprus; Czechia; Côte d'Ivoire; Denmark; Egypt; Ethiopia; Fiji; Finland; France; Germany; Greece; Guyana; Honduras; Hong Kong; Hungary; India; Indonesia; Iran; Islamic Republic of; Iraq; Italy; Japan; Kazakhstan; Kenya; Korea; Democratic People's
Republic of; Republic of; Kyrgyzstan; Lao People's Democratic Republic; Latvia; Malaysia; Mauritius; Mexico; Moldova; Mongolia; Mozambique; Myanmar; Nepal; Netherlands; Nigeria; Pakistan; Panama; Peru; Philippines; Poland; Puerto Rico; Romania; Réunion; Serbia; Singapore; Slovakia; South
Africa; Sri Lanka; Sudan; Sweden; Tanzania; United Republic of; Thailand; Tunisia; Turkey; Turkmenistan; Ukraine; United Kingdom; United States; Uruguay; Viet Nam"
"Ctenopoma nigropannosum","Angola; Central African Republic; Congo; The Democratic Republic of the; Gabon","182758","7960758","https://www.iucnredlist.org/species/pdf/7960758","NA"
"Culaea inconstans","Canada; United States","184086","15363894","https://www.iucnredlist.org/species/pdf/15363894","NA"
"Culter alburnus","China; Mongolia; Russian Federation","159755674","159755678","https://www.iucnredlist.org/species/pdf/159755678","NA"
"Cunningtonia longiventralis","Congo; The Democratic Republic of the; Tanzania; United Republic of; Zambia","60484","47192580","https://www.iucnredlist.org/species/pdf/47192580","NA"
"Cuora amboinensis","Bangladesh; Brunei Darussalam; India; Indonesia; Lao People's Democratic Republic; Malaysia; Myanmar; Philippines; Singapore; Thailand; Viet Nam Presence Uncertain & Origin Uncertain: Timor-Leste","5958","3078812","https://www.iucnredlist.org/species/pdf/3078812","NA"
"Cyanochen cyanoptera","Ethiopia","22679961","208106800","https://www.iucnredlist.org/species/pdf/208106800","NA"
"Cyathopharynx furcifer","Burundi; Congo; The Democratic Republic of the; Tanzania; United Republic of; Zambia","60485","47192663","https://www.iucnredlist.org/species/pdf/47192663","NA"
"Cyclocheilichthys apogon","Cambodia; Indonesia; Lao People's Democratic Republic; Malaysia; Myanmar ); Singapore; Thailand; Viet Nam","181284","89800549","https://www.iucnredlist.org/species/pdf/89800549","NA"
"Cygnus atratus","Australia; New Zealand","22679843","131907524","https://www.iucnredlist.org/species/pdf/131907524","NA"
"Cygnus buccinator","Canada; United States Native; Extinct: Mexico","22679859","136992006","https://www.iucnredlist.org/species/pdf/136992006","NA"
"Cygnus columbianus","Greenland; Russian Federation; United States Native","22679862","269937332","https://www.iucnredlist.org/species/pdf/269937332","NA"
"Cygnus cygnus","Azerbaijan; Belgium; Bosnia and Herzegovina; China; Denmark; Estonia; Finland; France; Germany; Iceland; India; Ireland; Japan; Korea; Democratic People's Republic of; Republic of; Latvia; Lithuania; Moldova; Nepal; Norway; Pakistan; Poland; Romania; Russian Federation; Svalbard and Jan Mayen; Sweden; Taiwan; Province of China; Tajikistan; Ukraine; United Kingdom; Uzbekistan Native","22679856","281843607","https://www.iucnredlist.org/species/pdf/281843607","NA"
"Cygnus melancoryphus","Uruguay Native","22679846","264973801","https://www.iucnredlist.org/species/pdf/264973801","NA"
"Cygnus olor","Albania; Austria; Azerbaijan; Belarus; Belgium; Bosnia and Herzegovina; Bulgaria; China; Croatia; Czechia; Denmark; Estonia; Finland; France; Germany; Greece; Hungary; India; Ireland; Israel; Italy; Japan; Latvia; Liechtenstein; Lithuania; Luxembourg; Moldova; Montenegro; Netherlands; North Macedonia; Norway; Pakistan; Poland; Romania; Russian Federation; Serbia; Slovakia; Slovenia; Sweden; Switzerland; Taiwan; Province of China; Türkiye; Ukraine; United Kingdom; Uzbekistan Native","22679839","281844289","https://www.iucnredlist.org/species/pdf/281844289","Australia; Faroe Islands; Iceland; New Zealand; United States"
"Cynopotamus kincaidi","Argentina; Brazil; Paraguay","186939","1820654","https://www.iucnredlist.org/species/pdf/1820654","NA"
"Cynops pyrrhogaster","Japan","59444","177224976","https://www.iucnredlist.org/species/pdf/177224976","NA"
"Cyperus alternifolius","Angola; Benin; Burkina Faso; Cabo Verde; Cameroon; Congo; The Democratic Republic of the; Djibouti; Eritrea; Ethiopia; Ghana; Guinea; Kenya; Liberia; Madagascar; Malawi; Mauritania; Mauritius ); Mozambique; Nigeria; Réunion; Rwanda; Saudi Arabia; Senegal; Sierra Leone; Somalia; South Africa; Sudan; Tanzania; United Republic of; Uganda; Yemen; Zambia; Zimbabwe","168912","66906647","https://www.iucnredlist.org/species/pdf/66906647","NA"
"Cyperus amabilis","Angola; Argentina; Belize; Benin; Bolivia; Plurinational States of; Botswana; Brazil; Burundi; Cabo Verde; Cameroon; Central African Republic; Chad; Chile; Colombia; Comoros; Congo; The Democratic Republic of the; Costa Rica; Côte d'Ivoire; Ecuador; El Salvador; Eritrea; Ethiopia; French Guiana; Gabon; Ghana; Guatemala; Guinea; Guyana; Honduras; India; Kenya; Madagascar; Malawi; Mali; Mauritania; Mauritius; Mexico; Mozambique; Namibia; Nicaragua; Niger; Nigeria; Panama; Paraguay; Peru; Senegal; Sierra Leone; Somalia; South Africa; South Sudan; Sudan; Suriname; Tanzania; United Republic of; Togo; Uganda; United States","177321","120148551","https://www.iucnredlist.org/species/pdf/120148551","NA"
"Cyperus articulatus","Algeria; Angola; Argentina; Australia; Bangladesh; Benin; Bolivia; Plurinational States of; Botswana; Brazil; Burkina Faso; Burundi; Cabo Verde; Cameroon; Central African Republic; Chad; Colombia; Congo; The Democratic Republic of the; Côte d'Ivoire; Ecuador; Egypt; Equatorial Guinea ); Eritrea; Eswatini; Ethiopia; Gabon; Gambia; Ghana; Guinea; Guinea-Bissau; Guyana; India; Iran; Islamic Republic of; Iraq; Israel; Kenya; Lebanon; Lesotho; Liberia; Madagascar; Malawi; Mali; Mauritania; Mauritius; Mexico; Mozambique; Myanmar; Namibia; Nepal; Niger; Nigeria; Pakistan; Réunion; Rwanda; Saudi Arabia; Senegal; Seychelles; Sierra Leone; Somalia; South Africa; Sri Lanka; Sudan; Tanzania; United Republic of; Thailand; Togo; Tunisia; Uganda; United States; Uruguay; Venezuela; Bolivarian Republic of; Viet Nam; Western Sahara; Yemen; Zambia","164147","120149016","https://www.iucnredlist.org/species/pdf/120149016","NA"
"Cyperus blepharoleptos","Argentina; Belize; Benin; Bolivia; Plurinational States of; Burkina Faso; Congo; The Democratic Republic of the; Costa Rica; Cuba; Dominican Republic; El Salvador; French Guiana; Ghana; Guatemala; Guyana; Honduras; Jamaica; Madagascar; Mali; Mexico; Namibia; Nicaragua; Niger; Nigeria; Panama; Paraguay; Peru; Rwanda; Senegal; Suriname; Tanzania; United Republic of; Togo; Trinidad and Tobago; Uganda; United States; Uruguay; Venezuela; Bolivarian Republic of Native; Possibly","138878787","138878806","https://www.iucnredlist.org/species/pdf/138878806","Africa; Americas"
"Cyperus digitatus","Angola; Argentina; Bangladesh; Belize; Benin; Bhutan; Bolivia; Plurinational States of; Botswana; Brazil; Burkina Faso; Burundi; Cameroon; Chad; Chile; Colombia; Congo; The Democratic Republic of the; Costa Rica; Côte d'Ivoire; Ecuador; Egypt ); Egypt; El Salvador; Ethiopia; French Guiana; Gabon; Gambia; Ghana; Guatemala; Guinea; Guyana; Honduras; India; Kenya; Malawi; Mali; Mauritania; Mexico; Mozambique; Myanmar; Namibia ); Nepal; Nicaragua; Niger; Nigeria; Pakistan; Panama; Paraguay; Peru; Rwanda; Senegal; Singapore; South Africa; Sri Lanka; Sudan; Suriname; Tanzania; United Republic of; Togo; Uganda; Uruguay; Venezuela; Bolivarian Republic of; Zambia; Zimbabwe","164510","136667466","https://www.iucnredlist.org/species/pdf/136667466","Least; Concern."
"Cyperus esculentus","Afghanistan; Albania; Algeria; Angola; Botswana; Bulgaria; Burundi; Cameroon; Central African Republic; Chad; Congo; The Democratic Republic of the; Egypt; Equatorial Guinea; Eritrea; Ethiopia; France ); Gabon; Greece; India; Iran; Islamic Republic of; Iraq; Italy; Kenya; Libya; Nepal; Oman; Pakistan; Portugal; Rwanda; Somalia; South Africa; Spain; Sudan; Tanzania; United Republic of; Turkey; Uganda; Viet Nam; Yemen","164083","17636573","https://www.iucnredlist.org/species/pdf/17636573","NA"
"Cyperus haspan","Angola; Australia; Belize; Benin; Bolivia; Plurinational States of; Brazil; Burkina Faso; Burundi; Cambodia; Cameroon; Chad; China; Colombia; Congo; The Democratic Republic of the; Costa Rica; Côte d'Ivoire; Cuba; Dominica; Ecuador; Equatorial Guinea; Ethiopia; French Guiana; Gabon; Gambia; Ghana; Guatemala; Guinea; Guinea-Bissau; Guyana; Honduras; India; Indonesia; Iran; Islamic Republic of; Japan; Kenya; Korea; Democratic People's Republic of; Lao People's Democratic Republic; Liberia; Madagascar; Malawi; Malaysia; Mexico; Mozambique; Myanmar; Nepal; Nicaragua; Niger; Nigeria; Pakistan; Panama; Papua New Guinea; Paraguay; Peru; Philippines; Puerto Rico; Senegal; Seychelles; Sierra Leone; Solomon Islands; Somalia; South Africa; Sri Lanka; Sudan; Suriname; Taiwan; Province of China; Tanzania; United Republic of; Thailand; Togo; Trinidad and Tobago; Uganda; United States; Venezuela; Bolivarian Republic of; Viet Nam; Zambia; Zimbabwe","168969","1258665","https://www.iucnredlist.org/species/pdf/1258665","NA"
"Cyperus imbricatus","Argentina; Bangladesh; Belize; Benin; Bolivia; Plurinational States of; Botswana; Brazil; Cameroon; Chile; China; Colombia; Costa Rica; Côte d'Ivoire; Dominica; Dominican Republic; Ecuador; El Salvador; Ethiopia; Gabon; Guatemala; Guinea-Bissau; Honduras; India","164164","140392815","https://www.iucnredlist.org/species/pdf/140392815",""
"Cyperus iria","Afghanistan; Australia; Bangladesh; Benin; Bhutan; Botswana; British Indian Ocean Territory; Burkina Faso; Cameroon; Chad; China; Cuba; Côte d'Ivoire; Djibouti; Eritrea; Eswatini; Ethiopia; French Polynesia; Gabon; Gambia; Ghana; India; Indonesia; Iran; Islamic Republic of; Iraq; Japan; Kenya; Korea; Democratic People's Republic of; Republic of; Lao People's Democratic Republic; Madagascar; Malaysia; Mali; Mauritania; Mauritius; Micronesia; Federated States of; Myanmar; Namibia; Nepal; Niger; Nigeria; Northern Mariana Islands; Oman; Pakistan; Papua New Guinea; Philippines; Senegal; Somalia; South Africa; South Sudan; Sri Lanka; Sudan; Taiwan; Province of","169017","140393291","https://www.iucnredlist.org/species/pdf/140393291","Argentina; Belize; Bolivia; Plurinational States of; Brazil; Costa Rica; Ecuador; Fiji; French Polynesia; Honduras; India; Mexico; Panama; Peru; Puerto Rico; Trinidad and Tobago; United States; Venezuela; Bolivarian Republic of"
"Cyperus laevigatus","Afghanistan; Algeria; Angola; Anguilla; Antigua and Barbuda; Argentina; Australia; Bolivia; Plurinational States of; Botswana; Burundi; Cabo Verde; Cameroon; Canada; Chad; Chile; Congo; Costa Rica; Cuba; Cyprus; Dominican Republic; Ecuador; Egypt; Eritrea; Eswatini; Ethiopia; France; Gambia; Ghana; Greece; Guatemala; India; Iran; Islamic Republic of; Israel; Italy; Jamaica; Jordan; Kenya; Kuwait; Libya; Madagascar; Malawi; Mali; Mauritania; Mauritius; Mexico; Morocco; Mozambique; Namibia; Nicaragua; Nigeria; Oman; Pakistan; Peru; Portugal; Puerto Rico; Rwanda; Saint Kitts and Nevis; Saudi Arabia; Somalia; Spain; Sudan; Syrian Arab Republic; Tajikistan; Tanzania; United Republic of; Tunisia; Turkey; Turkmenistan; Uganda; United States; Uzbekistan; Viet Nam; Yemen","164060","65923957","https://www.iucnredlist.org/species/pdf/65923957","NA"
"Cyperus papyrus","Angola; Benin; Botswana; Burundi; Cameroon; Central African Republic; Chad; Congo; The Democratic Republic of the; Côte d'Ivoire; Egypt; Ethiopia; Gabon; Guinea; Jordan; Kenya; Madagascar; Malawi; Mozambique; Namibia; Nigeria; Rwanda; Senegal; South Africa; South Sudan; Sudan; Tanzania; United Republic of; Uganda; Zambia","164158","120152171","https://www.iucnredlist.org/species/pdf/120152171","NA"
"Cyperus rotundus","Afghanistan; Albania; Algeria; Angola; Argentina; Armenia; Australia; Austria; Azerbaijan; Bahrain; Benin; Bosnia and Herzegovina; Botswana; Brazil; British Indian Ocean Territory; Bulgaria; Burkina Faso; Burundi; Cabo Verde; Cameroon; Central African Republic; Chad; China; Christmas Island; Comoros; Congo; The Democratic Republic of the; Côte d'Ivoire; Croatia; Cyprus; Djibouti; Egypt; Sinai); Equatorial Guinea; Eritrea; Eswatini; Ethiopia; France ); French Southern Territories; Gabon; Gambia; Georgia; Ghana; Greece; Kriti); Guinea; India; Indonesia; Iran; Islamic Republic of; Iraq; Italy; Sardegna; Sicilia); Japan; Kazakhstan; Kenya; Korea; Democratic People's Republic of; Republic of; Kyrgyzstan; Lebanon; Lesotho; Libya; Macedonia; the former Yugoslav Republic of; Madagascar; Malawi; Malaysia; Mali; Malta; Marshall Islands; Mauritania; Mauritius; Rodrigues); Micronesia; Federated States of; Morocco; Mozambique; Myanmar ); Namibia ); Nepal; Niger; Nigeria; Northern Mariana Islands; Oman; Pakistan; Palestine; State of; Philippines; Portugal; Selvagens); Qatar; Réunion; Romania; Rwanda; Saudi Arabia; Senegal; Serbia; Seychelles ); Sierra Leone; Slovenia; Somalia; South Africa; South Sudan; Spain ); Sri Lanka; Sudan; Switzerland; Syrian Arab Republic; Taiwan; Province of China ); Tanzania; United Republic of; Thailand; Togo; Tunisia; Turkey; Turkmenistan; Uganda; United Arab Emirates; Uzbekistan; Viet Nam; Western Sahara; Yemen; Zambia; Zimbabwe","158183","120153257","https://www.iucnredlist.org/species/pdf/120153257","NA"
"Cyperus unioloides","Argentina; Australia; Belize; Bolivia; Plurinational States of; Botswana; Brazil; Burkina Faso; Cambodia; Central African Republic; China; Colombia; Costa Rica; Cuba; Côte d'Ivoire; Dominican Republic; Eswatini; Ethiopia; Gambia; Guatemala; Haiti; Honduras; India; Indonesia; Jamaica; Japan; Madagascar; Mali; Mexico; Myanmar; Nepal; Nigeria; Panama; Paraguay; Peru; Puerto Rico; South Africa; Suriname; Taiwan; Province of China; Tanzania; United Republic of; Thailand; Uganda; United States; Uruguay; Venezuela; Bolivarian Republic of; Viet Nam Native; Possibly","168797","1232277","https://www.iucnredlist.org/species/pdf/1232277","NA"
"Cyprinella analostana","United States","202074","15363661","https://www.iucnredlist.org/species/pdf/15363661","NA"
"Cyprinella galactura","United States","202079","15364032","https://www.iucnredlist.org/species/pdf/15364032","NA"
"Cyprinella lutrensis","Mexico; United States","191260","129687569","https://www.iucnredlist.org/species/pdf/129687569","Mississippi; River; Gulf; Mexico.; Wyoming; South; Dakota; Wisconsin; Indiana; Louisiana; Ozark; Ouachita; Rio; Grande; Texas; New; Mexico; Colorado; Panuco; Burr"
"Cyprinella pyrrhomelas","United States","202085","15362452","https://www.iucnredlist.org/species/pdf/15362452","NA"
"Cyprinella spiloptera","Canada; United States","202086","15362429","https://www.iucnredlist.org/species/pdf/15362429","NA"
"Cyprinella venusta","United States","184097","15361441","https://www.iucnredlist.org/species/pdf/15361441","NA"
"Cyprinella whipplei","United States","202088","15364589","https://www.iucnredlist.org/species/pdf/15364589","NA"
"Cyprinion acinaces","Saudi Arabia; Yemen","203409","2764951","https://www.iucnredlist.org/species/pdf/2764951","NA"
"Cyprinodon diabolis","United States","6149","15362335","https://www.iucnredlist.org/species/pdf/15362335","NA"
"Cyprinodon eremus","Mexico; United States","191303","82960949","https://www.iucnredlist.org/species/pdf/82960949","NA"
"Cyprinodon macularius","Mexico; United States","62209","82961225","https://www.iucnredlist.org/species/pdf/82961225","NA"
"Cyprinodon nevadensis","United States","62210","15362971","https://www.iucnredlist.org/species/pdf/15362971","NA"
"Cyprinodon pisteri","Mexico","191305","1975352","https://www.iucnredlist.org/species/pdf/1975352","NA"
"Cyprinodon radiosus","United States","6164","15363754","https://www.iucnredlist.org/species/pdf/15363754","NA"
"Cyprinodon rubrofluviatilis","United States","202376","15363963","https://www.iucnredlist.org/species/pdf/15363963","NA"
"Cyprinodon salinus","United States","62211","15362833","https://www.iucnredlist.org/species/pdf/15362833","NA"
"Cyprinodon variegatus","Cuba; Dominican Republic; Haiti; Mexico; United States","189823","46950647","https://www.iucnredlist.org/species/pdf/46950647","NA"
"Cyprinus carpio","Afghanistan; Armenia; Austria; Azerbaijan; Belarus; Bosnia and Herzegovina; Bulgaria; Croatia; Czechia; Georgia; Germany; Hungary; Iran; Islamic Republic of; Kazakhstan; Kyrgyzstan; Moldova; North Macedonia; Pakistan; Romania; Russian Federation; Serbia; Slovakia; Slovenia; Tajikistan; Turkmenistan; Türkiye; Ukraine; Uzbekistan","6181","3107721","https://www.iucnredlist.org/species/pdf/3107721","NA"
"Cyprinus rubrofuscus","China; Hong Kong; Korea; Democratic People's Republic of; Republic of; Lao People's Democratic Republic; Mongolia; Russian Federation; Viet Nam","166052","159637283","https://www.iucnredlist.org/species/pdf/159637283","East; Asia."
"Cyrtocara moorii","Malawi; Mozambique; Tanzania; United Republic of","60920","148657804","https://www.iucnredlist.org/species/pdf/148657804","NA"
"Dallia pectoralis","Russian Federation; United States","202400","159754538","https://www.iucnredlist.org/species/pdf/159754538","NA"
"Danio albolineatus","Cambodia; China; Myanmar ); Thailand","180844","1669179","https://www.iucnredlist.org/species/pdf/1669179","NA"
"Danio kerri","Malaysia; Thailand","180729","1656514","https://www.iucnredlist.org/species/pdf/1656514","NA"
"Danio rerio","Bangladesh; India; Nepal","166487","6219667","https://www.iucnredlist.org/species/pdf/6219667","India; Nepal; Sutlej; River; West; Bengal; Arunachal; Pradesh."
"Datnioides microlepis","Indonesia; Malaysia","89808868","89808887","https://www.iucnredlist.org/species/pdf/89808887","NA"
"Dawkinsia filamentosa","India; Sri Lanka","175045686","60628681","https://www.iucnredlist.org/species/pdf/60628681","Peninsular; India; Krishna; Cauvery; Pennar; Tambraparini; Andhra; Pradesh; Karnataka; Tamil; Nadu; Pondicherry; Maharashtra; Goa; Kerala; Indra; Devi; Raghunathan; Biju; Sri; Lanka; Wakwella; Morawaka; Nannikita; Ela; Kondagala; Angamuwa; Mahawilachchiya; Rajanganaya; Tabbowa; Yan; Oya; Eswathu"
"Dendrobates leucomelas","Brazil; Colombia; Guyana; Venezuela; Bolivarian Republic of Native; Possibly","55191","61395501","https://www.iucnredlist.org/species/pdf/61395501","NA"
"Dendrocygna arborea","Antigua and Barbuda; Bahamas; Cayman Islands; Cuba; Dominican Republic; Guadeloupe; Haiti; Jamaica; Puerto Rico; Saint Kitts and Nevis; Turks and Caicos Islands; Virgin Islands; British; U.S. Vagrant: Anguilla; Barbados; Bermuda; Bonaire; Sint Eustatius and Saba; Curaçao; Dominica; Grenada; Martinique; Sint Maarten","22679770","154611660","https://www.iucnredlist.org/species/pdf/154611660","NA"
"Dendrocygna arcuata","Australia; Indonesia; Papua New Guinea; Philippines; Timor-Leste Regionally extinct: Fiji; New Caledonia","22679753","131906867","https://www.iucnredlist.org/species/pdf/131906867","NA"
"Dendrocygna autumnalis","Argentina; Aruba; Barbados; Belize; Bolivia; Plurinational States of; Brazil; Colombia; Costa Rica; Curaçao; Ecuador; El Salvador; French Guiana; Guatemala; Guyana; Honduras; Mexico; Nicaragua; Panama; Paraguay; Peru; Suriname; Trinidad and Tobago; United States; Venezuela; Bolivarian Republic of","22679780","138940651","https://www.iucnredlist.org/species/pdf/138940651","NA"
"Dendrocygna bicolor","Angola; Argentina; Bangladesh; Benin; Bolivia; Plurinational States of; Botswana; Brazil; Burkina Faso; Burundi; Cameroon; Central African Republic; Chad; Chile; Colombia; Congo; The Democratic Republic of the; Costa Rica; Cuba; Dominican Republic; Ecuador; El Salvador; Eswatini; Ethiopia; French Guiana; Gambia; Ghana; Guinea; Guinea-Bissau; Guyana; Haiti; Honduras; India; Kenya; Lesotho; Madagascar; Malawi; Mali; Mauritania; Mexico; Mozambique; Myanmar; Namibia; Nepal; Niger; Nigeria; Paraguay; Peru; Puerto Rico; Rwanda; Senegal; Somalia; South Africa; South Sudan; Sudan; Suriname; Tanzania; United Republic of; Togo; Trinidad and Tobago; Uganda; United States; Uruguay; Venezuela; Bolivarian Republic of; Zambia; Zimbabwe Native","22679746","136882742","https://www.iucnredlist.org/species/pdf/136882742","NA"
"Dendrocygna eytoni","Australia","22679740","264993705","https://www.iucnredlist.org/species/pdf/264993705","NA"
"Dendrocygna javanica","Bhutan; Brunei Darussalam; Cambodia; China; India; Indonesia; Lao People's Democratic Republic; Malaysia; Nepal; Pakistan; Singapore; Sri Lanka; Thailand; Viet Nam Native","22679758","265006900","https://www.iucnredlist.org/species/pdf/265006900","NA"
"Dendrocygna viduata","South Sudan; Uruguay Native","22679763","265003179","https://www.iucnredlist.org/species/pdf/265003179","NA"
"Denticeps clupeoides","Benin; Cameroon; Nigeria","182459","134946905","https://www.iucnredlist.org/species/pdf/134946905","NA"
"Dermogenys pusilla","Indonesia  FAO Marine Fishing Areas: Native: Indian Ocean - eastern","90986075","90986088","https://www.iucnredlist.org/species/pdf/90986088","NA"
"Desmocaris trispinosa","Benin; Cameroon; Congo; The Democratic Republic of the; Côte d'Ivoire; Gabon; Ghana; Guinea; Nigeria; Sierra Leone; Togo","197625","2493506","https://www.iucnredlist.org/species/pdf/2493506","NA"
"Desmognathus fuscus","Canada; United States","78904880","58035807","https://www.iucnredlist.org/species/pdf/58035807","NA"
"Devario aequipinnatus","India; Nepal; Sri Lanka","166459","6213782","https://www.iucnredlist.org/species/pdf/6213782","India."
"Devario malabaricus","Sri Lanka","169602","60597039","https://www.iucnredlist.org/species/pdf/60597039","NA"
"Dicentrarchus labrax","Albania; Algeria; Belgium; Bosnia and Herzegovina; Bulgaria; Croatia; Cyprus; Denmark; Egypt ); Faroe Islands; France ); Georgia; Germany; Gibraltar; Greece; Kriti); Guernsey; Ireland; Isle of Man; Israel; Italy; Sardegna; Sicilia); Jersey; Lebanon; Libya; Malta; Monaco; Montenegro; Morocco; Netherlands; Norway; Palestine; State of; Portugal ); Romania; Russian Federation; Slovenia; Spain; Spanish North African Territories); Sweden; Syrian Arab Republic; Tunisia; Türkiye; Ukraine; United Kingdom  Native","135606","21912674","https://www.iucnredlist.org/species/pdf/21912674","NA"
"Dichotomyctere nigroviridis","Brunei Darussalam; Cambodia; Indonesia; Malaysia; Myanmar; Singapore; Sri Lanka; Thailand; Viet Nam Native; Presence Uncertain: China; India; Philippines","162161923","162161940","https://www.iucnredlist.org/species/pdf/162161940",""
"Dilocarcinus pagei","Argentina; Bolivia; Plurinational States of; Brazil (Acre; Amapá; Amazonas; Mato Grosso; Mato Grosso do Sul; Pará; Rondônia; São Paulo -","134131","3907643","https://www.iucnredlist.org/species/pdf/3907643","Brazil; Peru; Bolivia; Paraguay; Colombia; Argentina"
"Dimidiochromis compressiceps","Malawi; Mozambique; Tanzania; United Republic of","60893","155043684","https://www.iucnredlist.org/species/pdf/155043684","NA"
"Diptychus maculatus","China; India; Kazakhstan; Kyrgyzstan; Nepal; Pakistan; Tajikistan; Uzbekistan","128719071","128719148","https://www.iucnredlist.org/species/pdf/128719148","NA"
"Discoglossus pictus","Algeria; Italy; Malta; Morocco; Spain; Tunisia","55270","89700379","https://www.iucnredlist.org/species/pdf/89700379","France; Spain"
"Dormitator latifrons","Colombia; Costa Rica; Ecuador; El Salvador; Guatemala; Honduras; Mexico; Nicaragua; Panama;","183257","1735255","https://www.iucnredlist.org/species/pdf/1735255","Eastern; Pacific; California; Ecuador; Gulf; Galapagos; Islands.; Ocean; USA; Mexico; Islands"
"Dormitator maculatus","Anguilla; Antigua and Barbuda; Aruba; Bahamas; Barbados; Belize; Bonaire; Sint Eustatius and Saba; Brazil; Colombia; Costa Rica; Cuba; Curaçao; Dominica; Dominican Republic; French Guiana; Grenada; Guadeloupe; Guatemala; Guyana; Haiti; Honduras; Jamaica; Martinique; Mexico; Montserrat; Nicaragua; Panama; Puerto Rico; Saint Barthélemy; Saint Kitts and Nevis; Saint Lucia; Saint Martin; Saint Vincent and the Grenadines; Sint Maarten; Suriname; Trinidad and Tobago; Turks and Caicos Islands; United States; Uruguay; Venezuela; Bolivarian Republic of; Virgin Islands; British; U.S. FAO Marine Fishing Areas: Native: Atlantic - southwest; Atlantic - western central","185972","82652388","https://www.iucnredlist.org/species/pdf/82652388",""
"Dorosoma cepedianum","Canada; Mexico; United States","191210","102894923","https://www.iucnredlist.org/species/pdf/102894923","NA"
"Dorosoma petenense","Belize; Guatemala; Honduras; Mexico; United States","191211","102895028","https://www.iucnredlist.org/species/pdf/102895028","NA"
"Dreissena bugensis","Russian Federation; Ukraine","188911","215464992","https://www.iucnredlist.org/species/pdf/215464992","Austria; Belgium; Bulgaria; Canada; France; Germany; Hungary; Ireland; Mexico; Moldova; Netherlands; Poland; Romania; Russian
Federation; Serbia; Switzerland; Ukraine; United Kingdom; United
States"
"Dreissena polymorpha","Bulgaria; Georgia; Kazakhstan; Romania; Russian Federation (Central European Russia -","155495","42428801","https://www.iucnredlist.org/species/pdf/42428801","NA"
"Drepanotrema cimex","Argentina; Bahamas; Brazil; Guadeloupe; Haiti; Mexico; Panama; Puerto Rico; Turks and Caicos Islands; Venezuela; Bolivarian Republic of ); Virgin Islands; U.S.","189147","8692611","https://www.iucnredlist.org/species/pdf/8692611","NA"
"Dryophytes cinereus","United States","55449","118978218","https://www.iucnredlist.org/species/pdf/118978218","Bahamas"
"Dryophytes japonicus","China; Japan; Korea; Democratic People's Republic of; Republic of; Mongolia; Russian Federation","55519","63863120","https://www.iucnredlist.org/species/pdf/63863120","Israel"
"Duopalatinus emarginatus","Brazil","186598","1815527","https://www.iucnredlist.org/species/pdf/1815527","NA"
"Duttaphrynus melanostictus","Bangladesh; Brunei Darussalam; Cambodia; China; Hong Kong; India; Indonesia; Lao People's Democratic Republic; Macao; Malaysia; Maldives; Myanmar ); Nepal; Pakistan; Singapore; Sri Lanka; Taiwan; Province of China; Thailand; Viet Nam Native; Possibly","54707","53714486","https://www.iucnredlist.org/species/pdf/53714486","Indonesia; Madagascar; Timor-Leste"
"Egretta garzetta","Albania; Algeria; Angola; Antigua and Barbuda; Armenia; Azerbaijan; Bahrain; Bangladesh; Barbados; Benin; Bhutan; Botswana; Brunei Darussalam; Bulgaria; Burkina Faso; Burundi; Cabo Verde; Cambodia; Cameroon; Central African Republic; Chad; Christmas Island; Congo; The Democratic Republic of the; Croatia; Cyprus; Côte d'Ivoire; Djibouti; Egypt; Equatorial Guinea; Eritrea; Eswatini; Ethiopia; France; Gabon; Gambia; Georgia; Germany; Ghana; Greece; Guinea; Hungary; India; Indonesia; Iran; Islamic Republic of; Iraq; Ireland; Israel; Italy; Japan; Jordan; Kenya; Korea; Republic of; Kuwait; Lao People's Democratic Republic; Lebanon; Lesotho; Liberia; Libya; Malawi; Malaysia; Mali; Malta; Mauritania; Montenegro; Morocco; Mozambique; Myanmar; Namibia; Nepal; Netherlands; New Zealand; Niger; Nigeria; North Macedonia; Oman; Pakistan; Palau; Papua New Guinea; Philippines; Portugal; Qatar; Romania; Russian Federation; Rwanda; Senegal; Serbia; Sierra Leone; Singapore; Solomon Islands; Somalia; South Africa; South Sudan; Spain; Sri Lanka; Sudan; Switzerland; Taiwan; Province of China; Thailand; Timor-Leste; Togo; Tunisia; Türkiye; Ukraine; United Arab Emirates; United Kingdom; United States; Uzbekistan; Viet Nam; Western Sahara; Yemen; Zambia; Zimbabwe Native","62774969","154819214","https://www.iucnredlist.org/species/pdf/154819214","NA"
"Egretta gularis","Bahrain; Benin; Cameroon; Comoros; Côte d'Ivoire; Djibouti; Egypt; Equatorial Guinea; Eritrea; Gabon; Gambia; Ghana; Guinea; India; Iran; Islamic Republic of; Iraq; Kenya; Kuwait; Liberia; Madagascar; Mali; Mauritania; Mayotte; Morocco; Mozambique; Nigeria; Oman; Pakistan; Qatar; Sao Tome and Principe; Saudi Arabia; Seychelles; Sierra Leone; Somalia; Sri Lanka; Sudan; Tanzania; United Republic of; Togo; United Arab Emirates; Western Sahara; Yemen Native","22729692","153869809","https://www.iucnredlist.org/species/pdf/153869809","NA"
"Egretta novaehollandiae","Australia; Fiji; Indonesia; New Caledonia; Norfolk Island; Papua New Guinea; Timor-Leste Native","22696938","281021507","https://www.iucnredlist.org/species/pdf/281021507","NA"
"Elatine triandra","Canada; United States (Arizona;","167856","1178323","https://www.iucnredlist.org/species/pdf/1178323","NA"
"Electrophorus electricus","French Guiana; Guyana; Suriname","167700","53826515","https://www.iucnredlist.org/species/pdf/53826515","Amazon."
"Eleocharis acutangula","Angola; Argentina; Australia; Belize; Benin; Bolivia; Plurinational States of; Botswana; Brazil; Burkina Faso; Cambodia; Cameroon; Central African Republic; Chad; China; Colombia; Congo; The Democratic Republic of the; Costa Rica; Cuba; Côte d'Ivoire; Dominican Republic; Ecuador; El Salvador; Eswatini; Gabon; Gambia; Guatemala; Guinea; Guinea-Bissau; Guyana; Honduras; India; Indonesia; Japan; Kenya; Lao People's Democratic Republic; Liberia; Madagascar; Malaysia; Mali; Mauritania; Mexico; Myanmar; Namibia; Nepal; Nicaragua; Niger; Nigeria; Panama; Papua New Guinea; Paraguay; Peru; Philippines; Rwanda; Senegal; Sierra Leone; South Africa; Sri Lanka; Suriname; Tanzania; United Republic of; Thailand; Togo; Uganda; United States; Venezuela; Bolivarian Republic of; Viet Nam; Zimbabwe Native; Possibly","168696","1210378","https://www.iucnredlist.org/species/pdf/1210378",""
"Eleocharis dulcis","Australia; Botswana; Burkina Faso; Cambodia; Chad; China; Côte d'Ivoire; Fiji; Gabon; Gambia; Ghana; Guinea; Guinea-Bissau; India; Indonesia; Japan; Kenya; Lao People's Democratic Republic; Liberia; Madagascar; Malaysia; Mali; Micronesia; Federated States of; Myanmar; Namibia ); New Caledonia; Niger; Nigeria; Pakistan; Papua New Guinea; Philippines; Samoa; Senegal; Sierra Leone; South Africa; Sri Lanka; Taiwan; Province of China; Tanzania; United Republic of; Thailand; Togo; Tonga; Uganda; Viet Nam; Zambia","169077","1270989","https://www.iucnredlist.org/species/pdf/1270989","NA"
"Eleocharis geniculata","Afghanistan; Angola; Anguilla; Antigua and Barbuda; Aruba; Australia; Bahamas; Bangladesh; Belize; Benin; Bermuda; Bonaire; Sint Eustatius and Saba; Botswana; Brazil; Burkina Faso; Burundi; Cambodia; Cameroon; Canada; Cayman Islands; Central African Republic; Chad; China; Cocos  Islands; Congo; The Democratic Republic of the; Cook Islands; Costa Rica; Cuba; Côte d'Ivoire; Djibouti; Dominican Republic; Ecuador ); Egypt; El Salvador; Equatorial Guinea; Eritrea; Ethiopia; French Guiana; French Polynesia; Gabon; Gambia; Ghana; Guadeloupe; Guatemala; Guinea; Guinea-Bissau; Guyana; Haiti; Honduras; India; Indonesia; Iran; Islamic Republic of; Iraq; Jamaica; Japan; Kenya; Kiribati; Lao People's Democratic Republic; Lebanon; Liberia; Libya; Madagascar; Malawi; Malaysia; Mauritania; Mauritius; Mexico; Montserrat; Mozambique; Myanmar; Nicaragua; Niger; Nigeria; Norfolk Island; Northern Mariana Islands; Oman; Panama; Peru; Philippines; Puerto Rico; Rwanda; Saint Barthélemy; Saint Kitts and Nevis; Saint Martin; Saudi Arabia; Senegal; Sierra Leone; Singapore; Sint Maarten; Somalia; South Africa; South Sudan; Sri Lanka; Sudan; Suriname; Syrian Arab Republic; Taiwan; Province of China; Tanzania; United Republic of; Thailand; Timor-Leste; Togo; Trinidad and Tobago; Turks and Caicos Islands; Uganda; United States; Venezuela; Bolivarian Republic of; Venezuelan Antilles); Viet Nam; Virgin Islands; British; U.S.; Wallis and Futuna; Yemen; Zambia; Zimbabwe Native; Presence Uncertain: Italy","164219","140400096","https://www.iucnredlist.org/species/pdf/140400096","Fiji; Tonga; United States"
"Eleocharis macrostachya","Argentina; Canada; Chile; Mexico; Peru; United States; Uruguay","64311298","66891680","https://www.iucnredlist.org/species/pdf/66891680","NA"
"Eleocharis mutata","Aruba; Belize; Bolivia; Plurinational States of; Brazil; Cayman Islands; Colombia; Costa Rica; Cuba; Dominican Republic; Ecuador ); Equatorial Guinea; French Guiana; Gabon; Gambia; Ghana; Guatemala; Guinea; Guinea-Bissau; Guyana; Honduras; Jamaica; Liberia; Mexico; Nicaragua; Nigeria; Panama; Paraguay; Peru; Puerto Rico; Sao Tome and Principe; Senegal; Sierra Leone; Suriname; Togo; Trinidad and Tobago; United States; Venezuela; Bolivarian Republic of ) Native; Possibly","136640682","136640690","https://www.iucnredlist.org/species/pdf/136640690","West; Africa; Americas."
"Eleocharis nigrescens","Bolivia; Plurinational States of; Brazil; Central African Republic; Chad; Colombia ); Costa Rica ); Cuba; Dominica; Jamaica; Kenya; Malawi; Mexico; Panama; Paraguay; Sudan; Tanzania; United Republic of; Trinidad and Tobago; Uganda; United States; Venezuela; Bolivarian Republic of ); Zambia; Zimbabwe","120170355","120170359","https://www.iucnredlist.org/species/pdf/120170359","NA"
"Eleocharis palustris","Afghanistan; Albania; Algeria; Austria; Belarus; Belgium; Bhutan; Bulgaria; Canada; China; Cyprus; Czech Republic; Denmark; Egypt; Finland; Germany; Greece; Hungary; Iceland; India; Iran; Islamic Republic of; Iraq; Ireland; Israel; Italy; Japan; Korea; Democratic People's Republic of; Republic of; Libya; Moldova; Morocco; Nepal; Netherlands; Norway; Poland; Portugal ); Romania; Russian Federation; Slovakia; Spain; Sweden; Switzerland; Syrian Arab Republic; Tunisia; Turkey; Ukraine; United Kingdom; United States; Yemen","163990","1017558","https://www.iucnredlist.org/species/pdf/1017558","NA"
"Eleocharis retroflexa","Angola; Bangladesh; Belize; Bhutan; Cambodia; China; Colombia ); Comoros; Congo; The Democratic Republic of the; Costa Rica; Cuba; Côte d'Ivoire; Dominican Republic; Ecuador ); El Salvador; French Guiana; Gabon; Guatemala; Guyana; Honduras; India; Indonesia; Jamaica; Lao People's Democratic Republic; Malaysia; Mauritius; Mexico; Myanmar; Nepal; Nicaragua; Panama; Peru; Philippines; Puerto Rico; Sierra Leone; Singapore; Sri Lanka; Suriname; Thailand; Timor-Leste; Togo; Trinidad and Tobago; United States; Venezuela; Bolivarian Republic of ); Viet Nam; Zambia Native; Possibly","176968","140401199","https://www.iucnredlist.org/species/pdf/140401199",""
"Eleotris melanosoma","American Samoa; Australia; China; Fiji; French Polynesia; Hong Kong; Indonesia; Japan; Kenya; Korea; Democratic People's Republic of; Republic of; Madagascar; Maldives; Mozambique; New Caledonia; Northern Mariana Islands; Palau; Papua New Guinea; Philippines; Samoa; Seychelles; Singapore; Solomon Islands; South Africa; Taiwan; Province of China; Tanzania; United Republic of; Thailand; Tonga; Vanuatu; Viet Nam FAO Marine Fishing Areas: Native: Indian Ocean - western; Pacific - western central; Pacific - northwest; Pacific - eastern central","7135","131453913","https://www.iucnredlist.org/species/pdf/131453913","NA"
"Eleotris oxycephala","China; Hong Kong; Japan; Korea; Republic of; Viet Nam","166171","238327298","https://www.iucnredlist.org/species/pdf/238327298",""
"Eleotris picta","Colombia; Costa Rica; Ecuador; El Salvador; Guatemala; Honduras; Mexico; Nicaragua; Panama","183340","1736854","https://www.iucnredlist.org/species/pdf/1736854","NA"
"Eleusine indica","Albania; Angola; Australia; Cambodia; Canada; China; Costa Rica; Egypt ); El Salvador; France; Guatemala; India; Lao People's Democratic Republic; Madagascar; Malaysia; Mexico; Morocco; Panama; Papua New Guinea; Poland; Portugal; Sao Tomé and Principe; Saudi Arabia; Slovakia; South Africa; Spain; Taiwan; Province of China; United States; Viet Nam; Yemen; Zimbabwe","177359","7421088","https://www.iucnredlist.org/species/pdf/7421088","NA"
"Elimia livescens","Canada; United States (Illinois; Indiana; Iowa; Kentucky; Michigan; New Jersey -","69629544","69633213","https://www.iucnredlist.org/species/pdf/69633213","NA"
"Elodea canadensis","Canada; United States","13506646","13506651","https://www.iucnredlist.org/species/pdf/13506651","NA"
"Elodea nuttallii","Canada; United States","64311330","67729386","https://www.iucnredlist.org/species/pdf/67729386","NA"
"Emmericia patula","Croatia; France ); Germany; Italy ); Slovenia","155994","4880935","https://www.iucnredlist.org/species/pdf/4880935","NA"
"Empetrichthys latos","United States","62213","15362060","https://www.iucnredlist.org/species/pdf/15362060","NA"
"Emys orbicularis","Albania; Algeria; Armenia; Austria; Azerbaijan; Belarus; Bosnia and Herzegovina; Bulgaria; Croatia; Czech Republic; France; Georgia; Germany; Greece; Hungary; Iran; Islamic Republic of; Italy; Kazakhstan; Latvia; Liechtenstein; Lithuania; Macedonia; the former Yugoslav Republic of; Malta; Moldova; Monaco; Montenegro; Morocco; Netherlands; Poland; Portugal; Romania; Russian Federation;","7717","97292665","https://www.iucnredlist.org/species/pdf/97292665","NA"
"Enneacanthus gloriosus","United States","184103","15362108","https://www.iucnredlist.org/species/pdf/15362108","NA"
"Enneacanthus obesus","United States","202442","15361644","https://www.iucnredlist.org/species/pdf/15361644","NA"
"Enteromius anoplus","South Africa","63249","100115110","https://www.iucnredlist.org/species/pdf/100115110","NA"
"Enteromius miolepis","Angola; Cameroon; Central African Republic; Congo; The Democratic Republic of the; Zambia","182344","126392614","https://www.iucnredlist.org/species/pdf/126392614","NA"
"Enteromius paludinosus","Angola; Botswana; Burundi; Congo; The Democratic Republic of the; Eswatini; Ethiopia; Kenya; Malawi; Mozambique; Namibia; Rwanda; South Africa; Tanzania; United Republic of; Uganda; Zambia; Zimbabwe","60376","117639360","https://www.iucnredlist.org/species/pdf/117639360","Lake; Rukwa; Pangani; Wami; Rufiji; Malagarazi; Kitangiri; Victoria; Manyara; Ruvuma; Ruaha; Tanganyika."
"Epalzeorhynchos bicolor","Thailand","7807","12852157","https://www.iucnredlist.org/species/pdf/12852157","NA"
"Ephippiorhynchus asiaticus","Australia; Bhutan; Cambodia; India; Lao People's Democratic Republic; Myanmar; Nepal; Pakistan; Papua New Guinea; Sri Lanka Native; Extinct: Thailand","22697702","269382422","https://www.iucnredlist.org/species/pdf/269382422","NA"
"Epidalea calamita","Austria; Belarus; Belgium; Czechia; Denmark; Estonia; France ); Germany; Ireland; Latvia; Lithuania; Luxembourg; Netherlands; Poland; Portugal ); Spain ); Sweden; Switzerland; Ukraine; United Kingdom  Native; Extinct: Russian Federation","54598","228181470","https://www.iucnredlist.org/species/pdf/228181470","NA"
"Epilobium palustre","Albania; Austria; Belgium; Bosnia and Herzegovina; Bulgaria; Canada; China; Croatia; Czech Republic; Denmark; Finland; France ); Georgia; Germany; Greece ); Greenland; Hungary; India; Ireland; Japan; Kazakhstan; Korea; Republic of; Kyrgyzstan; Macedonia; the former Yugoslav Republic of; Mongolia; Montenegro; Nepal; Netherlands; Norway; Pakistan; Poland; Portugal ); Russian Federation; Saint Pierre and Miquelon; Serbia; Slovenia; Spain ); Switzerland; Tajikistan; United Kingdom; United States","168737","1219085","https://www.iucnredlist.org/species/pdf/1219085","NA"
"Equisetum arvense","Åland Islands; Albania; Andorra; Austria; Belarus; Belgium; Bosnia and Herzegovina; Bulgaria; Canada; China; Croatia; Cyprus; Czechia; Denmark; Estonia; Faroe Islands; Finland; France ); Germany; Greece ); Greenland; Guernsey; Hungary; Iceland; Ireland; Isle of Man; Italy; Sardegna; Sicilia); Japan; Jersey; Korea; Democratic People's Republic of; Latvia; Liechtenstein; Lithuania; Luxembourg; Malta; Moldova; Monaco; Montenegro; Netherlands; North Macedonia; Norway; Poland; Portugal (Azores -","167857","161580271","https://www.iucnredlist.org/species/pdf/161580271","NA"
"Equisetum palustre","Albania; Andorra; Armenia; Austria; Azerbaijan; Belarus; Belgium; Bulgaria; Canada; China; Croatia; Czech Republic; Denmark; Estonia; Faroe Islands; Finland; France ); Germany; Greece; Kriti); Guernsey; Hungary; Iceland; Iran; Islamic Republic of; Ireland; Isle of Man; Italy ); Japan; Jersey; Kazakhstan; Latvia; Lebanon;","167859","42314931","https://www.iucnredlist.org/species/pdf/42314931","Northern; Hemisphere; Europe; Middle; East; Caucasus; Siberia; Kazakhstan; Mongolia; Kamchatka; Primorskye; Sakhalin; Island; Russian; Far; China; Japan; North; America; USA."
"Equisetum telmateia","Albania; Algeria; Armenia; Austria; Azerbaijan; Belarus; Belgium; Bosnia and Herzegovina; Bulgaria; Canada; Croatia; Cyprus; Czech Republic; Denmark; Egypt; France ); Georgia; Germany; Greece; Kriti); Hungary; Iran; Islamic Republic of; Ireland; Israel; Italy; Sardegna; Sicilia); Latvia; Lebanon; Libya; Lithuania; Macedonia; the former Yugoslav Republic of; Malta; Moldova; Montenegro; Morocco; Netherlands;","203004","42315452","https://www.iucnredlist.org/species/pdf/42315452","NA"
"Eragrostis japonica","Algeria; Angola; Australia; Bahrain; Bangladesh; Benin; Bhutan; Botswana; Burkina Faso; Burundi; Cabo Verde; Cameroon; Central African Republic; Chad; China; Congo; The Democratic Republic of the; Côte d'Ivoire; Egypt; Eritrea; Eswatini; Ethiopia; Gambia; Ghana; Guinea; Guinea-Bissau; India; Indonesia; Iran; Islamic Republic of; Iraq; Israel; Japan; Kazakhstan; Kenya; Korea; Democratic People's Republic of; Republic of; Lao People's Democratic Republic; Madagascar; Malawi; Malaysia; Mali; Mauritania; Mozambique; Myanmar; Namibia; Nepal; Niger; Nigeria; Oman; Pakistan; Papua New Guinea; Philippines; Qatar; Russian Federation; Saudi Arabia; Senegal; Sierra Leone; Solomon Islands; Somalia; South Africa; South Sudan; Sri Lanka; Sudan; Taiwan; Province of China; Tanzania; United Republic of; Thailand; Togo; Uganda; United Arab Emirates; Viet Nam; Yemen; Zambia; Zimbabwe","177051","140432825","https://www.iucnredlist.org/species/pdf/140432825","Argentina; Bolivia; Plurinational States of; Brazil; Colombia; Costa Rica; Cuba; Dominica; Ecuador; El Salvador; Grenada; Guatemala; Guyana; Honduras; Lebanon; Martinique; Mexico; Nicaragua; Palestine; State of; Paraguay; Peru; Saint Lucia; Saint Vincent and the Grenadines; Syrian Arab Republic; Trinidad and Tobago; United States; Uruguay; Venezuela; Bolivarian Republic of; Asia; Africa; Australia."
"Eremichthys acros","United States","7993","15363180","https://www.iucnredlist.org/species/pdf/15363180","NA"
"Eremophilus mutisii","Colombia","7999","61472460","https://www.iucnredlist.org/species/pdf/61472460",""
"Eretmodus cyanostictus","Congo; The Democratic Republic of the; Tanzania; United Republic of; Zambia","60491","47193110","https://www.iucnredlist.org/species/pdf/47193110","NA"
"Erimyzon oblongus","United States","202098","15362948","https://www.iucnredlist.org/species/pdf/15362948","NA"
"Erimyzon sucetta","Canada; United States","202099","15361418","https://www.iucnredlist.org/species/pdf/15361418","NA"
"Eriocaulon cinereum","Afghanistan; Angola; Bangladesh; Bhutan; Botswana; Cambodia; Chad; China; Côte d'Ivoire; Gabon; Ghana; Guinea; India; Indonesia; Japan; Kazakhstan; Korea; Republic of; Lao People's Democratic Republic; Mali; Myanmar; Namibia ); Nepal; Nigeria; Philippines; Senegal; Sri Lanka; Taiwan; Province of China; Tanzania; United Republic of; Thailand; Togo; Turkmenistan; Uzbekistan; Viet Nam; Zambia; Zimbabwe Native; Possibly","168957","1257189","https://www.iucnredlist.org/species/pdf/1257189","Australia; Bolivia; Plurinational States of; Brazil; Italy; United States; Venezuela; Bolivarian Republic of"
"Erythrinus erythrinus","Bolivia; Plurinational States of; Brazil; Colombia; Ecuador; French Guiana; Guyana; Paraguay; Peru; Suriname; Trinidad and Tobago; Uruguay","49830594","177036734","https://www.iucnredlist.org/species/pdf/177036734","Cisandine; South; America."
"Esomus metallicus","Cambodia; Lao People's Democratic Republic; Malaysia (Peninsular Malaysia; Sarawak -","180828","1667156","https://www.iucnredlist.org/species/pdf/1667156","Salween; Mae; Klong; Chao; Phraya; Mekong; Peninsular; Malaysia."
"Esox americanus","Canada; United States","184100","15363111","https://www.iucnredlist.org/species/pdf/15363111","NA"
"Esox cisalpinus","Italy ) Native; Possibly","146229731","146229780","https://www.iucnredlist.org/species/pdf/146229780","NA"
"Esox lucius","Armenia; Austria; Azerbaijan; Belgium; Bosnia and Herzegovina; Bulgaria; Canada; China; Croatia; Czechia; Denmark; Estonia; Finland; France ); Georgia; Germany; Hungary; Iran; Islamic Republic of; Kazakhstan; Latvia; Lithuania; Luxembourg; Moldova; Mongolia; Montenegro; Netherlands; Norway; Poland; Romania; Russian Federation; Serbia; Slovakia; Slovenia; Sweden; Switzerland; Turkmenistan; Türkiye; Ukraine; United Kingdom; United States","135631","58312794","https://www.iucnredlist.org/species/pdf/58312794","Albania; Algeria; Ethiopia; Greece; Italy; Madagascar; Monaco; Morocco; North Macedonia; Portugal; Spain; Tunisia; Uganda; United States"
"Esox masquinongy","Canada; United States","202401","15363615","https://www.iucnredlist.org/species/pdf/15363615","NA"
"Esox niger","Canada; United States","202402","15363088","https://www.iucnredlist.org/species/pdf/15363088","NA"
"Esox reichertii","China; Mongolia; Russian Federation","159637629","159637634","https://www.iucnredlist.org/species/pdf/159637634","NA"
"Esperiana esperi","Austria; Bosnia and Herzegovina; Bulgaria; Croatia; Hungary; Montenegro; Romania; Serbia; Slovakia; Slovenia; Ukraine","8441","12912641","https://www.iucnredlist.org/species/pdf/12912641","NA"
"Etheostoma blennioides","Canada; United States","202453","2745023","https://www.iucnredlist.org/species/pdf/2745023","NA"
"Etheostoma caeruleum","Canada; United States","202458","2745058","https://www.iucnredlist.org/species/pdf/2745058","NA"
"Etheostoma cragini","United States","8112","13309768","https://www.iucnredlist.org/species/pdf/13309768","NA"
"Etheostoma edwini","United States","202477","2745191","https://www.iucnredlist.org/species/pdf/2745191","NA"
"Etheostoma exile","Canada; United States","202481","2745219","https://www.iucnredlist.org/species/pdf/2745219","NA"
"Etheostoma fusiforme","United States","202486","2745254","https://www.iucnredlist.org/species/pdf/2745254","NA"
"Etheostoma nigrum","Canada; United States","202507","2745401","https://www.iucnredlist.org/species/pdf/2745401","NA"
"Etheostoma nuchale","United States","8122","13387295","https://www.iucnredlist.org/species/pdf/13387295","NA"
"Etheostoma olmstedi","Canada; United States","202510","2745422","https://www.iucnredlist.org/species/pdf/2745422","NA"
"Etheostoma rufilineatum","United States","202525","18228883","https://www.iucnredlist.org/species/pdf/18228883","NA"
"Etheostoma simoterum","United States","202532","18230005","https://www.iucnredlist.org/species/pdf/18230005","NA"
"Etheostoma zonale","United States","202552","18235820","https://www.iucnredlist.org/species/pdf/18235820","NA"
"Etroplus suratensis","Sri Lanka","172368","60612143","https://www.iucnredlist.org/species/pdf/60612143","NA"
"Eudocimus albus","Belize; Colombia; Costa Rica; Cuba; Dominican Republic; Ecuador; Haiti; Honduras; Jamaica; Mexico; Nicaragua; Panama; Peru; United States; Venezuela; Bolivarian Republic of Native","22697411","188454802","https://www.iucnredlist.org/species/pdf/188454802","NA"
"Eudocimus ruber","Argentina; Brazil; Colombia; French Guiana; Guyana; Suriname; Trinidad and Tobago; Venezuela; Bolivarian Republic of","22697415","265008829","https://www.iucnredlist.org/species/pdf/265008829","NA"
"Eudontomyzon mariae","Russian Federation; Ukraine","8173","135085930","https://www.iucnredlist.org/species/pdf/135085930","NA"
"Euglesa casertana","Algeria; Australia; Austria; Belgium; Bosnia and Herzegovina; Bulgaria; Canada; China; Czechia; Denmark; Estonia; Ethiopia; Faroe Islands; Finland; France; Germany; Gibraltar; Greece; Hungary; Iceland; India; Ireland; Italy; Latvia; Libya; Lithuania; Luxembourg; Madagascar; Morocco; Nepal; Netherlands; North Macedonia; Norway; Peru; Poland; Portugal ); Russian Federation; Saudi Arabia; Serbia; Slovakia; Slovenia; South Africa; Spain ); Sweden; Switzerland; Syrian Arab Republic; Thailand; Tunisia; Ukraine; United Kingdom; United States; Yemen","211972330","258603348","https://www.iucnredlist.org/species/pdf/258603348",""
"Euglesa compressa","Canada; United States","66639293","66639530","https://www.iucnredlist.org/species/pdf/66639530","NA"
"Euryale ferox","Bangladesh; China; India; Japan; Korea; Republic of; Myanmar ); Russian Federation; Taiwan; Province of China","168756","6535154","https://www.iucnredlist.org/species/pdf/6535154","NA"
"Euryrhynchus amazoniensis","Brazil; Colombia ); Peru; Venezuela; Bolivarian Republic of )","198083","107025272","https://www.iucnredlist.org/species/pdf/107025272","NA"
"Exoglossum laurae","United States","202102","18236031","https://www.iucnredlist.org/species/pdf/18236031","NA"
"Exoglossum maxillingua","Canada; United States","202103","18234991","https://www.iucnredlist.org/species/pdf/18234991","NA"
"Exopalaemon modestus","China; Korea; Republic of; Russian Federation; Taiwan; Province of China )","198127","2512662","https://www.iucnredlist.org/species/pdf/2512662","NA"
"Farlowella vittata","Colombia ); Venezuela; Bolivarian Republic of )","176016421","176016431","https://www.iucnredlist.org/species/pdf/176016431","NA"
"Fejervarya cancrivora","Brunei Darussalam; Indonesia; Malaysia; Timor-Leste Native; Presence Uncertain: Indonesia","78278227","53718485","https://www.iucnredlist.org/species/pdf/53718485","Guam; Indonesia; China; Hainan; Provinces; Viet; Nam; Cambodia; Thailand; Great; Nicobar; Island; India; Kalimantan; Lesser; Sunda; Islands; Sulawesi; Sumatra; Malaysia; Sabah; Sarawak; Singapore; Brunei; Darussalam; Timor-Leste; Philippines."
"Fejervarya limnocharis","Bangladesh; Bhutan; Brunei Darussalam; Cambodia; India; Indonesia; Lao People's Democratic Republic; Malaysia; Myanmar ); Nepal; Pakistan; Singapore; Sri Lanka; Thailand; Viet Nam","48886659","68126024","https://www.iucnredlist.org/species/pdf/68126024","Guam"
"Ferrissia californica","Canada; United States","189119","8686887","https://www.iucnredlist.org/species/pdf/8686887","NA"
"Ferrissia rivularis","Canada; United States","69626187","69633138","https://www.iucnredlist.org/species/pdf/69633138","NA"
"Filopaludina martensi","Cambodia; Indonesia; Lao People's Democratic Republic; Malaysia; Thailand; Viet Nam","184846","1756983","https://www.iucnredlist.org/species/pdf/1756983","NA"
"Filopaludina sumatrensis","Cambodia; Indonesia; Lao People's Democratic Republic; Malaysia; Myanmar ); Singapore; Thailand; Viet Nam","184851","1757512","https://www.iucnredlist.org/species/pdf/1757512","NA"
"Fimbristylis dichotoma","Afghanistan; Algeria; Angola; Anguilla; Antigua and Barbuda; Argentina; Armenia; Australia; Azerbaijan; Bahamas; Belize; Benin; Bolivia; Plurinational States of; Bonaire; Sint Eustatius and Saba; Botswana; Brazil; Burkina Faso; Burundi; Cameroon; Cayman Islands; Central African Republic; Chad; China; Colombia; Comoros; Congo; The Democratic Republic of the; Cook Islands; Costa Rica; Cuba; Curaçao; Côte d'Ivoire; Dominica; Dominican Republic; Ecuador; El Salvador; Equatorial Guinea; Eswatini; Ethiopia; Fiji; French Guiana; Gabon; Gambia; Georgia; Ghana; Grenada; Guadeloupe; Guatemala; Guinea; Guinea-Bissau; Guyana; Haiti; Honduras; India; Indonesia; Jamaica; Japan; Kazakhstan; Kenya; Kiribati; Korea; Democratic People's Republic of; Republic of; Kyrgyzstan; Liberia; Madagascar; Malawi; Mali; Martinique; Mexico; Micronesia; Federated States of; Morocco; Namibia; Nepal; New Caledonia; Nicaragua; Niger; Nigeria; Norfolk Island; Pakistan; Panama; Papua New Guinea; Paraguay; Peru; Philippines; Puerto Rico; Qatar; Russian Federation; Rwanda; Réunion; Saint Kitts and Nevis; Saint Lucia; Saint Martin; Saudi Arabia; Senegal; Seychelles; Sierra Leone; Sint Maarten; South Africa; Sri Lanka; Suriname; Taiwan; Province of China; Tanzania; United Republic of; Thailand; Togo; Tonga; Trinidad and Tobago; Uganda; United Arab Emirates; Uruguay; Uzbekistan; Venezuela; Bolivarian Republic of; Viet Nam; Virgin Islands; British; U.S.; Yemen","169008","65904087","https://www.iucnredlist.org/species/pdf/65904087","United States"
"Fimbristylis ferruginea","Algeria; Angola; Australia; Bahamas; Belize; Benin; Botswana; Burkina Faso; Cayman Islands; Chad; Congo; The Democratic Republic of the; Cuba; Côte d'Ivoire; Dominican Republic; Egypt; Equatorial Guinea; Eswatini; Ethiopia; French Guiana; Gabon; Gambia; Ghana; Guinea; Guinea- Bissau; Guyana; India; Indonesia; Jamaica; Kenya; Liberia; Libya; Madagascar; Malaysia; Mauritania; Mexico; Myanmar; Namibia; Niger; Nigeria; Oman; Pakistan; Palestine; State of; Philippines; Puerto Rico; Saudi Arabia; Senegal; Sierra Leone; Somalia; South Africa; Sri Lanka; Suriname; Tanzania; United Republic of; Togo; Trinidad and Tobago; Venezuela; Bolivarian Republic of; Viet Nam; Yemen","177144","65906631","https://www.iucnredlist.org/species/pdf/65906631",""
"Fimbristylis littoralis","Afghanistan; Angola; Australia; Bahamas; Bangladesh; Belize; Benin; Bhutan; Bolivia; Plurinational States of; Botswana; Brazil; Burkina Faso; Burundi; Cambodia; Cameroon; Central African Republic; China; Colombia; Congo; The Democratic Republic of the; Costa Rica; Côte d'Ivoire; Cuba; Dominica; Ecuador; El Salvador; Equatorial Guinea; Ethiopia; Fiji; French Guiana; French Polynesia; Gabon; Gambia; Ghana; Guatemala; Guyana; Honduras; India; Indonesia; Iran; Islamic Republic of; Iraq; Jamaica; Japan; Kenya; Korea; Republic of; Lao People's Democratic Republic; Madagascar; Malaysia; Maldives; Mali; Mauritania; Mauritius; Mexico; Mozambique; Myanmar; Nepal; Nicaragua; Niger; Nigeria; Pakistan; Panama; Papua New Guinea ); Peru; Philippines; Puerto Rico; Réunion; Rwanda; Senegal; Seychelles; Sierra Leone; Singapore; South Africa; Sri Lanka; Sudan; Suriname; Taiwan; Province of China; Tanzania; United Republic of; Thailand; Togo; Trinidad and Tobago; Uganda; United States; Venezuela; Bolivarian Republic of; Viet Nam; Wallis and Futuna; Zimbabwe","177006","62754647","https://www.iucnredlist.org/species/pdf/62754647",""
"Forbesichthys agassizii","United States","202611","18230637","https://www.iucnredlist.org/species/pdf/18230637","NA"
"Franciscodoras marmoratus","Brazil","186481","1813707","https://www.iucnredlist.org/species/pdf/1813707","NA"
"Fuirena umbellata","Angola; Argentina; Australia; Bangladesh; Belize; Benin; Bolivia; Plurinational States of; Botswana; Brazil; Burkina Faso; Burundi; Cambodia; Cameroon; Central African Republic; Chad; Chile; China; Colombia; Congo; The Democratic Republic of the; Costa Rica; Côte d'Ivoire; Cuba; Dominica; Dominican Republic; Ecuador; El Salvador; Equatorial Guinea","177091","99015793","https://www.iucnredlist.org/species/pdf/99015793","NA"
"Fulica americana","Bolivia; Plurinational States of; Jamaica; United States Native","62169677","281035771","https://www.iucnredlist.org/species/pdf/281035771","NA"
"Fundulus catenatus","United States","202378","18233458","https://www.iucnredlist.org/species/pdf/18233458","NA"
"Fundulus chrysotus","United States","202379","18231308","https://www.iucnredlist.org/species/pdf/18231308","NA"
"Fundulus diaphanus","Canada; United States","202381","18233141","https://www.iucnredlist.org/species/pdf/18233141","NA"
"Fundulus grandis","Bahamas; Cuba; Mexico; United States FAO Marine Fishing Areas: Native: Atlantic - western central","190111","86337744","https://www.iucnredlist.org/species/pdf/86337744","NA"
"Fundulus heteroclitus","Canada; United States","189824","18236919","https://www.iucnredlist.org/species/pdf/18236919","NA"
"Fundulus kansae","United States","202385","18233330","https://www.iucnredlist.org/species/pdf/18233330","NA"
"Fundulus lineolatus","United States","202386","18234697","https://www.iucnredlist.org/species/pdf/18234697","NA"
"Fundulus notatus","Canada; United States","184090","18233394","https://www.iucnredlist.org/species/pdf/18233394","NA"
"Fundulus sciadicus","United States","202390","18231727","https://www.iucnredlist.org/species/pdf/18231727","NA"
"Fundulus seminolis","United States","184078","18231097","https://www.iucnredlist.org/species/pdf/18231097","NA"
"Fundulus stellifer","United States","202391","18236898","https://www.iucnredlist.org/species/pdf/18236898","NA"
"Fundulus zebrinus","United States","191315","129982415","https://www.iucnredlist.org/species/pdf/129982415","NA"
"Fusconaia flava","Canada; United States","189275","8710330","https://www.iucnredlist.org/species/pdf/8710330","Mississippi; New; York; Kansas; Nebraska; South; Dakota; Texas; Louisiana; Tombigbee; River; Alabama."
"Galaxias brevipinnis","Australia; New Zealand  FAO Marine Fishing Areas: Native: Indian Ocean - eastern; Pacific - southwest","197277","129040345","https://www.iucnredlist.org/species/pdf/129040345","The; IUCN; Red; List; Threatened; Species:; Galaxias"
"Galaxias truttaceus","Australia","122903281","123382171","https://www.iucnredlist.org/species/pdf/123382171","NA"
"Galaxias vulgaris","New Zealand","197299","2481843","https://www.iucnredlist.org/species/pdf/2481843","NA"
"Galba bulimoides","Canada; United States","189207","8701742","https://www.iucnredlist.org/species/pdf/8701742","NA"
"Galba cubensis","Anguilla; Antigua and Barbuda; Aruba; Bahamas; Barbados; Bermuda; Bonaire; Sint Eustatius and Saba; Cayman Islands; Cuba; Dominica; Dominican Republic; Grenada; Guadeloupe; Guatemala; Haiti; Jamaica; Martinique; Mexico; Montserrat; Puerto Rico; Saint Barthélemy; Saint Kitts and Nevis; Saint Lucia; Saint Martin; Saint Vincent and the Grenadines; Sint Maarten; Trinidad and Tobago; Turks and Caicos Islands; United States; Venezuela; Bolivarian Republic of ); Virgin Islands; British; U.S.","189136","8690638","https://www.iucnredlist.org/species/pdf/8690638","NA"
"Galba schirazensis","Afghanistan; Armenia; Azerbaijan; Georgia; Iran; Islamic Republic of; Russian Federation","189631","8758081","https://www.iucnredlist.org/species/pdf/8758081","NA"
"Galba truncatula","Albania; Algeria; Andorra; Austria; Belgium; Bosnia and Herzegovina; Bulgaria; Canada; Central African Republic; Congo; The Democratic Republic of the; Croatia; Cyprus; Czech Republic; Denmark; Egypt; Sinai); Estonia; Ethiopia; Faroe Islands; Finland; France ); Germany; Greece ); Hungary; India; Iran; Islamic Republic of; Ireland; Italy; Sardegna; Sicilia); Kenya; Latvia; Lesotho; Libya; Liechtenstein; Lithuania; Luxembourg; Macedonia; the former Yugoslav Republic of; Malta; Morocco; Nepal; Netherlands; Norway; Poland; Portugal ); Romania; Russian Federation; Saudi Arabia; Slovakia; Slovenia; South Africa; Spain ); Sweden; Switzerland; Tanzania; United Republic of; Tunisia; Turkey; Ukraine; United Kingdom; United States; Yemen","155730","85693575","https://www.iucnredlist.org/species/pdf/85693575","NA"
"Gallinula chloropus","Albania; Algeria; Angola; Austria; Azerbaijan; Bahrain; Bangladesh; Belarus; Belgium; Benin; Botswana; Brunei Darussalam; Bulgaria; Burkina Faso; Burundi; Cabo Verde; Cambodia; Cameroon; Central African Republic; Chad; China; Comoros; Congo; The Democratic Republic of the; Croatia; Cyprus; Czechia; Côte d'Ivoire; Denmark; Djibouti; Egypt; Eritrea; Estonia; Eswatini; Ethiopia; Finland; France; Gambia; Germany; Ghana; Greece; Guinea; Guinea-Bissau; Hungary; India; Indonesia; Iran; Islamic Republic of; Iraq; Ireland; Italy; Japan; Jordan; Kenya; Korea; Republic of; Kuwait; Lao People's Democratic Republic; Latvia; Lebanon; Lesotho; Liberia; Libya; Liechtenstein; Luxembourg; Madagascar; Malawi; Malaysia; Mali; Malta; Mauritania; Mauritius; Mayotte; Moldova; Montenegro; Morocco; Mozambique; Myanmar; Namibia; Nepal; Netherlands; Niger; Nigeria; North Macedonia; Oman; Pakistan; Philippines; Poland; Portugal; Qatar; Romania; Russian Federation; Rwanda; Réunion; Sao Tome and Principe; Saudi Arabia; Senegal; Serbia; Seychelles; Sierra Leone; Singapore; Slovakia; Slovenia; Somalia; South Africa; Spain; Sri Lanka; Sweden; Switzerland; Syrian Arab Republic; Taiwan; Province of China; Tanzania; United Republic of; Thailand; Togo; Tunisia; Türkiye; Uganda; Ukraine; United Arab Emirates; United Kingdom; Viet Nam; Yemen; Zambia; Zimbabwe Native","62120190","281847787","https://www.iucnredlist.org/species/pdf/281847787","NA"
"Gambusia affinis","Mexico; United States (Alabama; Arizona -","166562","58317114","https://www.iucnredlist.org/species/pdf/58317114","NA"
"Gambusia dominicensis","Haiti","169400","124286138","https://www.iucnredlist.org/species/pdf/124286138","NA"
"Gambusia geiseri","United States","202393","18228947","https://www.iucnredlist.org/species/pdf/18228947","NA"
"Gambusia holbrooki","United States","202394","18232445","https://www.iucnredlist.org/species/pdf/18232445","NA"
"Gambusia marshi","Mexico; United States","191727","2000110","https://www.iucnredlist.org/species/pdf/2000110","NA"
"Gambusia nicaraguensis","Belize; Costa Rica ); Guatemala; Honduras ); Nicaragua ); Panama Native; Possibly","164691422","164691551","https://www.iucnredlist.org/species/pdf/164691551","NA"
"Gambusia nobilis","United States","8895","18232636","https://www.iucnredlist.org/species/pdf/18232636","NA"
"Gambusia regani","Mexico","191729","2000124","https://www.iucnredlist.org/species/pdf/2000124","NA"
"Gasterosteus aculeatus","Albania; Algeria; Belarus; Belgium; Bosnia and Herzegovina; Bulgaria; Canada; Croatia; Czechia; Denmark; Estonia; Finland; France ); Georgia; Germany; Greece; Kriti); Iceland; Ireland; Isle of Man; Italy; Sardegna; Sicilia); Latvia; Lithuania; Mexico; Moldova; Monaco; Montenegro; Netherlands; North Macedonia; Norway; Poland; Portugal ); Romania; Russian Federation; Saint Pierre and Miquelon; San Marino; Slovenia; Spain ); Sweden; Switzerland; Türkiye; Ukraine; United Kingdom; United States","225345695","176077275","https://www.iucnredlist.org/species/pdf/176077275","Austria; Hungary; Iran; Islamic Republic of; Luxembourg; Russian
Federation; Slovakia; Turkmenistan; United States"
"Geophagus altifrons","Brazil","134711357","134711362","https://www.iucnredlist.org/species/pdf/134711362","NA"
"Geophagus brasiliensis","Brazil; Uruguay","186352","1811751","https://www.iucnredlist.org/species/pdf/1811751",""
"Geophagus proximus","Bolivia; Plurinational States of; Brazil; Peru","49829776","191112307","https://www.iucnredlist.org/species/pdf/191112307","Amazon; River; Brazil; Bolivia; Peru; Fricke"
"Geophagus steindachneri","Colombia ); Venezuela; Bolivarian Republic of )","49830537","178536221","https://www.iucnredlist.org/species/pdf/178536221","Andean; Colombia; Sinu; Cauca; Magdalena; Cesar."
"Geophagus surinamensis","French Guiana; Suriname","176001959","176001965","https://www.iucnredlist.org/species/pdf/176001965","NA"
"Geophagus sveni","Brazil","134711522","134711529","https://www.iucnredlist.org/species/pdf/134711529","NA"
"Geothelphusa dehaani","Japan","134810","4017051","https://www.iucnredlist.org/species/pdf/4017051","NA"
"Geranospiza caerulescens","Argentina; Belize; Bolivia; Plurinational States of; Brazil; Colombia; Costa Rica; Ecuador; El Salvador; French Guiana; Guatemala; Guyana; Honduras; Mexico; Nicaragua; Panama; Paraguay; Peru; Suriname; Venezuela; Bolivarian Republic of Native","22695729","168785689","https://www.iucnredlist.org/species/pdf/168785689","NA"
"Gila atraria","United States","202104","18230531","https://www.iucnredlist.org/species/pdf/18230531","NA"
"Gila coerulea","United States","202105","18233015","https://www.iucnredlist.org/species/pdf/18233015","Klamath; Lost; Oregon; California; Burr; The; Falls; Iron; Gate; Copco"
"Gila orcuttii","United States","202107","18234591","https://www.iucnredlist.org/species/pdf/18234591","NA"
"Gila pandora","United States","202108","18233898","https://www.iucnredlist.org/species/pdf/18233898","NA"
"Gila robusta","United States  Vagrant: Mexico","62201","129987081","https://www.iucnredlist.org/species/pdf/129987081","NA"
"Gila seminuda","United States","202109","18231223","https://www.iucnredlist.org/species/pdf/18231223","NA"
"Gillia altilis","United States","69618792","69632968","https://www.iucnredlist.org/species/pdf/69632968","NA"
"Glandirana rugosa","Japan","58706","118983374","https://www.iucnredlist.org/species/pdf/118983374","Japan; United States; Honshu; Shikoku; Kyushu; Island; Oki; Iki; Goto; Islands; Osumi; Islands.; Hokkaido; Izu"
"Glossogobius giuris","Australia; Bangladesh; Brunei Darussalam; Cambodia; China; Hong Kong; India; Indonesia; Iran; Islamic Republic of; Madagascar; Malaysia; Mozambique; Myanmar; Pakistan; Palau; Papua New Guinea; Philippines; Réunion; Singapore; Solomon Islands; South Africa; Sri Lanka; Taiwan; Province of China; Tanzania; United Republic of; Thailand; Timor-Leste; Vanuatu; Viet Nam FAO Marine Fishing Areas: Native: Indian Ocean - eastern Native: Indian Ocean - western Native: Pacific - northwest Native: Pacific - western central","225469534","225189538","https://www.iucnredlist.org/species/pdf/225189538","Indian; Ocean; Indo-Pacific; South; Africa; Madagascar; Mozambique; Eswatini; Tanzania; Reunion; Iran; Pakistan; India; Sri; Lanka; Nepal; Bangladesh; Andaman; Nicobar; Islands; Myanmar; Thailand; Malaysia; Cambodia; Viet; Nam; China; Taiwan; Philippines; Indonesia; Palau; Papua; New; Guinea; Solomon; Vanuatu; Australia; Ashburton; River; Western; Northern; Territory"
"Glossolepis incisus","Indonesia","9268","147681075","https://www.iucnredlist.org/species/pdf/147681075","NA"
"Glyceria maxima","Albania; Austria; Belgium; Bulgaria; Canada; China; Croatia; Czech Republic; Denmark; Estonia; Finland; France ); Georgia; Germany; Greece ); Hungary; Ireland; Italy; Sardegna; Sicilia); Kazakhstan; Liechtenstein; Luxembourg; Malta; Netherlands; Poland; Romania; Russian Federation; Serbia; Slovakia; Slovenia; Sweden; Switzerland; Turkey; Ukraine ); United Kingdom","167863","42319125","https://www.iucnredlist.org/species/pdf/42319125","NA"
"Gnathonemus petersii","Angola; Benin; Cameroon; Central African Republic; Congo; The Democratic Republic of the; Nigeria; Zambia","181553","134970864","https://www.iucnredlist.org/species/pdf/134970864","NA"
"Gnathopogon caerulescens","Japan","114640023","114640052","https://www.iucnredlist.org/species/pdf/114640052","NA"
"Gobio alverniae","France )","135621","137265447","https://www.iucnredlist.org/species/pdf/137265447","NA"
"Gobio gobio","Austria; Belarus; Belgium; Czechia; Denmark; France ); Germany; Hungary; Latvia; Liechtenstein; Lithuania; Luxembourg; Moldova; Netherlands; Norway; Poland; Romania; Russian Federation; Slovakia; Sweden; Switzerland; Ukraine; United Kingdom","184448","137266233","https://www.iucnredlist.org/species/pdf/137266233","Ireland; Italy; Morocco; United Kingdom"
"Gobio lozanoi","France ); Spain )","135677","137266117","https://www.iucnredlist.org/species/pdf/137266117","NA"
"Gobio occitaniae","France )","135500","137264200","https://www.iucnredlist.org/species/pdf/137264200","France; Spain"
"Gobionellus oceanicus","Anguilla; Antigua and Barbuda; Aruba; Barbados; Belize; Bonaire; Sint Eustatius and Saba; Brazil; Colombia; Costa Rica; Cuba; Curaçao; Dominica; Dominican Republic; French Guiana; Grenada; Guadeloupe; Guatemala; Guyana; Haiti; Honduras; Jamaica; Martinique; Mexico; Montserrat; Nicaragua; Panama; Puerto Rico; Saint Barthélemy; Saint Kitts and Nevis; Saint Lucia; Saint Martin; Saint Vincent and the Grenadines; Sint Maarten; Suriname; Trinidad and Tobago; United States; Venezuela; Bolivarian Republic of; Virgin Islands; British; U.S. FAO Marine Fishing Areas: Native: Atlantic - northwest; Atlantic - southwest; Atlantic - western central","181984","82645871","https://www.iucnredlist.org/species/pdf/82645871",""
"Gobiopterus semivestitus","Australia FAO Marine Fishing Areas: Native: Indian Ocean - eastern","197323","42715598","https://www.iucnredlist.org/species/pdf/42715598",""
"Graptemys geographica","Canada; United States (Alabama; Arkansas; Delaware; District of Columbia -","165598","97418743","https://www.iucnredlist.org/species/pdf/97418743","NA"
"Graptemys ouachitensis","United States","165599","97423209","https://www.iucnredlist.org/species/pdf/97423209","NA"
"Graptemys pseudogeographica","United States","165600","97424024","https://www.iucnredlist.org/species/pdf/97424024","NA"
"Groenlandia densa","Armenia; Austria; Azerbaijan; Belgium; Bosnia and Herzegovina; Bulgaria; Croatia; Czech Republic; France ); Germany; Greece ); Hungary; Iran; Islamic Republic of; Ireland; Italy; Sicilia); Liechtenstein; Luxembourg; Macedonia; the former Yugoslav Republic of; Montenegro; Netherlands; Norway; Poland; Portugal ); Romania; Serbia; Slovakia; Spain ); Switzerland; Turkey; United Kingdom Regionally extinct: Denmark; Lithuania; Sweden","164174","42321506","https://www.iucnredlist.org/species/pdf/42321506","NA"
"Grundulus bogotensis","Colombia","49830621","61474093","https://www.iucnredlist.org/species/pdf/61474093",""
"Grus americana","Canada; United States Native; Extinct: Mexico","22692156","181242855","https://www.iucnredlist.org/species/pdf/181242855","NA"
"Grus grus","Armenia; Azerbaijan; Belarus; Bhutan; Bulgaria; China; Croatia; Denmark; Estonia; Finland; France; Georgia; Germany; Greece; Hungary; Iran; Islamic Republic of; Israel; Italy; Jordan; Kazakhstan; Korea; Democratic People's Republic of; Republic of; Kyrgyzstan; Latvia; Lithuania; Mongolia; Netherlands; Oman; Poland; Russian Federation; Slovenia; Spain; Sweden; Syrian Arab Republic; Tajikistan; Turkmenistan; Türkiye; Ukraine; United Kingdom; Uzbekistan; Yemen Native","22692146","265333107","https://www.iucnredlist.org/species/pdf/265333107","NA"
"Grus japonensis","Armenia; Azerbaijan; Belarus; Bhutan; Bulgaria; China; Croatia; Denmark; Estonia; Finland; France; Georgia; Germany; Greece; Hungary; Iran; Islamic Republic of; Israel; Italy; Jordan; Kazakhstan; Korea; Democratic People's Republic of; Republic of; Kyrgyzstan; Latvia; Lithuania; Mongolia; Netherlands; Oman; Poland; Russian Federation; Slovenia; Spain; Sweden; Syrian Arab Republic; Tajikistan; Turkmenistan; Türkiye; Ukraine; United Kingdom; Uzbekistan; Yemen Native","22692167","213488064","https://www.iucnredlist.org/species/pdf/213488064","NA"
"Guianacara geayi","Brazil; French Guiana","164493584","164493663","https://www.iucnredlist.org/species/pdf/164493663","NA"
"Gymnocephalus cernua","Austria; Belarus; Belgium; Bosnia and Herzegovina; Bulgaria; Croatia; Czechia; Denmark; Estonia; Finland; France ); Georgia; Germany; Hungary; Kazakhstan; Latvia; Liechtenstein; Lithuania; Luxembourg; Moldova; Mongolia; Montenegro; Netherlands; Norway; Poland; Romania; Russian Federation; Serbia; Slovakia; Slovenia; Sweden; Switzerland; Turkmenistan; Ukraine; United Kingdom; Uzbekistan","9568","135087494","https://www.iucnredlist.org/species/pdf/135087494","Canada; France; Greece; Italy; Türkiye; United States"
"Gymnocorymbus ternetzi","Argentina; Bolivia; Plurinational States of; Brazil; Paraguay","49829723","197221365","https://www.iucnredlist.org/species/pdf/197221365","NA"
"Gymnodiptychus dybowskii","Afghanistan; Bhutan; China; India; Kazakhstan; Kyrgyzstan; Myanmar; Nepal; Pakistan; Tajikistan; Uzbekistan","156734501","156734530","https://www.iucnredlist.org/species/pdf/156734530","NA"
"Gymnogobius isaza","Japan","110461312","110461327","https://www.iucnredlist.org/species/pdf/110461327","NA"
"Gymnorhamphichthys hypostomus","Bolivia; Plurinational States of; Brazil; Colombia ); Ecuador ); Guyana; Peru; Venezuela; Bolivarian Republic of ) Native; Presence Uncertain: Argentina; Paraguay","49829597","178205519","https://www.iucnredlist.org/species/pdf/178205519","NA"
"Gymnothorax tile","Australia; Bangladesh; Brunei Darussalam; Disputed Territory; India; Indonesia; Malaysia; Myanmar; Papua New Guinea; Philippines; Singapore; Sri Lanka; Thailand; Timor-Leste FAO Marine Fishing Areas: Native: Indian Ocean - eastern; Pacific - western central","195802","2419653","https://www.iucnredlist.org/species/pdf/2419653","NA"
"Gymnotus inaequilabiatus","Argentina; Bolivia; Plurinational States of; Brazil; Paraguay; Uruguay","186791","1818434","https://www.iucnredlist.org/species/pdf/1818434","NA"
"Gymnotus maculosus","Costa Rica; El Salvador; Guatemala; Honduras ); Mexico; Nicaragua","191827","2006897","https://www.iucnredlist.org/species/pdf/2006897","NA"
"Gymnotus pantanal","Argentina; Bolivia; Plurinational States of; Brazil; Paraguay","187230","1825069","https://www.iucnredlist.org/species/pdf/1825069","NA"
"Gymnotus paraguensis","Argentina; Bolivia; Plurinational States of; Brazil; Paraguay; Uruguay","164510282","164510286","https://www.iucnredlist.org/species/pdf/164510286","NA"
"Gymnotus sylvius","Brazil","187097","1823074","https://www.iucnredlist.org/species/pdf/1823074","NA"
"Gyraulus albus","Albania; Andorra; Austria; Belgium; Bosnia and Herzegovina; Bulgaria; Croatia; Czech Republic; Denmark; Estonia; Finland; France ); Germany; Greece ); Hungary; Ireland; Italy ); Latvia; Liechtenstein; Lithuania; Luxembourg; Montenegro; Netherlands; Norway; Poland; Portugal ); Romania; Russian Federation; Slovakia; Slovenia; Spain ); Sweden; Switzerland; Ukraine; United Kingdom","155818","42437324","https://www.iucnredlist.org/species/pdf/42437324","NA"
"Gyraulus chinensis","Hong Kong; Japan; Korea; Republic of; Mongolia; Papua New Guinea; Taiwan; Province of China; Viet Nam","155805","736420","https://www.iucnredlist.org/species/pdf/736420","NA"
"Gyraulus parvus","Canada; Cuba; Dominican Republic; Haiti; Jamaica; Mexico; Puerto Rico; United States","155684","734471","https://www.iucnredlist.org/species/pdf/734471","NA"
"Gyrinocheilus aymonieri","Cambodia; Lao People's Democratic Republic; Malaysia; Myanmar ); Thailand; Viet Nam","180997","1686747","https://www.iucnredlist.org/species/pdf/1686747","NA"
"Haitia venustula","Chile","189126","8689055","https://www.iucnredlist.org/species/pdf/8689055","NA"
"Haliaeetus albicilla","Afghanistan; Albania; Armenia; Austria; Azerbaijan; Belarus; Bulgaria; China; Croatia; Czechia; Denmark; Estonia; Finland; Georgia; Germany; Greece; Greenland; Hungary; Iceland; Iran; Islamic Republic of; Japan; Latvia; Lithuania; Moldova; Montenegro; North Macedonia; Norway; Poland; Romania; Russian Federation; Serbia; Slovakia; Slovenia; Sweden; Turkey; Ukraine Native","22695137","206723035","https://www.iucnredlist.org/species/pdf/206723035","NA"
"Haliaeetus leucocephalus","Canada; Mexico; Saint Pierre and Miquelon Native","22695144","264598530","https://www.iucnredlist.org/species/pdf/264598530","NA"
"Haliaeetus vocifer","Angola; Benin; Botswana; Burkina Faso; Burundi; Cameroon; Central African Republic; Chad; Congo; The Democratic Republic of the; Côte d'Ivoire; Equatorial Guinea; Eritrea; Eswatini; Ethiopia; Gabon; Gambia; Ghana; Guinea; Guinea-Bissau; Kenya; Lesotho; Liberia; Malawi; Mali; Mauritania; Mozambique; Namibia; Niger; Nigeria; Rwanda; Senegal; Sierra Leone; Somalia; South Africa; South Sudan; Sudan; Tanzania; United Republic of; Togo; Uganda; Zambia; Zimbabwe","22695115","174556979","https://www.iucnredlist.org/species/pdf/174556979","NA"
"Hampala macrolepidota","Brunei Darussalam; Cambodia; Indonesia; Lao People's Democratic Republic; Malaysia; Thailand; Viet Nam","181255","1714119","https://www.iucnredlist.org/species/pdf/1714119","NA"
"Haplochromis aeneocolor","Uganda","60498","12365381","https://www.iucnredlist.org/species/pdf/12365381","NA"
"Haplochromis erythromaculatus","Rwanda","60509","12372317","https://www.iucnredlist.org/species/pdf/12372317","NA"
"Haplochromis squamipinnis","Congo; The Democratic Republic of the; Uganda","60526","12374672","https://www.iucnredlist.org/species/pdf/12374672","NA"
"Hasemania nana","Brazil","186794","1818479","https://www.iucnredlist.org/species/pdf/1818479","NA"
"Helisoma anceps","Canada; United States","69626368","69633163","https://www.iucnredlist.org/species/pdf/69633163","NA"
"Helostoma temminckii","Cambodia; Indonesia; Lao People's Democratic Republic; Malaysia; Thailand; Viet Nam Native; Presence Uncertain: Myanmar )","181326","156937361","https://www.iucnredlist.org/species/pdf/156937361","Brunei Darussalam; Indonesia; Malaysia; Papua New Guinea; Philippines; Singapore; Asia; Mae; Khlong; Thailand; Mekong; Malay; Peninsula; Myanmar; Kalimantan."
"Hemibagrus guttatus","China; Lao People's Democratic Republic; Viet Nam","166181","1117461","https://www.iucnredlist.org/species/pdf/1117461","NA"
"Hemibagrus nemurus","Indonesia","180954","91179822","https://www.iucnredlist.org/species/pdf/91179822","UNEP-WCMC"
"Hemibarbus labeo","China; Mongolia; Russian Federation; Taiwan; Province of China","159670723","159670741","https://www.iucnredlist.org/species/pdf/159670741","NA"
"Hemibarbus longirostris","China; Japan; Korea; Democratic People's Republic of; Republic of; Taiwan; Province of China","166047","6177738","https://www.iucnredlist.org/species/pdf/6177738","NA"
"Hemibarbus maculatus","China; Mongolia; Russian Federation","159671232","159671257","https://www.iucnredlist.org/species/pdf/159671257","NA"
"Hemichromis bimaculatus","Algeria; Angola; Benin; Burkina Faso; Cameroon; Central African Republic; Chad; Côte d'Ivoire; Egypt; Gambia; Ghana; Guinea; Guinea-Bissau; Liberia; Mali; Mauritania; Niger; Nigeria; Senegal; Sierra Leone; Togo; Tunisia FAO Marine Fishing Areas: Native: Atlantic - eastern central","182628","134775783","https://www.iucnredlist.org/species/pdf/134775783","Africa; Algeria; Egypt."
"Hemichromis elongatus","Angola; Botswana; Cameroon; Central African Republic; Congo; The Democratic Republic of the; Equatorial Guinea; Gabon; Namibia; Zambia","181750","99451098","https://www.iucnredlist.org/species/pdf/99451098","United States"
"Hemichromis fasciatus","Angola; Benin; Burkina Faso; Cameroon; Central African Republic; Chad; Congo; The Democratic Republic of the; Côte d'Ivoire; Egypt; Equatorial Guinea; Ethiopia; Gabon; Gambia; Ghana; Guinea; Guinea-Bissau; Liberia; Mali; Mauritania; Namibia; Niger; Nigeria; Senegal; Sierra Leone; South Sudan; Sudan; Togo; Zambia; Zimbabwe Native; Presence Uncertain: Cocos  Islands FAO Marine Fishing Areas: Native: Atlantic - eastern central","182187","134776132","https://www.iucnredlist.org/species/pdf/134776132","NA"
"Hemichromis letourneuxi","Egypt; Ethiopia; Kenya; South Sudan; Sudan; Uganda","182783","134776569","https://www.iucnredlist.org/species/pdf/134776569","NA"
"Hemiculter leucisculus","China; Hong Kong; Japan; Korea; Democratic People's Republic of; Republic of; Mongolia; Russian Federation; Taiwan; Province of China; Viet Nam","166193","1118671","https://www.iucnredlist.org/species/pdf/1118671","NA"
"Hemiculter lucidus","China; Mongolia; Russian Federation","166086","1110926","https://www.iucnredlist.org/species/pdf/1110926","NA"
"Hemigrammus erythrozonus","Guyana; Suriname Native; Presence Uncertain: Colombia ); Venezuela; Bolivarian Republic of )","175965508","175965518","https://www.iucnredlist.org/species/pdf/175965518","NA"
"Hemigrammus ocellifer","Brazil; Colombia; Ecuador; French Guiana; Guyana; Peru; Suriname","49830678","159669557","https://www.iucnredlist.org/species/pdf/159669557","NA"
"Hemigrammus pulcher","Colombia; Ecuador; Peru","167811","53822474","https://www.iucnredlist.org/species/pdf/53822474","NA"
"Hemiodus gracilis","Brazil; Colombia; Peru; Venezuela; Bolivarian Republic of","49830195","91630457","https://www.iucnredlist.org/species/pdf/91630457","NA"
"Hemiodus orthonops","Argentina; Bolivia; Plurinational States of; Brazil; Paraguay","164510536","164510540","https://www.iucnredlist.org/species/pdf/164510540","NA"
"Hemitrygon laosensis","Cambodia; Lao People's Democratic Republic; Thailand Native; Presence Uncertain: Malaysia","39407","124411226","https://www.iucnredlist.org/species/pdf/124411226","NA"
"Herichthys carpintis","Mexico","192894","2179715","https://www.iucnredlist.org/species/pdf/2179715","H."
"Herichthys cyanoguttatus","Mexico; United States","192895","129991686","https://www.iucnredlist.org/species/pdf/129991686","NA"
"Heros efasciatus","Bolivia; Plurinational States of; Brazil; Colombia; Ecuador; Peru Native; Possibly","49830013","159670768","https://www.iucnredlist.org/species/pdf/159670768","Amazon; Orinoco; Brazil; Ecuador; Colombia; Bolivia; Peru"
"Heros severus","Bolivia; Plurinational States of; Brazil; Colombia; Venezuela; Bolivarian Republic of","49829882","159671420","https://www.iucnredlist.org/species/pdf/159671420","NA"
"Herotilapia multispinosa","Costa Rica ); Honduras ); Nicaragua )","152305910","152306226","https://www.iucnredlist.org/species/pdf/152306226","Atlantic; Pacific; Honduras; Nicaragua; Costa; Rica."
"Hesperoleucus symmetricus","United States","202131","18236415","https://www.iucnredlist.org/species/pdf/18236415","NA"
"Heterandria formosa","United States","202395","18233162","https://www.iucnredlist.org/species/pdf/18233162","NA"
"Heteropneustes fossilis","Bangladesh; India; Lao People's Democratic Republic; Myanmar; Nepal; Pakistan; Sri Lanka; Thailand","166452","60585129","https://www.iucnredlist.org/species/pdf/60585129","NA"
"Heterotilapia buettikoferi","Guinea; Guinea-Bissau; Liberia; Senegal; Sierra Leone","181872","58327787","https://www.iucnredlist.org/species/pdf/58327787","NA"
"Heterotis niloticus","Benin; Burkina Faso; Cameroon; Chad; Côte d'Ivoire; Ethiopia; Gambia; Ghana;","182580","134764025","https://www.iucnredlist.org/species/pdf/134764025","Central African Republic; Congo; The Democratic Republic of
the; Gabon; Madagascar"
"Hibiscus moscheutos","Canada; United States","64314251","67729691","https://www.iucnredlist.org/species/pdf/67729691","NA"
"Hiodon alosoides","Canada; United States","202408","18232129","https://www.iucnredlist.org/species/pdf/18232129","NA"
"Hiodon tergisus","Canada; United States","202409","18233078","https://www.iucnredlist.org/species/pdf/18233078","NA"
"Hippopotamus amphibius","Angola; Benin; Botswana; Burkina Faso; Burundi; Cameroon; Central African Republic; Chad; Congo; The Democratic Republic of the; Côte d'Ivoire; Equatorial Guinea; Ethiopia; Gabon; Gambia; Ghana; Guinea; Guinea-Bissau; Kenya; Malawi; Mali; Mozambique; Namibia; Niger; Nigeria; Rwanda; Senegal; Sierra Leone; Somalia; South Africa; South Sudan; Sudan; Swaziland; Tanzania; United Republic of; Togo; Uganda; Zambia; Zimbabwe Regionally extinct: Algeria; Egypt; Eritrea; Liberia; Mauritania","10103","18567364","https://www.iucnredlist.org/species/pdf/18567364","West; Africa."
"Hippuris vulgaris","Albania; Austria; Belarus; Belgium; Bulgaria; Canada; China; Croatia; Czech Republic; Denmark; Estonia; Faroe Islands; Finland; France ); Germany; Greece ); Hungary; Iceland; Ireland; Italy ); Latvia; Liechtenstein; Lithuania; Luxembourg; Moldova; Netherlands; Norway; Poland; Romania; Russian Federation; Serbia; Slovakia; Slovenia; Spain ); Svalbard and Jan Mayen; Sweden; Switzerland; Taiwan; Province of China ); Ukraine ); United Kingdom; United States","167870","1178985","https://www.iucnredlist.org/species/pdf/1178985","NA"
"Hirudo medicinalis","Austria; Belarus; Croatia; Czech Republic; France; Germany; Hungary; Latvia; Lithuania; Netherlands; Norway; Poland; Russian Federation; Slovenia; Sweden; Switzerland; Ukraine; United Kingdom","10190","21415816","https://www.iucnredlist.org/species/pdf/21415816","NA"
"Hisonotus notatus","Brazil","186844","1819229","https://www.iucnredlist.org/species/pdf/1819229","NA"
"Histrionicus histrionicus","Canada; China; Greenland; Iceland; Japan; Korea; Democratic People's Republic of; Republic of; Mexico; Russian Federation; Saint Pierre and Miquelon; United States Vagrant: Austria; Belgium; Croatia; Denmark; France; Germany; Italy; Kazakhstan; Mongolia; Montenegro; Netherlands; Norway; Poland; Serbia; Slovakia; Svalbard and Jan Mayen; Sweden; Switzerland; Ukraine; United Kingdom","22680423","132527785","https://www.iucnredlist.org/species/pdf/132527785","NA"
"Hoplerythrinus unitaeniatus","Argentina; Bolivia; Plurinational States of; Brazil; Ecuador; French Guiana; Guyana; Panama; Peru; Suriname; Trinidad and Tobago; Uruguay; Venezuela; Bolivarian Republic of","187113","1823314","https://www.iucnredlist.org/species/pdf/1823314","NA"
"Hoplias intermedius","Brazil","135926128","135926146","https://www.iucnredlist.org/species/pdf/135926146","NA"
"Hoplias lacerdae","Argentina; Brazil; Uruguay","187111","1823284","https://www.iucnredlist.org/species/pdf/1823284","NA"
"Hoplias malabaricus","Argentina; Bolivia; Plurinational States of; Brazil; Colombia ); Ecuador ); French Guiana; Guyana; Panama; Paraguay; Peru; Suriname; Trinidad and Tobago; Uruguay; Venezuela; Bolivarian Republic of ) Presence Uncertain &","186393","1812387","https://www.iucnredlist.org/species/pdf/1812387","Panama; Argentina; The; IUCN; Red; List; Threatened; Species:; Hoplias"
"Hoplobatrachus rugulosus","Cambodia; China; Hong Kong; Lao People's Democratic Republic; Macao; Myanmar ); Taiwan; Province of China ); Thailand; Viet Nam","58300","53725185","https://www.iucnredlist.org/species/pdf/53725185","Malaysia; Philippines"
"Hoplobatrachus tigerinus","Afghanistan; Bangladesh; Bhutan; India; Myanmar ); Nepal; Pakistan Native; Presence Uncertain: Sri Lanka","58301","53729148","https://www.iucnredlist.org/species/pdf/53729148","Madagascar; Maldives"
"Hoplosternum littorale","Argentina; Aruba; Barbados; Bolivia; Plurinational States of; Brazil; Colombia; Ecuador; French Guiana; Guyana; Panama; Paraguay; Peru; Suriname; Trinidad and Tobago; Uruguay; Venezuela; Bolivarian Republic of","186430","1812942","https://www.iucnredlist.org/species/pdf/1812942","United States; South; America.; America; Florida; U."
"Horabagrus brachysoma","India","172387","174791841","https://www.iucnredlist.org/species/pdf/174791841","NA"
"Hottonia palustris","Austria; Belarus; Belgium; Croatia; Czech Republic; Denmark; Estonia; France ); Germany; Hungary; Italy ); Latvia; Liechtenstein; Lithuania; Luxembourg; Moldova; Netherlands; Poland; Romania; Russian Federation; Serbia; Slovakia; Slovenia; Sweden; Switzerland; Ukraine ); United Kingdom","167912","42402679","https://www.iucnredlist.org/species/pdf/42402679","NA"
"Hucho hucho","Austria; Bosnia and Herzegovina; Croatia; Germany; Hungary; Montenegro; Romania; Serbia; Slovakia; Slovenia; Ukraine Native; Extinct: Czechia; Poland; Switzerland","10264","137268053","https://www.iucnredlist.org/species/pdf/137268053","France; Spain"
"Huso dauricus","China; Russian Federation  Native","10268","146104292","https://www.iucnredlist.org/species/pdf/146104292","NA"
"Huso huso","Georgia; Iran; Islamic Republic of; Kazakhstan; Moldova; Romania; Russian Federation; Serbia Native","10269","135087846","https://www.iucnredlist.org/species/pdf/135087846","NA"
"Hybognathus hankinsoni","Canada; United States","202111","18232466","https://www.iucnredlist.org/species/pdf/18232466","NA"
"Hybognathus nuchalis","United States","202113","18230784","https://www.iucnredlist.org/species/pdf/18230784","NA"
"Hybognathus placitus","Canada; United States","202114","76578578","https://www.iucnredlist.org/species/pdf/76578578","NA"
"Hybognathus regius","Canada; United States","202115","18234444","https://www.iucnredlist.org/species/pdf/18234444","NA"
"Hybopsis amblops","United States","202116","18232700","https://www.iucnredlist.org/species/pdf/18232700","NA"
"Hybopsis amnis","United States","202117","18236073","https://www.iucnredlist.org/species/pdf/18236073","NA"
"Hybopsis hypsinotus","United States","202118","18234425","https://www.iucnredlist.org/species/pdf/18234425","NA"
"Hybopsis winchelli","United States","202121","18235757","https://www.iucnredlist.org/species/pdf/18235757","NA"
"Hydrilla verticillata","Afghanistan; Bangladesh; Belarus; Bhutan; Burundi; Cambodia; China; Congo; The Democratic Republic of the; Estonia; Hong Kong; India; Indonesia; Iran; Islamic Republic of;","167871","65905991","https://www.iucnredlist.org/species/pdf/65905991","NA"
"Hydrocharis dubia","Australia; Bangladesh; China; India; Indonesia; Japan; Korea; Republic of; Myanmar; Papua New Guinea ); Philippines; Taiwan; Province of China; Thailand; Viet Nam","169011","6561474","https://www.iucnredlist.org/species/pdf/6561474","NA"
"Hydrochoerus hydrochaeris","Argentina; Bolivia; Plurinational States of; Brazil; Colombia; Ecuador; Guyana; Paraguay; Peru; Uruguay; Venezuela; Bolivarian Republic of","10300","22190005","https://www.iucnredlist.org/species/pdf/22190005","NA"
"Hydrocotyle americana","Canada; United States","64314371","67729701","https://www.iucnredlist.org/species/pdf/67729701","NA"
"Hydrocotyle bonariensis","Angola; Argentina; Australia; Benin; Bolivia; Plurinational States of; Brazil; Cameroon; Chile; Colombia; Congo; Costa Rica; Cuba; Côte d'Ivoire; Ecuador; El Salvador; Equatorial Guinea; France; Gabon; Ghana; Guatemala; Honduras; Italy; Kenya; Liberia; Madagascar; Mexico; Mozambique; Namibia; Nicaragua; Panama; Paraguay; Peru; Portugal; Puerto Rico; Senegal; South Africa; Spain; Tanzania; United Republic of; Togo; United States; Uruguay","136664465","136664469","https://www.iucnredlist.org/species/pdf/136664469","NA"
"Hydrocotyle ranunculoides","Argentina; Bolivia; Plurinational States of; Brazil; Canada; Chile; Colombia; Costa Rica; Cuba; Ecuador; Guatemala; Mexico; Nicaragua; Panama; Paraguay; Peru; United States; Uruguay","13581832","13598469","https://www.iucnredlist.org/species/pdf/13598469","NA"
"Hydrocotyle umbellata","Belize; Brazil; Canada; Chile; Colombia; Costa Rica; Cuba; Ecuador; El Salvador; French Guiana; Guatemala; Guyana; Haiti; Honduras; Mexico; Nicaragua; Panama; Paraguay; Puerto Rico; United States; Venezuela; Bolivarian Republic of","64314702","67729706","https://www.iucnredlist.org/species/pdf/67729706","NA"
"Hydrocotyle vulgaris","Albania; Algeria; Austria; Belgium; Bosnia and Herzegovina; Croatia; Czech Republic; Denmark; Estonia; France ); Georgia; Germany; Greece ); Hungary; Ireland; Israel; Italy; Sardegna; Sicilia - Possibly Extinct); Jordan; Latvia; Liechtenstein; Lithuania; Luxembourg; Macedonia; the former Yugoslav Republic of; Montenegro; Morocco; Netherlands; Norway; Poland; Portugal ); Russian Federation; Serbia; Slovenia; Spain ); Sweden; Switzerland; Ukraine ); United Kingdom","164201","42415437","https://www.iucnredlist.org/species/pdf/42415437","NA"
"Hydrocynus goliath","Burundi; Congo; The Democratic Republic of the; Tanzania; United Republic of; Zambia","182833","58332607","https://www.iucnredlist.org/species/pdf/58332607","NA"
"Hydrocynus vittatus","Angola; Benin; Botswana; Burkina Faso; Burundi; Cameroon; Central African Republic; Chad; Congo; The Democratic Republic of the; Egypt; Eswatini; Ethiopia; Gabon; Ghana; Guinea; Malawi; Mali; Mozambique; Namibia; Niger; Nigeria; Rwanda; Senegal; Sierra Leone; South Africa; South Sudan; Sudan; Tanzania; United Republic of; Togo; Uganda; Zambia; Zimbabwe Native; Presence Uncertain: Kenya","181744","272354456","https://www.iucnredlist.org/species/pdf/272354456","NA"
"Hydrolycus armatus","Bolivia; Plurinational States of; Brazil; Colombia ); Guyana; Venezuela; Bolivarian Republic of )","49829538","91630365","https://www.iucnredlist.org/species/pdf/91630365","NA"
"Hydropotes inermis","China; Korea; Democratic People's Republic of; Republic of","10329","22163569","https://www.iucnredlist.org/species/pdf/22163569","NA"
"Hygrophila polysperma","Bangladesh; Bhutan; Cambodia; China; India; Lao People's Democratic Republic; Myanmar; Nepal; Pakistan; Thailand; Viet Nam","168988","6558920","https://www.iucnredlist.org/species/pdf/6558920","NA"
"Hyla arborea","Albania; Austria; Belgium; Bosnia and Herzegovina; Bulgaria; Croatia; Czechia; Denmark; France ); Germany; Greece; Kriti); Hungary; Italy ); Liechtenstein; Luxembourg; Montenegro; Netherlands; North Macedonia; Poland; Romania; Serbia; Slovakia; Slovenia; Sweden; Switzerland Native; Possibly","82496838","228182338","https://www.iucnredlist.org/species/pdf/228182338","NA"
"Hyla meridionalis","Algeria; Morocco; Spain","173109790","89701354","https://www.iucnredlist.org/species/pdf/89701354","France; Italy; Monaco; Portugal; Spain"
"Hypancistrus contradens","Venezuela; Bolivarian Republic of","118040668","118040675","https://www.iucnredlist.org/species/pdf/118040675","NA"
"Hypancistrus zebra","Brazil","135926196","135926211","https://www.iucnredlist.org/species/pdf/135926211","NA"
"Hypentelium etowanum","United States","202123","18234865","https://www.iucnredlist.org/species/pdf/18234865","NA"
"Hypentelium nigricans","Canada; United States","202124","18230805","https://www.iucnredlist.org/species/pdf/18230805","NA"
"Hypentelium roanokense","United States","202125","18236141","https://www.iucnredlist.org/species/pdf/18236141","NA"
"Hyphessobrycon eques","Argentina; Bolivia; Plurinational States of; Brazil; Paraguay; Uruguay","186897","1820024","https://www.iucnredlist.org/species/pdf/1820024","French Guiana"
"Hyphessobrycon erythrostigma","Brazil; Colombia; Peru","49830743","159677373","https://www.iucnredlist.org/species/pdf/159677373","NA"
"Hyphessobrycon flammeus","Brazil","186967","1821074","https://www.iucnredlist.org/species/pdf/1821074","Brazil"
"Hyphessobrycon haraldschultzi","Brazil","135928448","135928466","https://www.iucnredlist.org/species/pdf/135928466","NA"
"Hyphessobrycon herbertaxelrodi","Brazil","135928519","135928550","https://www.iucnredlist.org/species/pdf/135928550","NA"
"Hyphessobrycon megalopterus","Bolivia; Plurinational States of; Brazil","167670","53822841","https://www.iucnredlist.org/species/pdf/53822841","NA"
"Hyphessobrycon pulchripinnis","Brazil","167630","135926428","https://www.iucnredlist.org/species/pdf/135926428","NA"
"Hyphessobrycon rosaceus","Guyana; Suriname","49830051","162751335","https://www.iucnredlist.org/species/pdf/162751335","NA"
"Hypomesus nipponensis","Japan; Korea; Democratic People's Republic of; Russian Federation","159715391","159715398","https://www.iucnredlist.org/species/pdf/159715398","NA"
"Hypomesus olidus","Canada; Japan; Korea; Democratic People's Republic of; Russian Federation; United States  FAO Marine Fishing Areas: Native: Atlantic - northeast Native: Pacific - northwest Native: Arctic Sea","135708","135112069","https://www.iucnredlist.org/species/pdf/135112069","NA"
"Hypophthalmichthys harmandi","China; Viet Nam","166886","1147381","https://www.iucnredlist.org/species/pdf/1147381","NA"
"Hypophthalmichthys molitrix","China; Mongolia; Russian Federation","166081","6168056","https://www.iucnredlist.org/species/pdf/6168056","NA"
"Hypophthalmichthys nobilis","China","166172","1116524","https://www.iucnredlist.org/species/pdf/1116524","NA"
"Hypophthalmus edentatus","Bolivia; Plurinational States of; Brazil; Colombia; Ecuador; Peru","49830291","91630680","https://www.iucnredlist.org/species/pdf/91630680","NA"
"Hypoptopoma gulare","Bolivia; Plurinational States of; Brazil; Colombia; Peru","49830350","159679200","https://www.iucnredlist.org/species/pdf/159679200","NA"
"Hypostomus luetkeni","Brazil","186809","1818704","https://www.iucnredlist.org/species/pdf/1818704","Brazil; Francisco; Parnaiba; Sul; Mucurí; Minas; Gerais; Espírito; Santo; Rio; Janeiro; Sao; Paulo; Parana; Santa; Catarina; Miquelarena"
"Hypostomus plecostomus","French Guiana; Guyana; Suriname Native; Possibly","176017246","176017284","https://www.iucnredlist.org/species/pdf/176017284","NA"
"Hypostomus punctatus","Brazil","186569","1815092","https://www.iucnredlist.org/species/pdf/1815092","NA"
"Hypselecara temporalis","Brazil;","49830182","159680823","https://www.iucnredlist.org/species/pdf/159680823","Amazon; Ucayali; Oyapoque; Purus; Tocantins; Brazil; Ecuador; Colombia; Peru; Rapp; Py-Daniel; Deus; Santos"
"Hypseleotris galii","Australia","68001200","129047215","https://www.iucnredlist.org/species/pdf/129047215","NA"
"Hypsophrys nicaraguensis","Costa Rica ); Honduras ); Nicaragua )","152306028","152306231","https://www.iucnredlist.org/species/pdf/152306231","NA"
"Hyriopsis desowitzi","Thailand","171839","98191382","https://www.iucnredlist.org/species/pdf/98191382","NA"
"Hyriopsis myersiana","Thailand","171840","98191487","https://www.iucnredlist.org/species/pdf/98191487","NA"
"Hysterocarpus traskii","United States","62221","18230342","https://www.iucnredlist.org/species/pdf/18230342","NA"
"Ichthyomyzon unicuspis","Canada; United States","202621","76578043","https://www.iucnredlist.org/species/pdf/76578043","NA"
"Ictalurus furcatus","Mexico; United States","202679","18229857","https://www.iucnredlist.org/species/pdf/18229857","NA"
"Ictalurus pricei","Mexico; United States (Arizona -","10770","130012248","https://www.iucnredlist.org/species/pdf/130012248","NA"
"Ictalurus punctatus","Canada; Mexico; United States","202680","18236665","https://www.iucnredlist.org/species/pdf/18236665","NA"
"Ictiobus bubalus","Guatemala; Mexico; United States","191239","130113487","https://www.iucnredlist.org/species/pdf/130113487","NA"
"Ictiobus cyprinellus","Canada; United States","202127","18234087","https://www.iucnredlist.org/species/pdf/18234087","NA"
"Ictiobus niger","Mexico; United States Present - origin uncertain: Canada","191242","130012759","https://www.iucnredlist.org/species/pdf/130012759","NA"
"Indoplanorbis exustus","Bangladesh; China; India; Indonesia; Iran; Islamic Republic of; Malaysia; Myanmar; Nepal; Oman; Pakistan; Saudi Arabia; Sri Lanka; Thailand; Viet Nam; Yemen","165594","17211568","https://www.iucnredlist.org/species/pdf/17211568","Iran; Arabian; Peninsula; Arabia; Oman; Socotra; Island; Yemen; China; Malay; Archipelago; Myanmar; Pakistan; Persia; Sumatra; Celebes; Java; Malaya; Thailand; Indonesia; Malaysia; Vietnam; Bangladesh; India; Sri; Lanka; Nepal; Liu; Subba; Rao"
"Iotichthys phlegethontis","United States","10847","18235482","https://www.iucnredlist.org/species/pdf/18235482","Bonneville; Basin; Salt; Lake; City; Great; Utah; Beaver; River; Parowan; Creek; Clear; Provo; Snake; Valley; Sigler"
"Ipomoea aquatica","Angola; Bangladesh; Botswana; Burundi; Cambodia; Cameroon; Central African Republic; Chad; China; Congo; Ethiopia; Gambia; Ghana; Guinea; India; Indonesia; Kenya; Lao People's Democratic Republic; Malawi; Malaysia; Mali; Mauritania; Mozambique; Myanmar; Namibia; Nepal; Nigeria; Oman; Philippines; Saudi Arabia; Senegal; Sierra Leone; Somalia; Sri Lanka; Sudan; Suriname; Tanzania; United Republic of; Thailand; Uganda; Viet Nam; Yemen; Zambia; Zimbabwe","168908","120145878","https://www.iucnredlist.org/species/pdf/120145878","NA"
"Iriatherina werneri","Australia; Indonesia; Papua New Guinea","123357089","123382696","https://www.iucnredlist.org/species/pdf/123382696","NA"
"Iris pseudacorus","Albania; Andorra; Austria; Azerbaijan; Belarus; Belgium; Bosnia and Herzegovina; Bulgaria; Chile; China; Croatia; Czech Republic; Denmark; Estonia; Faroe Islands; Finland; France ); Georgia; Germany; Greece; Kriti); Hungary; Iceland; Iran; Islamic Republic of; Ireland; Israel; Italy; Sardegna; Sicilia); Japan; Kazakhstan; Liechtenstein; Luxembourg; Macedonia; the former Yugoslav Republic of; Mexico; Montenegro; Netherlands; New Zealand; Norway; Palestinian Territory; Occupied; Poland; Portugal ); Romania; Russian Federation; Serbia; Slovakia; Slovenia; South Africa; Spain ); Sweden; Switzerland; Syrian Arab Republic; Turkey; Ukraine; United Kingdom; Uruguay Regionally extinct: Malta","163999","42326782","https://www.iucnredlist.org/species/pdf/42326782","NA"
"Ischikauia steenackeri","Japan","114826015","114826025","https://www.iucnredlist.org/species/pdf/114826025","NA"
"Ischnura ramburii","Bahamas; Barbados; Belize; Brazil; Cayman Islands; Colombia; Costa Rica; Cuba; Curaçao; Dominica; Dominican Republic; Ecuador; El Salvador; French Guiana; Grenada; Guadeloupe; Guatemala; Haiti; Honduras; Jamaica; Martinique; Mexico; Nicaragua; Panama; Peru; Puerto Rico; Saint Lucia; Saint Vincent and the Grenadines; Suriname; Trinidad and Tobago; United States (Alabama; Arizona; Arkansas; California; Connecticut; Delaware; District of Columbia; Florida; Georgia; Hawaiian Is. -","165059","80686885","https://www.iucnredlist.org/species/pdf/80686885","NA"
"Ischnura senegalensis","Afghanistan; Angola; Bangladesh; Benin; Botswana; Brunei Darussalam; Burkina Faso; Cambodia; Cameroon; Cape Verde; Chad; China; Congo; The Democratic Republic of the; Djibouti; Egypt; Sinai); Equatorial Guinea ); Ethiopia; Gabon; Gambia; Ghana; Guinea-Bissau; Hong Kong; India; Indonesia; Iran; Islamic Republic of; Iraq; Israel; Japan; Jordan; Kenya; Lao People's Democratic Republic; Lesotho; Liberia; Libya; Macao; Madagascar; Malawi; Malaysia; Mali; Mauritania; Mauritius; Rodrigues); Mayotte; Mozambique; Myanmar; Namibia ); Niger; Nigeria; Oman; Pakistan; Palau; Palestinian Territory; Occupied; Papua New Guinea ); Philippines; Réunion; Rwanda; Saudi Arabia; Senegal; Seychelles; Sierra Leone; Singapore; Somalia; South Africa; South Sudan; Spain; Sri Lanka; Sudan; Swaziland; Taiwan; Province of China; Tanzania; United Republic of; Thailand; Timor-Leste; Togo; Turkmenistan; Uganda; United Arab Emirates; Uzbekistan; Viet Nam; Western Sahara; Yemen; Zambia; Zimbabwe","59897","75436136","https://www.iucnredlist.org/species/pdf/75436136","NA"
"Isolepis fluitans","Angola; Australia; Belgium; Burundi; Cameroon; Comoros; Congo; The Democratic Republic of the; Czechia; Denmark; Eritrea; Eswatini; Ethiopia; France; Germany; India; Indonesia; Italy; Kenya; Lesotho; Madagascar; Malawi; Mali; Mozambique; Namibia; New Zealand; Nigeria; Norway; Papua New Guinea; Poland; Portugal; Réunion; Rwanda; South Africa; South Sudan; Spain; Sri Lanka; Sudan; Sweden; Tanzania; United Republic of; Uganda; United Kingdom; Viet Nam; Zambia; Zimbabwe Possibly extinct: Netherlands","167850","120171641","https://www.iucnredlist.org/species/pdf/120171641","NA"
"Jacana jacana","Argentina; Aruba; Bolivia; Plurinational States of; Brazil; Colombia; Ecuador; French Guiana; Guyana; Panama; Paraguay; Peru; Suriname; Trinidad and Tobago; Uruguay; Venezuela; Bolivarian Republic of","22693553","163616643","https://www.iucnredlist.org/species/pdf/163616643","NA"
"Julidochromis regani","Burundi; Congo; The Democratic Republic of the; Tanzania; United Republic of; Zambia","60542","47197222","https://www.iucnredlist.org/species/pdf/47197222","NA"
"Juncus articulatus","Afghanistan; Albania; Algeria; Austria; Belarus; Belgium; Bhutan; Bosnia and Herzegovina; Bulgaria; Canada; China; Croatia; Cyprus; Czech Republic; Denmark; Faroe Islands; Finland; France ); Georgia; Germany; Greece; Kriti); Hungary; Iceland; India; Iran; Islamic Republic of; Iraq; Ireland; Italy; Sardegna; Sicilia); Japan; Kazakhstan; Korea; Democratic People's Republic of; Republic of; Kyrgyzstan; Lebanon; Libya; Liechtenstein; Luxembourg; Macedonia; the former Yugoslav Republic of; Malta; Moldova; Mongolia; Montenegro; Morocco; Nepal; Netherlands; Norway; Pakistan; Poland; Portugal ); Romania; Russian Federation; Serbia; Slovakia; Slovenia; Spain ); Sweden; Switzerland; Syrian Arab Republic; Tajikistan; Tunisia; Turkey; Turkmenistan; Ukraine ); United Arab Emirates; United Kingdom; United States; Uzbekistan; Viet Nam","163984","5681486","https://www.iucnredlist.org/species/pdf/5681486","NA"
"Juncus bufonius","Afghanistan; Albania; Algeria; Argentina; Australia; Austria; Bahamas; Bangladesh; Belarus; Belgium; Belize; Bhutan; Bolivia; Plurinational States of; Bulgaria; Chad; Chile; China; Colombia; Costa Rica ); Cuba; Cyprus; Czech Republic; Denmark; Ecuador ); Egypt ); Estonia; Ethiopia; Faroe Islands; Finland; France ); Germany; Greece ); Guatemala; Hungary; Iceland; India; Indonesia; Iraq; Ireland; Israel; Italy; Sardegna; Sicilia); Jamaica; Japan; Kazakhstan; Kenya; Korea; Republic of; Kyrgyzstan; Latvia; Lebanon; Libya; Lithuania; Madagascar; Malaysia; Mauritius; Mexico; Mongolia; Morocco; Myanmar ); Nepal; Netherlands; Norway; Pakistan; Palestinian Territory; Occupied; Papua New Guinea ); Paraguay; Peru; Philippines; Poland; Portugal ); Romania; Russian Federation; Rwanda; Saudi Arabia; South Africa; Spain ); Sri Lanka; Sudan; Sweden; Switzerland; Syrian Arab Republic; Taiwan; Province of China; Tajikistan; Thailand; Tunisia; Turkey; Turkmenistan; Uganda; Ukraine; United Kingdom; United States; Uruguay; Uzbekistan; Venezuela; Bolivarian Republic of ); Viet Nam; Yemen","164042","84287155","https://www.iucnredlist.org/species/pdf/84287155","NA"
"Juncus effusus","Afghanistan; Albania; Algeria; Australia; Austria; Belarus; Belgium; Bolivia; Plurinational States of; Bosnia and Herzegovina; Bulgaria; Burundi; Canada; China; Colombia ); Congo; The Democratic Republic of the; Costa Rica ); Croatia; Cyprus; Czech Republic; Denmark; Ecuador ); El Salvador; Estonia; Ethiopia; Finland; France ); Greece; Kriti); Guatemala; Haiti; Honduras; Hong Kong; Hungary; Iceland; India; Iran; Islamic Republic of; Iraq; Ireland; Italy; Sardegna; Sicilia); Kenya; Macedonia; the former Yugoslav Republic of; Madagascar; Mauritania; Mexico; Montenegro; Morocco; Netherlands; Norway; Peru; Poland; Portugal ); Romania; Russian Federation; Rwanda; Serbia; Slovenia; South Africa; Spain ); Svalbard and Jan Mayen; Sweden; Switzerland; Taiwan; Province of China; Tanzania; United Republic of; Turkey; Uganda; Ukraine; United Kingdom; United States; Venezuela; Bolivarian Republic of ); Zimbabwe","164223","65914179","https://www.iucnredlist.org/species/pdf/65914179","NA"
"Kinosternon baurii","United States  Presence Uncertain & Origin Uncertain: United States","163429","251955369","https://www.iucnredlist.org/species/pdf/251955369","Blackwater; River; Norman; Mitchell"
"Kinosternon subrubrum","United States  Native; Possibly","236638832","236640172","https://www.iucnredlist.org/species/pdf/236640172","NA"
"Knipowitschia caucasica","Azerbaijan; Bulgaria; Georgia; Greece ); Iran; Islamic Republic of; Kazakhstan; Moldova; Romania; Russian Federation; Turkmenistan; Türkiye; Ukraine","225345598","137270465","https://www.iucnredlist.org/species/pdf/137270465","Germany; Netherlands; Aral; Sea"
"Knipowitschia longecaudata","Azerbaijan; Bulgaria; Georgia; Iran; Islamic Republic of; Kazakhstan; Romania; Russian Federation; Ukraine FAO Marine Fishing Areas: Native: Mediterranean and Black Sea","135509","135106413","https://www.iucnredlist.org/species/pdf/135106413","NA"
"Knipowitschia panizzae","Bosnia and Herzegovina; Croatia; Italy ); Montenegro; Slovenia","11032","135088334","https://www.iucnredlist.org/species/pdf/135088334","NA"
"Knodus moenkhausii","Brazil","49829998","136930763","https://www.iucnredlist.org/species/pdf/136930763","NA"
"Kryptopterus bicirrhis","Cambodia; Indonesia; Lao People's Democratic Republic; Malaysia; Thailand; Viet Nam","180737","1657421","https://www.iucnredlist.org/species/pdf/1657421","NA"
"Kuhlia malo","French Polynesia (Marquesas -","196411","2455118","https://www.iucnredlist.org/species/pdf/2455118","Nuki; Hiva; Marquesas"
"Kuhlia rupestris","American Samoa; Australia; Comoros; Fiji; French Polynesia; Guam; India; Indonesia; Japan; Kenya; Madagascar; Mauritius; Rodrigues); Mayotte; Micronesia; Federated States of; Mozambique; New Caledonia; Northern Mariana Islands; Palau; Papua New Guinea; Philippines; Réunion; Samoa; Seychelles; Solomon Islands; Somalia; South Africa; Taiwan; Province of China; Tanzania; United Republic of; Timor-Leste; Vanuatu Native; Presence Uncertain: Australia","183158","173723091","https://www.iucnredlist.org/species/pdf/173723091","Indian; Ocean; Japan; Islands; Australia; Federated; States; Micronesia; Caroline; Fiji; Samoa."
"Labeo bata","Bangladesh; India; Myanmar","166595","6243968","https://www.iucnredlist.org/species/pdf/6243968","NA"
"Labeo calbasu","Bangladesh; China; India; Myanmar; Nepal; Pakistan; Thailand","166606","6245872","https://www.iucnredlist.org/species/pdf/6245872","NA"
"Labeo capensis","Lesotho; Namibia; South Africa (Eastern Cape Province -","63280","100161272","https://www.iucnredlist.org/species/pdf/100161272","NA"
"Labeo chrysophekadion","Cambodia; Indonesia; Lao People's Democratic","180648","131453672","https://www.iucnredlist.org/species/pdf/131453672","NA"
"Labeo rohita","Bangladesh; India; Myanmar; Nepal; Pakistan; Sri Lanka","166619","6248771","https://www.iucnredlist.org/species/pdf/6248771","NA"
"Labeobarbus aeneus","Lesotho; Namibia; South Africa","63289","176534073","https://www.iucnredlist.org/species/pdf/176534073","NA"
"Labeobarbus kimberleyensis","Lesotho; Namibia; South Africa","63292","174782649","https://www.iucnredlist.org/species/pdf/174782649","NA"
"Labeobarbus natalensis","South Africa  Reintroduced: Zimbabwe","63294","100168851","https://www.iucnredlist.org/species/pdf/100168851","NA"
"Labeotropheus fuelleborni","Malawi; Mozambique; Tanzania; United Republic of","60937","148664395","https://www.iucnredlist.org/species/pdf/148664395","NA"
"Labidesthes sicculus","Canada; United States","201944","18229117","https://www.iucnredlist.org/species/pdf/18229117","NA"
"Labidochromis caeruleus","Malawi; Mozambique; Tanzania; United Republic of","61090","148673526","https://www.iucnredlist.org/species/pdf/148673526","NA"
"Laetacara araguaiae","Brazil","139547024","139547076","https://www.iucnredlist.org/species/pdf/139547076","Brazil"
"Laetacara curviceps","Brazil","139547087","139547103","https://www.iucnredlist.org/species/pdf/139547103","NA"
"Lagarosiphon madagascariensis","Madagascar","88515986","88515997","https://www.iucnredlist.org/species/pdf/88515997","NA"
"Lagarosiphon major","Botswana; Lesotho; South Africa; Zimbabwe","185287","8382399","https://www.iucnredlist.org/species/pdf/8382399","NA"
"Lagarosiphon muscoides","Botswana; Burkina Faso; Central African Republic; Chad; Eswatini; Kenya; Lesotho; Malawi; Mali; South Africa; South Sudan; Sudan; Tanzania; United Republic of; Uganda; Zimbabwe","185727","120204183","https://www.iucnredlist.org/species/pdf/120204183","NA"
"Lamprichthys tanganicanus","Burundi; Congo; The Democratic Republic of the; Tanzania; United Republic of; Zambia","60429","47188599","https://www.iucnredlist.org/species/pdf/47188599","Rwanda"
"Lampsilis cardium","Canada; United States (Arkansas; Illinois; Indiana; Iowa; Kansas; Kentucky; Louisiana; Maryland -","11253","62905411","https://www.iucnredlist.org/species/pdf/62905411","NA"
"Lancaris kumariae","Sri Lanka","198004","2508343","https://www.iucnredlist.org/species/pdf/2508343","NA"
"Landoltia punctata","Argentina; Australia; Belize; Chile; China; Colombia; Costa Rica ); Fiji; Guyana; India; Indonesia; Japan; Madagascar; Malaysia; Maldives; Mauritius; New Caledonia; New Zealand; Philippines; Puerto Rico ); South Africa; Taiwan; Province of China; Thailand; United States; Vanuatu; Venezuela; Bolivarian Republic of; Viet Nam; Zimbabwe","168991","6559440","https://www.iucnredlist.org/species/pdf/6559440","NA"
"Lanistes ovum","Angola; Botswana; Burundi; Cameroon; Chad; Congo; The Democratic Republic of the; Kenya; Malawi; Mozambique; Namibia; Niger; Nigeria; Senegal; Somalia; South Africa; South Sudan; Sudan; Tanzania; United Republic of; Zambia; Zimbabwe","165799","120111809","https://www.iucnredlist.org/species/pdf/120111809","NA"
"Larus cirrocephalus","Angola; Argentina; Benin; Botswana; Brazil; Burundi; Cameroon; Chad; Congo; The Democratic Republic of the; Ecuador; Eswatini; Ethiopia; Gambia; Guinea; Guinea-Bissau; Kenya; Madagascar; Malawi; Mali; Mauritania; Morocco; Mozambique; Namibia; Niger; Nigeria; Paraguay; Peru; Rwanda; Senegal; Sierra Leone; South Africa; Sudan; Tanzania; United Republic of; Uganda; Western Sahara; Zambia; Zimbabwe Vagrant: Algeria; Burkina Faso; Central African Republic; Comoros; Côte d'Ivoire; Egypt; Falkland Islands; Ghana; Israel; Jordan; Lesotho; Liberia; Panama; Somalia; Spain; Togo; Tunisia; Uruguay Present - origin uncertain: Congo; Equatorial Guinea; French Southern Territories; Gabon; Mayotte; Sao Tome and Principe; Seychelles","22694387","132547419","https://www.iucnredlist.org/species/pdf/132547419","NA"
"Larus novaehollandiae","Australia; New Caledonia; New Zealand Vagrant: Fiji; Indonesia; Papua New Guinea; Vanuatu","62021891","132670177","https://www.iucnredlist.org/species/pdf/132670177","NA"
"Lasmigona subviridis","United States","11361","502725","https://www.iucnredlist.org/species/pdf/502725","NA"
"Lateolabrax japonicus","China; Japan; Korea; Democratic People's Republic of; Republic of; Taiwan; Province of China; Viet Nam","166961","1157356","https://www.iucnredlist.org/species/pdf/1157356","Australia; Sea; Japan; Yellow; East; China; South; Sea."
"Lates angustifrons","Burundi; Congo; The Democratic Republic of the; Tanzania; United Republic of; Zambia","60833","47217344","https://www.iucnredlist.org/species/pdf/47217344","Lake; Tanganyika"
"Lates calcarifer","Australia; Bangladesh; China; India; Japan; Malaysia; Myanmar; Papua New Guinea","166627","1139469","https://www.iucnredlist.org/species/pdf/1139469","NA"
"Lates mariae","Burundi; Congo; The Democratic Republic of the; Tanzania; United Republic of; Zambia","60836","47217557","https://www.iucnredlist.org/species/pdf/47217557","Lake; Tanganyika"
"Lates niloticus","Benin; Burkina Faso; Cameroon; Central African Republic; Chad; Côte d'Ivoire; Egypt; Ethiopia; Ghana; Guinea; Guinea-Bissau; Kenya; Liberia; Mali; Mauritania; Niger; Nigeria; Senegal;","181839","84244538","https://www.iucnredlist.org/species/pdf/84244538","Congo; Tanzania; United Republic of; Lake; Victoria; Africa; Nile; Chad; Senegal; Volta; Congo.; Albert."
"Lavinia exilicauda","United States","202129","18230971","https://www.iucnredlist.org/species/pdf/18230971","NA"
"Leersia hexandra","Algeria; Angola; Argentina; Australia (New South Wales; Northern Territory; Queensland; Victoria -","164022","1019624","https://www.iucnredlist.org/species/pdf/1019624","North; Africa; South; Middle; East; India; China; South-east; Asia; Australia; Americas; United; States; Argentina."
"Lefua nikkonis","Japan","110462374","110462410","https://www.iucnredlist.org/species/pdf/110462410","NA"
"Leiarius marmoratus","Bolivia; Plurinational States of; Brazil; Colombia; Ecuador; Guyana; Peru; Venezuela; Bolivarian Republic of","49830220","91630774","https://www.iucnredlist.org/species/pdf/91630774","NA"
"Leiopotherapon plumbeus","Philippines","162161619","162161646","https://www.iucnredlist.org/species/pdf/162161646","NA"
"Lemna aequinoctialis","Afghanistan; Argentina; Aruba; Australia; Barbados; Belize; Benin; Bermuda; Bolivia; Plurinational States of; Botswana; Brazil; Burkina Faso; Burundi; Cabo Verde; Cameroon; Cayman Islands; Central African Republic; Chad; China; Christmas Island; Colombia; Congo; The Democratic Republic of the; Costa Rica; Côte d'Ivoire; Cuba; Dominican Republic; Ecuador; Egypt; El Salvador; Eswatini; Ethiopia; Fiji; Gabon; Gambia; Ghana; Guatemala; Guinea; Guinea-Bissau; Guyana; Haiti; Honduras; India; Indonesia; Jamaica; Kenya; Lesotho; Liberia; Madagascar; Malawi; Malaysia; Mali; Mauritania; Mauritius; Mexico; Mozambique; Namibia; Nepal; New Caledonia; Nicaragua; Niger; Nigeria; Panama; Paraguay; Peru; Philippines; Puerto Rico; Réunion; Russian Federation; Rwanda; Senegal; Seychelles; Sierra Leone; Somalia; South Africa; South Sudan; Sudan; Suriname; Taiwan; Province of China; Tanzania; United Republic of; Thailand; Togo; Tonga; Trinidad and Tobago; Uganda; United States; Venezuela; Bolivarian Republic of; Viet Nam; Virgin Islands; British; U.S.; Zambia; Zimbabwe","164404","120124962","https://www.iucnredlist.org/species/pdf/120124962","NA"
"Lemna gibba","Albania; Andorra; Argentina; Australia; Austria; Belgium; Bolivia; Plurinational States of; Chad; Colombia; Congo; The Democratic Republic of the; Croatia; Czech Republic; Denmark; Ecuador; Eritrea; Ethiopia; Finland; France; Germany; Gibraltar; Greece; Hungary; India; Ireland; Israel; Italy; Jordan; Kenya; Lebanon; Lithuania; Luxembourg; Mexico; Morocco; Netherlands; Norway; Oman; Palestinian Territory; Occupied; Peru; Poland; Portugal; Saudi Arabia; Slovenia; South Africa; Spain; Sri Lanka; Sweden; Switzerland; Syrian Arab Republic; Tanzania; United Republic of; Uganda; United Arab Emirates; United Kingdom; United States; Uruguay; Yemen","164103","84289063","https://www.iucnredlist.org/species/pdf/84289063",""
"Lemna minor","Afghanistan; Albania; Algeria; Austria; Azerbaijan; Belarus; Belgium; Bermuda; Bosnia and Herzegovina; Brazil; Bulgaria; Cambodia; Canada; Chad; China; Congo; The Democratic Republic of the; Croatia; Cyprus; Czechia; Denmark; Egypt; El Salvador; Estonia; Ethiopia; Finland; France ); Georgia; Germany; Ghana; Gibraltar; Greece; Kriti); Guernsey; Honduras; Hungary; Iceland; India; Iran; Islamic Republic of; Iraq; Ireland; Isle of Man; Israel; Italy; Sardegna; Sicilia); Jersey; Jordan; Kazakhstan; Kenya; Kyrgyzstan; Latvia; Lebanon; Lesotho; Libya; Lithuania; Malawi; Malaysia; Malta; Mexico; Moldova; Monaco; Montenegro; Morocco; Mozambique; Nepal; Netherlands; New Caledonia; Nicaragua; Niger; North Macedonia; Norway; Pakistan; Palestine; State of; Philippines; Poland; Portugal; Selvagens); Romania; Russian Federation; Rwanda; San Marino; Serbia; Slovakia; Slovenia; South Africa; South Sudan; Spain; Spanish North African Territories); Sudan; Svalbard and Jan Mayen; Sweden; Switzerland; Syrian Arab Republic; Tunisia; Turkey; Turkmenistan; Uganda; Ukraine; United Kingdom; United States; Uzbekistan","164057","120125670","https://www.iucnredlist.org/species/pdf/120125670","NA"
"Lemna minuta","Canada; United States","64316939","67729952","https://www.iucnredlist.org/species/pdf/67729952","NA"
"Lemna perpusilla","Bonaire; Sint Eustatius and Saba; Canada; China; Curaçao; Lao People's Democratic Republic; Saint Martin; Sint Maarten; Taiwan; Province of China; United States Present - origin uncertain: Cambodia","168695","6527440","https://www.iucnredlist.org/species/pdf/6527440","NA"
"Lemna trisulca","Afghanistan; Algeria; Australia; Austria; Belarus; Belgium; Bhutan; Bosnia and Herzegovina; Bulgaria; Canada; China; Congo; The Democratic Republic of the; Croatia; Czech Republic; Denmark; Ethiopia; Finland; France; Germany; Greece ); Hungary; India; Indonesia; Iran; Islamic Republic of; Iraq; Ireland; Israel; Italy; Japan; Kazakhstan; Kenya; Kyrgyzstan; Lao People's Democratic Republic; Macedonia; the former Yugoslav Republic of; Mexico; Mongolia; Montenegro; Morocco; Myanmar ); Netherlands; Norway; Palestinian Territory; Occupied; Papua New Guinea ); Philippines; Poland; Portugal ); Romania; Russian Federation; Rwanda; Slovenia; Spain ); Sweden; Switzerland; Taiwan; Province of China; Tanzania; United Republic of; Turkey; Uganda; Ukraine; United Kingdom; United States; Uzbekistan; Viet Nam","164467","84289752","https://www.iucnredlist.org/species/pdf/84289752","NA"
"Lemna turionifera","Canada; Estonia; Finland; Georgia; Kazakhstan; Korea; Republic of; Mongolia; Norway; Romania; Russian Federation; Sweden; Turkey; United States","167881","42396780","https://www.iucnredlist.org/species/pdf/42396780","NA"
"Lepidomeda albivallis","United States","11576","18234234","https://www.iucnredlist.org/species/pdf/18234234","NA"
"Lepidomeda copei","United States","202133","18232931","https://www.iucnredlist.org/species/pdf/18232931","NA"
"Lepidosiren paradoxa","Argentina; Bolivia; Plurinational States of; Brazil; Colombia; Ecuador; French Guiana; Guyana; Paraguay; Peru; Suriname; Venezuela; Bolivarian Republic of","49830702","159889457","https://www.iucnredlist.org/species/pdf/159889457","South; America; Amazon; Paraguay; Paraná; Orinoco"
"Lepisosteus oculatus","Canada; Mexico; United States  FAO Marine Fishing Areas: Native: Atlantic - western central","191026","1967019","https://www.iucnredlist.org/species/pdf/1967019","NA"
"Lepisosteus osseus","Canada; Mexico; United States","191027","130013643","https://www.iucnredlist.org/species/pdf/130013643","NA"
"Lepisosteus platostomus","United States","202411","18233754","https://www.iucnredlist.org/species/pdf/18233754","NA"
"Lepisosteus platyrhincus","United States","202412","18234213","https://www.iucnredlist.org/species/pdf/18234213","NA"
"Lepomis auritus","Canada; United States","184095","18235291","https://www.iucnredlist.org/species/pdf/18235291","NA"
"Lepomis cyanellus","Canada; Mexico; United States","61248","58309866","https://www.iucnredlist.org/species/pdf/58309866","NA"
"Lepomis gibbosus","Canada; United States","202555","18237003","https://www.iucnredlist.org/species/pdf/18237003","NA"
"Lepomis gulosus","Canada; Mexico; United States","191830","130013944","https://www.iucnredlist.org/species/pdf/130013944","NA"
"Lepomis humilis","United States","202556","18228862","https://www.iucnredlist.org/species/pdf/18228862","NA"
"Lepomis macrochirus","Canada; Mexico; United States (Hawaiian Is. -","61260","58309944","https://www.iucnredlist.org/species/pdf/58309944","NA"
"Lepomis marginatus","United States","202557","18232973","https://www.iucnredlist.org/species/pdf/18232973","NA"
"Lepomis megalotis","Canada; Mexico; United States","62216","130014171","https://www.iucnredlist.org/species/pdf/130014171","NA"
"Lepomis microlophus","United States","202558","18230237","https://www.iucnredlist.org/species/pdf/18230237","NA"
"Lepomis miniatus","United States","202559","18231832","https://www.iucnredlist.org/species/pdf/18231832","NA"
"Lepomis punctatus","United States","202560","18229920","https://www.iucnredlist.org/species/pdf/18229920","NA"
"Leporacanthicus galaxias","Brazil; Colombia; Venezuela; Bolivarian Republic of","164513970","164514003","https://www.iucnredlist.org/species/pdf/164514003","NA"
"Leporinus fasciatus","Bolivia; Plurinational States of; Brazil; Colombia ); Ecuador ); French Guiana; Guyana; Peru; Suriname; Venezuela; Bolivarian Republic of )","49830487","91628524","https://www.iucnredlist.org/species/pdf/91628524","Amazon; Orinoco"
"Leporinus friderici","Argentina; Bolivia; Plurinational States of; Brazil; Colombia ); Ecuador ); French Guiana; Guyana; Paraguay; Peru; Suriname; Trinidad and Tobago; Venezuela; Bolivarian Republic of )","187209","1824754","https://www.iucnredlist.org/species/pdf/1824754","South; America"
"Leporinus octofasciatus","Argentina; Brazil; Paraguay","186453","1813287","https://www.iucnredlist.org/species/pdf/1813287","NA"
"Lepthoplosternum pectorale","Argentina; Bolivia; Plurinational States of; Brazil; Paraguay; Uruguay","187193","1824514","https://www.iucnredlist.org/species/pdf/1824514","NA"
"Leptobarbus hoevenii","Brunei Darussalam; Indonesia; Malaysia  Native; Possibly Extinct: Indonesia","181011","1688346","https://www.iucnredlist.org/species/pdf/1688346","NA"
"Leptobarbus rubripinna","Cambodia; Lao People's Democratic Republic; Thailand; Viet Nam","181099","1698432","https://www.iucnredlist.org/species/pdf/1698432","NA"
"Leptodea fragilis","Canada; United States","173047","62905434","https://www.iucnredlist.org/species/pdf/62905434","NA"
"Lethenteron appendix","Canada; United States","202624","76578331","https://www.iucnredlist.org/species/pdf/76578331","NA"
"Leucaspius delineatus","Armenia; Austria; Azerbaijan; Belarus; Belgium; Bosnia and Herzegovina; Bulgaria; Croatia; Czechia; Denmark; Georgia; Germany; Greece ); Hungary; Iran; Islamic Republic of; Italy; Kazakhstan; Liechtenstein; Lithuania; Luxembourg; Moldova; Montenegro; Netherlands; North Macedonia; Norway; Poland; Romania; Russian Federation; Serbia; Slovakia; Slovenia; Sweden; Switzerland; Türkiye; Ukraine","11873","135088943","https://www.iucnredlist.org/species/pdf/135088943","France; United Kingdom"
"Leuciscus aspius","Armenia; Austria; Azerbaijan; Belarus; Belgium; Bosnia and Herzegovina; Bulgaria; Croatia; Czechia; Estonia; Finland; Georgia; Germany; Greece ); Hungary; Iran; Islamic Republic of; Kazakhstan; Kyrgyzstan; Latvia; Lithuania; Luxembourg; Moldova; Montenegro; Netherlands; North Macedonia; Norway; Poland; Romania; Russian Federation; Serbia; Slovakia; Slovenia; Sweden; Switzerland; Tajikistan; Turkmenistan; Türkiye; Ukraine; Uzbekistan","2178","135082600","https://www.iucnredlist.org/species/pdf/135082600","France; Italy"
"Leuciscus baicalensis","Kazakhstan; Mongolia; Russian Federation","156737101","156737202","https://www.iucnredlist.org/species/pdf/156737202","NA"
"Leuciscus idus","Afghanistan; Austria; Belarus; Belgium; Bosnia and Herzegovina; Bulgaria; China; Croatia; Czechia; Denmark; Estonia; Finland; France ); Germany; Hungary; Kazakhstan; Latvia; Liechtenstein; Lithuania; Luxembourg; Moldova; Mongolia; Montenegro; Netherlands; Norway; Poland; Romania; Russian Federation; Serbia; Slovakia; Slovenia; Sweden; Tajikistan; Turkmenistan; Ukraine; Uzbekistan","11884","135089209","https://www.iucnredlist.org/species/pdf/135089209","United Kingdom"
"Leuciscus leuciscus","Austria; Belarus; Belgium; Bosnia and Herzegovina; Bulgaria; Croatia; Czechia; Denmark; Estonia; Finland; France ); Germany; Hungary; Kazakhstan; Latvia; Liechtenstein; Lithuania; Luxembourg; Moldova; Montenegro; Netherlands; Norway; Poland; Romania; Russian Federation; Serbia; Slovakia; Slovenia; Sweden; Switzerland; Ukraine; United Kingdom","11887","135089547","https://www.iucnredlist.org/species/pdf/135089547","Ireland"
"Leucos aula","Croatia; Italy ); Slovenia; Switzerland","19781","135091912","https://www.iucnredlist.org/species/pdf/135091912","Italy"
"Leucos basak","Albania; Bosnia and Herzegovina; Croatia; Greece ); Montenegro; North Macedonia","225360261","137286045","https://www.iucnredlist.org/species/pdf/137286045","NA"
"Ligumia recta","Canada; United States (Alabama; Arkansas; Florida; Georgia; Illinois; Indiana; Iowa; Kansas; Kentucky; Louisiana; Michigan; Minnesota; Mississippi; Missouri; Montana -","11968","69491303","https://www.iucnredlist.org/species/pdf/69491303","NA"
"Limia vittata","Cuba; United States","125982386","125986648","https://www.iucnredlist.org/species/pdf/125986648","United States; Cuban; Isle; Youth.; Youth; León; Rodríguez; Reynaldo"
"Limnocaridina tanganyikae","Burundi; Congo; The Democratic Republic of the; Tanzania; United Republic of; Zambia","197958","2506564","https://www.iucnredlist.org/species/pdf/2506564","NA"
"Limnodynastes peronii","Australia","41163","78443487","https://www.iucnredlist.org/species/pdf/78443487","NA"
"Limnoperna fortunei","China; Thailand; Viet Nam","171818","1332873","https://www.iucnredlist.org/species/pdf/1332873","Least; Concern."
"Limnophila chinensis","Australia; Bangladesh; Cambodia; China; India; Indonesia; Malaysia; Myanmar; Nepal; Sri Lanka; Thailand; Viet Nam","177311","7411001","https://www.iucnredlist.org/species/pdf/7411001",""
"Limnophila sessiliflora","Bhutan; China; Hong Kong; India; Indonesia; Japan; Korea; Democratic People's Republic of; Malaysia; Myanmar; Nepal; Northern Mariana Islands; Philippines; Singapore; Sri Lanka; Taiwan; Province of China; Viet Nam","168617","6523542","https://www.iucnredlist.org/species/pdf/6523542","NA"
"Limnothrissa miodon","Burundi; Congo; The Democratic Republic of the; Tanzania; United Republic of; Zambia","60754","47213681","https://www.iucnredlist.org/species/pdf/47213681","Mozambique; Rwanda; Zimbabwe"
"Limosa limosa","Austria; Czechia; Estonia; Faroe Islands; Kazakhstan; Latvia; Lithuania; Mongolia; Norway; Russian Federation; Slovakia; Sweden; Tajikistan Native","22693150","154733209","https://www.iucnredlist.org/species/pdf/154733209","NA"
"Lindernia dubia","Argentina; Belize; Bolivia; Plurinational States of; Brazil; Canada; Chile; Colombia; Costa Rica; Cuba; Dominican Republic; Ecuador; El Salvador; Guatemala; Honduras; Jamaica; Mexico; Nicaragua; Panama; Paraguay; Peru; Puerto Rico; United States; Venezuela; Bolivarian Republic of","64317051","67729967","https://www.iucnredlist.org/species/pdf/67729967","NA"
"Liobagrus reinii","Japan","116035071","116035080","https://www.iucnredlist.org/species/pdf/116035080","NA"
"Liopsetta glacialis","Canada; Norway; Russian Federation; Sweden; United States","135574","4150043","https://www.iucnredlist.org/species/pdf/4150043","NA"
"Lissemys punctata","Bangladesh; India; Myanmar; Nepal; Pakistan Native; Possibly","123802477","3008930","https://www.iucnredlist.org/species/pdf/3008930","NA"
"Lissotriton vulgaris","Albania; Austria; Belarus; Belgium; Bosnia and Herzegovina; Bulgaria; Croatia; Czechia; Denmark; Estonia; Finland; France ); Germany; Greece ); Hungary; Ireland; Isle of Man; Italy ); Jersey; Latvia; Lithuania; Luxembourg; Moldova; Montenegro; Netherlands; North Macedonia; Norway; Poland; Romania; Russian Federation; Serbia; Slovakia; Slovenia; Sweden; Switzerland; Türkiye; Ukraine; United Kingdom","79078647","229006372","https://www.iucnredlist.org/species/pdf/229006372","NA"
"Lithobates berlandieri","Mexico; United States","62130070","3071717","https://www.iucnredlist.org/species/pdf/3071717","Mexico; United States"
"Lithobates pipiens","Canada; United States  Native; Presence Uncertain: Panama","79079800","3072377","https://www.iucnredlist.org/species/pdf/3072377","NA"
"Lithobates sphenocephalus","United States","58723","177496797","https://www.iucnredlist.org/species/pdf/177496797","Bahamas; United States"
"Lithoglyphus naticoides","Albania; Austria; Belarus; Belgium; Bosnia and Herzegovina; Bulgaria; Croatia; Czechia; Estonia; France ); Germany; Hungary; Latvia; Liechtenstein; Lithuania; Netherlands; Poland; Romania; Russian Federation; Serbia; Slovakia; Slovenia; Switzerland; Turkey; Ukraine","155563","42420608","https://www.iucnredlist.org/species/pdf/42420608","Denmark; Finland; Greece; Italy; Kazakhstan; Norway; Spain; Sweden"
"Litoria ewingii","Australia","41090","78448605","https://www.iucnredlist.org/species/pdf/78448605","New Zealand; Tasmania."
"Littorella uniflora","Austria; Belgium; Canada; Czech Republic; Denmark; Estonia; Faroe Islands; Finland; France; Germany; Iceland; Ireland; Italy; Latvia; Lithuania; Netherlands; Norway; Poland; Portugal; Romania; Russian Federation; Slovakia; Spain; Switzerland; United Kingdom; United States","164451","78457072","https://www.iucnredlist.org/species/pdf/78457072","NA"
"Locustella luscinioides","Albania; Armenia; Austria; Belarus; Belgium; Bosnia and Herzegovina; Bulgaria; China; Croatia; Czechia; Estonia; Finland; France; Germany; Hungary; Israel; Kazakhstan; Latvia; Lithuania; Moldova; Montenegro; Netherlands; North Macedonia; Palestine; State of; Poland; Portugal; Romania; Russian Federation; Serbia; Slovakia; Slovenia; Spain; Sweden; Switzerland; Turkmenistan; Türkiye; Ukraine; United Kingdom; Uzbekistan Native","22714684","264528269","https://www.iucnredlist.org/species/pdf/264528269","NA"
"Lophiosilurus alexandri","Brazil","186399","1812477","https://www.iucnredlist.org/species/pdf/1812477","NA"
"Lophodytes cucullatus","Mexico Native","22680472","137932133","https://www.iucnredlist.org/species/pdf/137932133","NA"
"Loricariichthys brunneus","Colombia ); Venezuela; Bolivarian Republic of ) Native; Presence Uncertain: Guyana; Peru; Suriname","176020673","176020703","https://www.iucnredlist.org/species/pdf/176020703","Orinoco"
"Loricariichthys platymetopon","Argentina; Bolivia; Plurinational States of; Brazil; Paraguay; Uruguay","164520597","164520645","https://www.iucnredlist.org/species/pdf/164520645","Brazil; South; America; Amazon; Paraguay; Paraná; Uruguay; River; GBIF; SpLink"
"Loricariichthys rostratus","Argentina; Brazil; Paraguay","187098","1823089","https://www.iucnredlist.org/species/pdf/1823089","NA"
"Lota lota","Austria; Azerbaijan; Belarus; Belgium; Bosnia and Herzegovina; Bulgaria; Canada; China; Croatia; Czechia; Denmark; Estonia; Finland; France ); Germany; Hungary; Iran; Islamic Republic of; Italy ); Kazakhstan; Latvia; Liechtenstein; Lithuania; Luxembourg; Moldova; Mongolia; Netherlands; Norway; Poland; Romania; Russian Federation; Serbia; Slovakia; Slovenia; Sweden; Switzerland; Ukraine; United States; United States  Native; Extinct: United Kingdom  Native; Presence Uncertain: Montenegro; North Macedonia; Serbia","135675","135110342","https://www.iucnredlist.org/species/pdf/135110342",""
"Lucania goodei","United States","202398","18235418","https://www.iucnredlist.org/species/pdf/18235418","NA"
"Lucania parva","Mexico; United States (California -","191368","130017300","https://www.iucnredlist.org/species/pdf/130017300","Massachusetts; Florida; Gulf; Mexico; Veracruz."
"Luciobarbus albanicus","Albania; Greece )","60728","135098359","https://www.iucnredlist.org/species/pdf/135098359","NA"
"Luciobarbus brachycephalus","Azerbaijan; Kazakhstan; Russian Federation; Turkmenistan; Uzbekistan Native; Possibly","135684","135110761","https://www.iucnredlist.org/species/pdf/135110761","Ili; River; Lake; Balkhash; Kazakhstan"
"Luciobarbus comizo","Portugal ); Spain )","2575","137277264","https://www.iucnredlist.org/species/pdf/137277264","NA"
"Luciobarbus graellsii","France ); Spain )","2587","135083079","https://www.iucnredlist.org/species/pdf/135083079","Italy"
"Luciobrama macrocephalus","China; Viet Nam","166103","1111639","https://www.iucnredlist.org/species/pdf/1111639","NA"
"Ludwigia hyssopifolia","Angola; Antigua and Barbuda; Benin; Bolivia; Plurinational States of; Brazil; Burkina Faso; Cabo Verde; Cameroon; Central African Republic; Chad; Colombia; Congo; The Democratic Republic of the; Costa Rica; Cuba; Côte d'Ivoire; Dominica; Ecuador; Egypt; El Salvador; Equatorial Guinea; French Guiana; Gabon; Gambia; Ghana; Grenada; Guadeloupe; Guatemala; Guinea; Guinea-Bissau; Guyana; Honduras; Liberia; Mali; Martinique; Mauritania; Mexico; Nicaragua; Niger; Nigeria; Panama; Peru; Saint Kitts and Nevis; Saint Lucia; Saint Martin; Saint Vincent and the Grenadines; Sao Tome and Principe; Senegal; Seychelles; Sierra Leone; Sint Maarten; South Sudan; Sudan; Suriname; Togo; Trinidad and Tobago; Venezuela; Bolivarian Republic of; Virgin Islands; British; U.S.","177204","140427850","https://www.iucnredlist.org/species/pdf/140427850","Bangladesh; Bhutan; Cambodia; China; Christmas Island; Fiji; India; Indonesia; Japan; Lao People's Democratic
Republic; Malaysia; Myanmar; Nepal; Papua New Guinea; Philippines; Sri Lanka; Taiwan; Province of China; Thailand; Viet Nam"
"Ludwigia leptocarpa","Angola; Anguilla; Antigua and Barbuda; Argentina; Aruba; Benin; Bolivia; Plurinational States of; Bonaire; Sint Eustatius and Saba; Botswana; Brazil; Burkina Faso; Burundi; Cameroon; Central African Republic; Chad; Colombia; Congo; The Democratic Republic of the; Costa Rica; Côte d'Ivoire; Cuba; Dominica; Dominican Republic; Ecuador; El Salvador; Equatorial Guinea; Ethiopia; French Guiana; Gabon; Gambia; Ghana; Grenada; Guadeloupe; Guatemala; Guinea-Bissau; Guyana; Haiti; Honduras; Jamaica; Madagascar; Malawi; Mali; Martinique; Mauritania; Mexico; Montserrat; Mozambique; Nicaragua; Niger; Nigeria; Panama; Paraguay; Peru; Puerto Rico; Rwanda; Saint Barthélemy; Saint Kitts and Nevis; Saint Lucia; Saint Martin; Saint Vincent and the Grenadines; Senegal; Sierra Leone; Sint Maarten; South Africa; South Sudan; Sudan; Suriname; Tanzania; United Republic of; Togo; Trinidad and Tobago; Uganda; United States; Uruguay;","120214361","120214367","https://www.iucnredlist.org/species/pdf/120214367","NA"
"Ludwigia octovalvis","Angola; Antigua and Barbuda; Argentina; Australia; Bahamas; Barbados; Belize; Bhutan; Bolivia; Plurinational States of; Botswana; Brazil; Burkina Faso; Burundi; Cabo Verde; Cambodia; Cameroon; Canada; China; Colombia; Congo; The Democratic Republic of the; Costa Rica; Cuba; Dominica; Dominican Republic; Ecuador; El Salvador; Equatorial Guinea ); Eswatini; Ethiopia; Fiji; French Guiana; Gambia; Ghana; Grenada; Guadeloupe; Guatemala; Guinea; Guinea-Bissau; Guyana; Haiti; Honduras; Hong Kong; India; Indonesia; Jamaica; Japan; Kenya; Lao People's Democratic Republic; Liberia; Macao; Madagascar; Malawi; Malaysia;","169056","67786872","https://www.iucnredlist.org/species/pdf/67786872","NA"
"Ludwigia palustris","Albania; Algeria; Angola; Austria; Belgium; Bosnia and Herzegovina; Botswana; Bulgaria; Canada; Croatia; France ); Germany; Greece; Kriti); Hungary; Israel; Italy; Sardegna); Jordan; Lebanon; Lesotho; Liechtenstein; Luxembourg; Macedonia; the former Yugoslav Republic of; Montenegro; Morocco; Namibia; Netherlands; Palestinian Territory; Occupied; Poland; Portugal ); Romania; Slovakia; Slovenia; South Africa; Spain ); Switzerland; Syrian Arab Republic; Tunisia; Turkey; Ukraine ); United Kingdom; Yemen; Zambia","164352","13565290","https://www.iucnredlist.org/species/pdf/13565290","NA"
"Lutjanus fulvus","American Samoa; Australia; British Indian Ocean Territory; Brunei Darussalam; China; Christmas Island; Cocos  Islands; Comoros; Cook Islands; Disputed Territory; Djibouti; Egypt; Fiji; French Polynesia; French Southern Territories; Guam; India; Indonesia; Japan; Kenya; Kiribati; Korea; Republic of; Madagascar; Malaysia; Maldives; Marshall Islands; Mauritius; Mayotte; Micronesia; Federated States of; Mozambique; Myanmar; Nauru; New Caledonia; Niue; Norfolk Island; Northern Mariana Islands; Oman; Palau; Papua New Guinea; Philippines; Réunion; Samoa; Seychelles; Singapore; Solomon Islands; Somalia; South Africa; Sri Lanka; Sudan; Taiwan; Province of China; Tanzania; United Republic of; Thailand; Timor-Leste; Tokelau; Tonga; Tuvalu; United States Minor Outlying Islands; Vanuatu; Viet Nam; Wallis and Futuna; Yemen FAO Marine Fishing Areas: Native: Indian Ocean - western; Indian Ocean - eastern; Pacific - northwest; Pacific - western central; Pacific - southwest; Pacific - eastern central","194377","2325959","https://www.iucnredlist.org/species/pdf/2325959","West; Pacific"
"Luxilus albeolus","United States","202134","18230426","https://www.iucnredlist.org/species/pdf/18230426","NA"
"Luxilus cerasinus","United States","202136","18234781","https://www.iucnredlist.org/species/pdf/18234781","NA"
"Luxilus chrysocephalus","Canada; United States","184081","18233120","https://www.iucnredlist.org/species/pdf/18233120","NA"
"Luxilus coccogenis","United States","202137","18233877","https://www.iucnredlist.org/species/pdf/18233877","NA"
"Luxilus cornutus","Canada; United States","202138","76572315","https://www.iucnredlist.org/species/pdf/76572315","NA"
"Luxilus zonistius","United States","202141","18234024","https://www.iucnredlist.org/species/pdf/18234024","NA"
"Lymnaea stagnalis","Afghanistan; Belgium; Bulgaria; Canada; China; Denmark; Estonia; Finland; France; Germany; Greece; Hungary; India; Iran; Islamic Republic of; Ireland; Italy; Latvia; Luxembourg; Morocco; Netherlands; Norway; Poland; Romania; Russian Federation; Spain; Sweden; Switzerland; Turkey; United Kingdom; United States","155475","42428297","https://www.iucnredlist.org/species/pdf/42428297","NA"
"Lysichiton americanus","Canada; United States","64317583","67730052","https://www.iucnredlist.org/species/pdf/67730052","NA"
"Lythrum salicaria","Afghanistan; Albania; Algeria; Andorra; Armenia; Austria; Azerbaijan; Belarus; Belgium; Bosnia and Herzegovina; Bulgaria; China; Croatia; Czech Republic; Denmark; Estonia; Finland; France ); Georgia; Germany; Greece ); Hungary; Iran; Islamic Republic of; Iraq; Ireland; Israel; Italy; Sardegna; Sicilia); Japan; Jordan; Korea; Democratic People's Republic of; Latvia; Lebanon; Liechtenstein; Lithuania; Luxembourg; Macedonia; the former Yugoslav Republic of; Malta; Moldova; Mongolia; Montenegro; Morocco; Netherlands; Norway; Pakistan; Palestinian Territory; Occupied; Poland; Portugal ); Romania; Russian Federation; Serbia; Slovakia; Slovenia; Spain ); Sweden; Switzerland; Syrian Arab Republic; Taiwan; Province of China; Tunisia; Turkey; Ukraine ); United Kingdom","164323","42329075","https://www.iucnredlist.org/species/pdf/42329075","NA"
"Lythrurus ardens","United States","202142","18229032","https://www.iucnredlist.org/species/pdf/18229032","NA"
"Lythrurus atrapiculus","United States","202143","18234928","https://www.iucnredlist.org/species/pdf/18234928","NA"
"Lythrurus fasciolaris","United States","202144","18236373","https://www.iucnredlist.org/species/pdf/18236373","NA"
"Lythrurus matutinus","United States","202147","19033857","https://www.iucnredlist.org/species/pdf/19033857","NA"
"Maccullochella peelii","Australia","12576","103325360","https://www.iucnredlist.org/species/pdf/103325360","NA"
"Macquaria ambigua","Australia","123358536","123382796","https://www.iucnredlist.org/species/pdf/123382796","Australia.; Murray-Darling; Basin; Lake; Eyre; Bulloo; River; Fitzroy"
"Macquaria australasica","Australia  Native; Possibly Extinct: Australia","12581","167651778","https://www.iucnredlist.org/species/pdf/167651778","NA"
"Macrhybopsis meeki","United States","12584","19034091","https://www.iucnredlist.org/species/pdf/19034091","NA"
"Macrobrachium agwi","India","198159","2513927","https://www.iucnredlist.org/species/pdf/2513927","NA"
"Macrobrachium amazonicum","Argentina; Bolivia; Plurinational States of; Brazil; Colombia; Ecuador ); French Guiana; Guyana; Paraguay; Peru; Suriname; Venezuela; Bolivarian Republic of )","197634","2494041","https://www.iucnredlist.org/species/pdf/2494041","South; America; Venezuela; Argentina; Campos"
"Macrobrachium dayanum","India; Myanmar ); Nepal","197964","2506782","https://www.iucnredlist.org/species/pdf/2506782","India; Nepal.; Nepal"
"Macrobrachium dienbienphuense","China; Lao People's Democratic Republic; Malaysia; Thailand; Viet Nam","197821","147789329","https://www.iucnredlist.org/species/pdf/147789329","NA"
"Macrobrachium gracilirostre","Fiji; Indonesia; Japan; New Caledonia; Philippines; Samoa; Taiwan; Province of China )","197671","2495414","https://www.iucnredlist.org/species/pdf/2495414","NA"
"Macrobrachium heterochirus","Brazil; Colombia ); Curaçao; Dominica; Guadeloupe; Guatemala; Haiti; Jamaica; Mexico; Panama; Puerto Rico ); Saint Vincent and the Grenadines; Venezuela; Bolivarian Republic of ) Present - origin uncertain: United States","197727","2497668","https://www.iucnredlist.org/species/pdf/2497668","NA"
"Macrobrachium idae","Australia; Bangladesh; India; Indonesia; Kenya; Madagascar; Malaysia; Papua New Guinea; Seychelles ); Singapore; Thailand","198344","2521872","https://www.iucnredlist.org/species/pdf/2521872","NA"
"Macrobrachium inflatum","China","198061","2510348","https://www.iucnredlist.org/species/pdf/2510348","NA"
"Macrobrachium jelskii","Bolivia; Plurinational States of; Brazil; French Guiana; Guyana; Peru; Suriname; Trinidad and Tobago; Venezuela; Bolivarian Republic of )","198068","107026622","https://www.iucnredlist.org/species/pdf/107026622","NA"
"Macrobrachium lanchesteri","Brunei Darussalam; Lao People's Democratic Republic; Malaysia; Singapore; Thailand","197834","147789612","https://www.iucnredlist.org/species/pdf/147789612","Asia; Thailand; Peninsular; Malaysia; Singapore; Sabah; Laos; Brunei; Bruce"
"Macrobrachium lar","Australia; Comoros; Fiji; French Polynesia; Guam; Indonesia; Japan; Kenya; Madagascar; Malaysia; Mauritius; Rodrigues); Mozambique; New Caledonia; Northern Mariana Islands; Papua New Guinea ); Philippines; Réunion; Seychelles ); Taiwan; Province of China ); Tanzania; United Republic of","197866","2503299","https://www.iucnredlist.org/species/pdf/2503299","Indo-West; Pacific; East; Africa; Marquesas; Islands; Hawaii.; Hawaii; Bruce; Country; Occurrence:; Native:; Australia; Comoros; Fiji; French; Polynesia; Guam; Indonesia; Lesser; Sunda; Is."
"Macrobrachium macrobrachion","Angola; Benin; Cameroon; Congo; The Democratic Republic of the; Equatorial Guinea; Gabon; Ghana; Guinea; Liberia; Sierra Leone","197797","2500294","https://www.iucnredlist.org/species/pdf/2500294","NA"
"Macrobrachium nipponense","China; Japan; Korea; Democratic People's Republic of; Republic of; Lao People's Democratic Republic; Malaysia; Myanmar ); Taiwan; Province of China ); Viet Nam","197726","2497653","https://www.iucnredlist.org/species/pdf/2497653","NA"
"Macrobrachium olfersii","Brazil; Colombia ); Guyana; Mexico; Panama; Suriname; Venezuela; Bolivarian Republic of )","198217","2516281","https://www.iucnredlist.org/species/pdf/2516281","NA"
"Macrobrachium pilimanus","Brunei Darussalam; Indonesia; Malaysia; Singapore; Thailand","198331","147799858","https://www.iucnredlist.org/species/pdf/147799858","NA"
"Macrobrachium rosenbergii","Bangladesh; Brunei Darussalam; Cambodia; China; India; Indonesia; Malaysia; Myanmar ); Pakistan; Philippines; Singapore; Sri Lanka; Thailand","197873","2503520","https://www.iucnredlist.org/species/pdf/2503520","NA"
"Macrobrachium scabriculum","Bangladesh; India; Indonesia; Kenya; Madagascar; Mozambique; Sri Lanka; Tanzania; United Republic of","197655","147785351","https://www.iucnredlist.org/species/pdf/147785351","NA"
"Macrochelys temminckii","United States  Native; Possibly Extinct: United States","232775771","507158","https://www.iucnredlist.org/species/pdf/507158","China; Italy; Japan; Korea; Republic of; Réunion; Spain; Taiwan; Province
of China; United Kingdom"
"Macrognathus aculeatus","Indonesia; Malaysia","166456","1133172","https://www.iucnredlist.org/species/pdf/1133172","NA"
"Macrognathus siamensis","Cambodia; Lao People's Democratic Republic; Thailand; Viet Nam","180869","1672138","https://www.iucnredlist.org/species/pdf/1672138","NA"
"Macrognathus zebrinus","Myanmar )","168432","6491139","https://www.iucnredlist.org/species/pdf/6491139","NA"
"Macropodus ocellatus","China; Japan; Korea; Republic of; Russian Federation Native; Possibly","159715585","159715597","https://www.iucnredlist.org/species/pdf/159715597","NA"
"Macropodus opercularis","China; Hong Kong; Lao People's Democratic Republic; Malaysia; Russian Federation; Taiwan; Province of China; Viet Nam","166051","1108134","https://www.iucnredlist.org/species/pdf/1108134","NA"
"Malacorhynchus membranaceus","Australia","22680336","253983238","https://www.iucnredlist.org/species/pdf/253983238","NA"
"Malapterurus electricus","Benin; Burkina Faso; Burundi; Cameroon; Central African Republic; Chad; Congo; The Democratic Republic of the; Côte d'Ivoire; Egypt; Ethiopia; Gambia; Ghana; Guinea; Kenya; Malawi; Mali; Mozambique; Niger; Nigeria; Rwanda; Senegal; South Sudan; Sudan; Tanzania; United Republic of; Togo; Uganda Native; Possibly","182850","271756554","https://www.iucnredlist.org/species/pdf/271756554","Senegal; Mauritania; Ethiopia; Nile; Egypt; Rwanda; Great; Lakes; Malawi."
"Malayemys subtrijuga","Cambodia; Lao People's Democratic Republic; Viet Nam Native; Possibly","123770834","2929454","https://www.iucnredlist.org/species/pdf/2929454","NA"
"Mareca americana","Anguilla; Antigua and Barbuda; Aruba; Bahamas; Barbados; Belize; Bermuda; Bonaire; Sint Eustatius and Saba; Cayman Islands; Colombia; Costa Rica; Cuba; Curaçao; Dominica; Dominican Republic; El Salvador; Grenada; Guadeloupe; Guatemala; Haiti; Honduras; Jamaica; Martinique; Mexico; Montserrat; Nicaragua; Panama; Puerto Rico; Saint Barthélemy; Saint Kitts and Nevis; Saint Lucia; Saint Martin; Saint Vincent and the Grenadines; Sint Maarten; Trinidad and Tobago; Turks and Caicos Islands; United States; Venezuela; Bolivarian Republic of; Virgin Islands; British; U.S. Native","22680163","137010293","https://www.iucnredlist.org/species/pdf/137010293","NA"
"Mareca falcata","Russian Federation Native","22680153","228594770","https://www.iucnredlist.org/species/pdf/228594770","NA"
"Mareca sibilatrix","Argentina; Brazil; Chile; Falkland Islands; Uruguay","22680167","265017374","https://www.iucnredlist.org/species/pdf/265017374","NA"
"Margariscus margarita","United States","202156","18231643","https://www.iucnredlist.org/species/pdf/18231643","NA"
"Marisa cornuarietis","Bolivia; Plurinational States of; Brazil; Colombia; Costa Rica; Cuba; French Guiana; Guyana; Panama; Suriname; Trinidad and Tobago; Venezuela; Bolivarian Republic of","189507","8741248","https://www.iucnredlist.org/species/pdf/8741248",""
"Marmaronetta angustirostris","Afghanistan; Algeria; Armenia; Azerbaijan; Cameroon; China; Iran; Islamic Republic of; Iraq; Israel; Jordan; Libya; Morocco; Pakistan; Palestine; State of; Spain; Syrian Arab Republic; Tunisia; Turkey; Turkmenistan Native","22680339","205917761","https://www.iucnredlist.org/species/pdf/205917761","NA"
"Marosatherina ladigesi","Indonesia","21574","126023418","https://www.iucnredlist.org/species/pdf/126023418","NA"
"Marsilea minuta","Afghanistan; Algeria; Angola; Australia; Bangladesh; Benin; Bhutan; Botswana; Burkina Faso; Burundi; Cambodia; Central African Republic; Chad; China; Comoros; Congo; The Democratic Republic of the; Côte d'Ivoire; Egypt ); Equatorial Guinea ); Eswatini; Ethiopia; Gambia; Ghana; Guinea-Bissau; India; Indonesia; Israel; Japan; Kenya; Lao People's Democratic Republic; Madagascar; Malawi; Malaysia; Maldives; Mali; Mauritania; Mauritius ); Mayotte; Morocco; Mozambique; Myanmar; Nepal; Niger; Nigeria; Pakistan; Palestine; State of; Papua New Guinea; Philippines; Réunion; Rwanda; Senegal; Singapore; Somalia; South Africa; South Sudan; Sri Lanka; Sudan; Taiwan; Province of China; Tanzania; United Republic of; Thailand; Togo; Uganda; Viet Nam; Zambia; Zimbabwe","164326","120212467","https://www.iucnredlist.org/species/pdf/120212467","NA"
"Marsilea quadrifolia","Albania; Austria; Bangladesh; Belgium; Bhutan; Cambodia; China; Czech Republic; France; Germany; Hungary; India; Lao People's Democratic Republic; Macedonia; the former Yugoslav Republic of; Malaysia; Portugal; Romania; Spain; Sri Lanka; Switzerland; United States","161864","5505853","https://www.iucnredlist.org/species/pdf/5505853","NA"
"Mastacembelus armatus","Sri Lanka","166586","60592409","https://www.iucnredlist.org/species/pdf/60592409","NA"
"Mastacembelus erythrotaenia","Brunei Darussalam; Cambodia; Indonesia; Malaysia; Thailand; Viet Nam","180888","89815119","https://www.iucnredlist.org/species/pdf/89815119","Mae; Khlong; Cardamom; Mountains; Mekong; Malay; Peninsula; Sumatra; Borneo."
"Mastacembelus favus","Cambodia; Lao People's Democratic Republic; Malaysia; Thailand; Viet Nam","181094","89815307","https://www.iucnredlist.org/species/pdf/89815307","Southeast; Asia; Mae; Khlong; Chao; Phraya; Thailand; Mekong; Loas; Cambodia; Malaysia; Peninsular.; The; IUCN; Red; List; Threatened; Species:; Mastacembelus"
"Mauremys reevesii","China; Korea; Democratic People's Republic of; Republic of","170502","97431862","https://www.iucnredlist.org/species/pdf/97431862","NA"
"Mauremys sinensis","China; Taiwan; Province of China; Viet Nam","15026","547319","https://www.iucnredlist.org/species/pdf/547319","Hong Kong"
"Mayaheros beani","Mexico","191844","2007699","https://www.iucnredlist.org/species/pdf/2007699","NA"
"Mayaheros urophthalmus","Belize; Guatemala; Honduras; Mexico (Campeche; Chiapas; Oaxaca -","62217","3110044","https://www.iucnredlist.org/species/pdf/3110044",""
"Mecistops cataphractus","Cameroon; Central African Republic; Congo; The Democratic Republic of the; Côte d'Ivoire; Gabon; Gambia; Ghana; Liberia; Sierra Leone Possibly extinct: Benin; Burkina Faso; Equatorial Guinea; Guinea-Bissau; Mali; Senegal; Tanzania; United Republic of; Zambia Regionally extinct: Chad","5660","3044332","https://www.iucnredlist.org/species/pdf/3044332","West; Central; Africa"
"Meda fulgida","United States","12923","19034065","https://www.iucnredlist.org/species/pdf/19034065","NA"
"Medionidus penicillatus","United States","12928","3399032","https://www.iucnredlist.org/species/pdf/3399032","NA"
"Megaceryle torquata","Argentina; Belize; Bolivia; Plurinational States of; Brazil; Chile; Colombia; Costa Rica; Dominica; Ecuador; El Salvador; French Guiana; Guadeloupe; Guatemala; Guyana; Honduras; Martinique; Mexico; Nicaragua; Panama; Paraguay; Peru; Suriname; Trinidad and Tobago; United States; Uruguay; Venezuela; Bolivarian Republic of","22683634","168873464","https://www.iucnredlist.org/species/pdf/168873464","NA"
"Megaleporinus macrocephalus","Argentina; Brazil; Paraguay","85281216","85281220","https://www.iucnredlist.org/species/pdf/85281220","Brazil"
"Megaleporinus obtusidens","Argentina; Brazil; Paraguay; Uruguay Native; Possibly","148750771","148750797","https://www.iucnredlist.org/species/pdf/148750797",""
"Megaleporinus piavussu","Brazil","139548883","139548901","https://www.iucnredlist.org/species/pdf/139548901","NA"
"Megalobrama amblycephala","China","166011","6167720","https://www.iucnredlist.org/species/pdf/6167720","NA"
"Melanitta perspicillata","Canada; Mexico; Saint Pierre and Miquelon; United States Vagrant: Belgium; Bermuda; Czechia; Denmark; Faroe Islands; Finland; France; Germany; Greenland; Guam; Iceland; Ireland; Japan; Korea; Democratic People's Republic of; Netherlands; Norway; Poland; Portugal; Russian Federation; Spain; Sweden; United Kingdom","22680441","132528934","https://www.iucnredlist.org/species/pdf/132528934","NA"
"Melanochromis auratus","Malawi","61108","148673951","https://www.iucnredlist.org/species/pdf/148673951","NA"
"Melanoides tuberculata","Bangladesh; Benin; Brunei Darussalam; Burundi; China; Congo; The Democratic Republic of the; Egypt; Eritrea; Eswatini; Ethiopia; Gabon; India; Kenya; Lao People's Democratic Republic; Libya; Malawi; Malaysia; Mauritania; Mozambique; Namibia; Niger; South Africa; South Sudan; Sri Lanka; Sudan; Tanzania; United Republic of; Thailand; Timor-Leste; Uganda; Viet Nam; Yemen; Zimbabwe","155675","120117210","https://www.iucnredlist.org/species/pdf/120117210","NA"
"Melanotaenia australis","Australia","122905787","123382231","https://www.iucnredlist.org/species/pdf/123382231","NA"
"Melanotaenia boesemani","Indonesia","13058","147682045","https://www.iucnredlist.org/species/pdf/147682045","NA"
"Melanotaenia fluviatilis","Australia","122905924","123382241","https://www.iucnredlist.org/species/pdf/123382241","NA"
"Melanotaenia herbertaxelrodi","Papua New Guinea )","13063","147682235","https://www.iucnredlist.org/species/pdf/147682235","NA"
"Melanotaenia kamaka","Indonesia","161098680","161098695","https://www.iucnredlist.org/species/pdf/161098695","NA"
"Melanotaenia nigrans","Australia","122905960","123382246","https://www.iucnredlist.org/species/pdf/123382246","NA"
"Melanotaenia praecox","Indonesia","13074","147688071","https://www.iucnredlist.org/species/pdf/147688071","NA"
"Melanotaenia splendida","Australia","122905995","123382251","https://www.iucnredlist.org/species/pdf/123382251","NA"
"Melospiza melodia","Saint Pierre and Miquelon Native","22721058","136876593","https://www.iucnredlist.org/species/pdf/136876593","NA"
"Menetus dilatatus","Canada; United States","189692","1933073","https://www.iucnredlist.org/species/pdf/1933073","NA"
"Menidia audens","United States","201945","18236562","https://www.iucnredlist.org/species/pdf/18236562","NA"
"Menidia beryllina","Mexico; United States FAO Marine Fishing Areas: Native: Atlantic - western central","191191","46955644","https://www.iucnredlist.org/species/pdf/46955644","NA"
"Menyanthes trifoliata","Albania; Armenia; Austria; Belarus; Belgium; Bosnia and Herzegovina; Bulgaria; Canada; China; Croatia; Czech Republic; Denmark; Estonia; Faroe Islands; Finland; France ); Germany; Greece ); Greenland; Hungary; Iceland; India; Ireland; Isle of Man; Italy ); Japan; Kazakhstan; Korea; Democratic People's Republic of; Republic of; Latvia; Liechtenstein; Lithuania; Luxembourg; Macedonia; the former Yugoslav Republic of; Moldova; Mongolia; Montenegro; Morocco; Nepal; Netherlands; Norway; Poland; Portugal ); Romania; Russian Federation; Serbia; Slovakia; Slovenia; Spain ); Sweden; Switzerland; Turkey; Ukraine ); United Kingdom; United States","163993","42397943","https://www.iucnredlist.org/species/pdf/42397943","NA"
"Mergus merganser","Afghanistan; Albania; Austria; Azerbaijan; Bangladesh; Belarus; Belgium; Bermuda; Bhutan; Bulgaria; Canada; China; Croatia; Czechia; Denmark; Estonia; Finland; France; Germany; Greece; Hungary; Iceland; India; Iran; Islamic Republic of; Iraq; Ireland; Italy; Japan; Kazakhstan; Korea; Democratic People's Republic of; Republic of; Kyrgyzstan; Latvia; Lebanon; Liechtenstein; Lithuania; Luxembourg; Macedonia; the former Yugoslav Republic of; Mexico; Moldova; Mongolia; Montenegro; Myanmar; Nepal; Netherlands; Norway; Pakistan; Poland; Romania; Russian Federation; Saint Pierre and Miquelon; Serbia; Slovakia; Slovenia; Spain; Sweden; Switzerland; Taiwan; Province of China; Tajikistan; Turkey; Turkmenistan; Ukraine; United Kingdom; United States; Uzbekistan Regionally extinct: Bosnia and Herzegovina Vagrant: Algeria; Cyprus; Greenland; Israel; Malta; Morocco; Portugal; Svalbard and Jan Mayen; Tunisia","22680492","132054083","https://www.iucnredlist.org/species/pdf/132054083","NA"
"Mesonauta festivus","Bolivia; Plurinational States of; Brazil; Paraguay; Peru","49830378","159915994","https://www.iucnredlist.org/species/pdf/159915994","NA"
"Mesonauta guyanae","Brazil; Guyana Native; Possibly","164494323","164494356","https://www.iucnredlist.org/species/pdf/164494356","NA"
"Mesotriton alpestris","Albania; Austria; Belgium; Bosnia and Herzegovina; Bulgaria; Croatia; Czechia; Denmark; France ); Germany; Greece ); Hungary; Italy ); Liechtenstein; Luxembourg; Montenegro; Netherlands; North Macedonia; Poland; Romania; Serbia; Slovakia; Slovenia; Spain ); Switzerland; Ukraine","59472","228183943","https://www.iucnredlist.org/species/pdf/228183943","United Kingdom; Balkans; Greece; Central; Peloponnese; E."
"Metynnis argenteus","Brazil; Guyana","49829903","176034807","https://www.iucnredlist.org/species/pdf/176034807","NA"
"Metynnis hypsauchen","Bolivia; Plurinational States of; Brazil; Colombia ); Guyana; Peru; Suriname; Venezuela; Bolivarian Republic of )","49830633","159916535","https://www.iucnredlist.org/species/pdf/159916535","Amazon; Branco; Negro; Purus; Solimões; Tapajós; Trombetas; Uatumã; Brazil; Essequibo; Guyana; Apure; Unare; Orinoco; Venezuela; Colombia; Peru; Suriname."
"Metynnis lippincottianus","Argentina; Bolivia; Plurinational States of; Brazil; Colombia ); Ecuador ); French Guiana; Guyana; Paraguay; Peru; Suriname; Venezuela; Bolivarian Republic of )","186574","1815167","https://www.iucnredlist.org/species/pdf/1815167","Least; Concern.; Amazon; Araguari; Branco; Jari; Madeira; Tapajós; Tocantins-Araguaia; Trombetas; Solimões; Rio; Negro"
"Metynnis maculatus","Bolivia; Plurinational States of; Brazil; Colombia; Ecuador; Guyana; Peru; Venezuela; Bolivarian Republic of","49829546","139560578","https://www.iucnredlist.org/species/pdf/139560578","NA"
"Metzia lineata","China; Lao People's Democratic Republic; Taiwan; Province of China; Viet Nam","181085","1696702","https://www.iucnredlist.org/species/pdf/1696702","NA"
"Microctenopoma ansorgii","Angola; Cameroon; Congo; The Democratic Republic of the","181678","7703128","https://www.iucnredlist.org/species/pdf/7703128","NA"
"Microglanis iheringi","Colombia ); Venezuela; Bolivarian Republic of )","176031809","176031828","https://www.iucnredlist.org/species/pdf/176031828","NA"
"Microhyla pulchra","Cambodia; China; Hong Kong; Lao People's Democratic Republic; Macao; Myanmar ); Thailand; Viet Nam Native; Presence Uncertain: Malaysia; Singapore","57891","63880157","https://www.iucnredlist.org/species/pdf/63880157","Guam"
"Micropercops cinctus","China; Hong Kong; Japan; Korea; Democratic People's Republic of; Republic of; Russian Federation; Viet Nam","166126","1113128","https://www.iucnredlist.org/species/pdf/1113128","Uzbekistan"
"Microphis brachyurus","American Samoa; Anguilla; Antigua and Barbuda; Australia; Bahamas; Barbados; Brazil; Cambodia; Cayman Islands; Costa Rica; Côte d'Ivoire; Cuba; Curaçao; Dominica; Dominican Republic; Fiji; French Polynesia; Grenada; Guadeloupe; Haiti; India; Indonesia; Jamaica; Japan; Kenya; Korea; Republic of; Madagascar; Martinique; Mexico; Micronesia; Federated States of; Montserrat; Mozambique; New Caledonia; Palau; Panama; Papua New Guinea; Philippines; Puerto Rico; Saint Kitts and Nevis; Saint Lucia; Saint Vincent and the Grenadines; Samoa; Solomon Islands; South Africa; Sri Lanka; Taiwan; Province of China; Tanzania; United Republic of; Tonga; Trinidad and Tobago; Turks and Caicos Islands; United States; Vanuatu FAO Marine Fishing Areas: Native: Atlantic - western central; Indian Ocean - western; Indian Ocean - eastern; Pacific - western central; Pacific - northwest; Pacific - eastern central","181547","130020921","https://www.iucnredlist.org/species/pdf/130020921","NA"
"Micropterus cataractae","United States","202562","19034788","https://www.iucnredlist.org/species/pdf/19034788","NA"
"Micropterus coosae","United States","202563","18233522","https://www.iucnredlist.org/species/pdf/18233522","NA"
"Micropterus dolomieu","Canada; United States","202564","18230216","https://www.iucnredlist.org/species/pdf/18230216","NA"
"Micropterus henshalli","United States","15351329","19035171","https://www.iucnredlist.org/species/pdf/19035171","NA"
"Micropterus notius","United States","13403","19032574","https://www.iucnredlist.org/species/pdf/19032574","NA"
"Micropterus punctulatus","United States","202565","18234277","https://www.iucnredlist.org/species/pdf/18234277","NA"
"Micropterus salmoides","Canada; United States","61265","58310038","https://www.iucnredlist.org/species/pdf/58310038","NA"
"Micropterus treculii","United States","13405","19032728","https://www.iucnredlist.org/species/pdf/19032728","NA"
"Mieniplotia scabra","Bangladesh; India; Indonesia; Japan; Kenya; Malaysia; Myanmar ); Nepal; Oman; Philippines; Tanzania; United Republic of; Thailand; Yemen","166759","95546904","https://www.iucnredlist.org/species/pdf/95546904","NA"
"Mikrogeophagus altispinosus","Bolivia; Plurinational States of; Brazil","49830128","159917547","https://www.iucnredlist.org/species/pdf/159917547","NA"
"Mikrogeophagus ramirezi","Colombia ); Venezuela; Bolivarian Republic of )","176002147","176002324","https://www.iucnredlist.org/species/pdf/176002324","NA"
"Mimagoniates microlepis","Brazil","186552","1814837","https://www.iucnredlist.org/species/pdf/1814837","NA"
"Mimosa pigra","Angola; Argentina; Australia; Benin; Bolivia; Plurinational States of; Botswana; Brazil; Burkina Faso; Burundi; Cambodia; Cameroon; Central African Republic; Chad; Colombia; Congo; The Democratic Republic of the; Costa Rica; Cuba; Côte d'Ivoire; Ecuador; El Salvador; Eswatini; Ethiopia; French Guiana; Gabon; Gambia; Ghana; Guadeloupe; Guatemala; Guinea; Guinea-Bissau; Guyana; Honduras; Indonesia; Jamaica; Kenya; Liberia; Madagascar; Malawi; Malaysia; Mali; Martinique; Mauritania; Mexico; Mozambique; Namibia; Nepal; Nicaragua; Niger; Nigeria; Papua New Guinea; Paraguay; Peru; Rwanda; Saint Vincent and the Grenadines; Senegal; Sierra Leone; Singapore; Somalia; South Africa; South Sudan; Sudan; Sweden; Tanzania; United Republic of; Thailand; Togo; Trinidad and Tobago; Tuvalu; Uganda; Uruguay; Venezuela; Bolivarian Republic of; Viet Nam; Zambia; Zimbabwe","49486238","49486516","https://www.iucnredlist.org/species/pdf/49486516","NA"
"Minytrema melanops","United States","202158","18230992","https://www.iucnredlist.org/species/pdf/18230992","NA"
"Misgurnus anguillicaudatus","China; Hong Kong; Japan; Korea; Democratic People's Republic of; Republic of; Russian Federation; Spain  -","166158","1115635","https://www.iucnredlist.org/species/pdf/1115635","NA"
"Misgurnus bipartitus","China; Japan; Russian Federation","203326543","203326546","https://www.iucnredlist.org/species/pdf/203326546","East; Asia."
"Misgurnus dabryanus","China; Taiwan; Province of China","219316721","219316895","https://www.iucnredlist.org/species/pdf/219316895","NA"
"Misgurnus fossilis","Austria; Belarus; Belgium; Bosnia and Herzegovina; Bulgaria; Croatia; Czechia; Denmark; Estonia; Finland; France ); Germany; Hungary; Kazakhstan; Latvia; Lithuania; Luxembourg; Moldova; Montenegro; Netherlands; Poland; Romania; Russian Federation; Serbia; Slovakia; Slovenia; Switzerland; Ukraine","40698","135095838","https://www.iucnredlist.org/species/pdf/135095838","Italy"
"Misgurnus mohoity","China; Korea; Democratic People's Republic of; Russian Federation","156725893","156725938","https://www.iucnredlist.org/species/pdf/156725938","NA"
"Misgurnus nikolskyi","China; Russian Federation","159619085","159619094","https://www.iucnredlist.org/species/pdf/159619094","NA"
"Moenkhausia costae","Brazil","186385","1812267","https://www.iucnredlist.org/species/pdf/1812267","NA"
"Moenkhausia sanctaefilomenae","Brazil  Native; Presence Uncertain: Brazil","186419","1812777","https://www.iucnredlist.org/species/pdf/1812777","NA"
"Monochoria hastata","Australia; Bangladesh; Cambodia; China; Hong Kong; India; Indonesia; Lao People's Democratic Republic; Malaysia; Myanmar; Papua New Guinea ); Philippines; Singapore; Sri Lanka; Thailand; Viet Nam","168865","6543142","https://www.iucnredlist.org/species/pdf/6543142","NA"
"Monochoria korsakowii","Bhutan; China; Hong Kong; India; Indonesia; Japan; Korea; Democratic People's Republic of; Lao People's Democratic Republic; Macao; Malaysia; Myanmar; Nepal; Pakistan; Russian Federation; Taiwan; Province of China; Viet Nam","167817","6388419","https://www.iucnredlist.org/species/pdf/6388419","NA"
"Monochoria vaginalis","Australia; Bhutan; Cambodia; China; India; Indonesia; Japan; Korea; Democratic People's Republic of; Lao People's Democratic Republic; Malaysia; Myanmar; Nepal; Pakistan; Philippines; Russian Federation; Sri Lanka; Taiwan; Province of China; Thailand; Viet Nam","168872","6543959","https://www.iucnredlist.org/species/pdf/6543959","NA"
"Monodactylus argenteus","Australia; Cambodia; Comoros; Djibouti; Egypt; Fiji; French Polynesia; Guam; India; Indonesia; Japan; Kenya; Madagascar; Maldives; Mauritius; Micronesia; Federated States of; Mozambique; Myanmar; New Caledonia; Norfolk Island; Northern Mariana Islands; Palau; Papua New Guinea; Philippines; Réunion; Samoa; Saudi Arabia; Seychelles; Somalia; South Africa; Sri Lanka; Taiwan; Province of China; Tanzania; United Republic of; United Arab Emirates; Vanuatu","166925","46644370","https://www.iucnredlist.org/species/pdf/46644370","NA"
"Monopterus albus","Brunei Darussalam; Cambodia; China; Hong Kong; India; Indonesia; Japan; Korea; Democratic People's Republic of; Republic of; Lao People's Democratic Republic; Malaysia; Myanmar; Philippines; Singapore; Taiwan; Province of China; Thailand; Viet Nam Native; Possibly","166148","162163341","https://www.iucnredlist.org/species/pdf/162163341","United States"
"Morone americana","Canada; United States","184088","18231622","https://www.iucnredlist.org/species/pdf/18231622","NA"
"Morone chrysops","Canada; United States","184080","1748777","https://www.iucnredlist.org/species/pdf/1748777","NA"
"Morone mississippiensis","United States","202566","18236310","https://www.iucnredlist.org/species/pdf/18236310","NA"
"Morone saxatilis","Canada; United States","192942","46956781","https://www.iucnredlist.org/species/pdf/46956781","NA"
"Moxostoma anisurum","Canada; United States","202159","18230929","https://www.iucnredlist.org/species/pdf/18230929","NA"
"Moxostoma cervinum","United States","202162","18235312","https://www.iucnredlist.org/species/pdf/18235312","NA"
"Moxostoma collapsum","United States","202163","18234465","https://www.iucnredlist.org/species/pdf/18234465","NA"
"Moxostoma congestum","Mexico; United States","13915","130121745","https://www.iucnredlist.org/species/pdf/130121745","Kollaus; Bonner; Linam"
"Moxostoma duquesnii","Canada; United States","18227213","18234003","https://www.iucnredlist.org/species/pdf/18234003","NA"
"Moxostoma erythrurum","Canada; United States","202165","76571620","https://www.iucnredlist.org/species/pdf/76571620","NA"
"Moxostoma lachneri","United States","202166","18233309","https://www.iucnredlist.org/species/pdf/18233309","NA"
"Moxostoma macrolepidotum","Canada; United States","202253","18228990","https://www.iucnredlist.org/species/pdf/18228990","NA"
"Moxostoma pisolabrum","United States","202255","18232868","https://www.iucnredlist.org/species/pdf/18232868","NA"
"Moxostoma rupiscartes","United States","202258","18230595","https://www.iucnredlist.org/species/pdf/18230595","NA"
"Mugil cephalus","Albania; Algeria; American Samoa; Angola; Australia; Belize; Benin; Bosnia and","135567","155662225","https://www.iucnredlist.org/species/pdf/155662225","NA"
"Mugil curema","Angola; Anguilla; Antigua and Barbuda; Aruba; Bahamas; Barbados; Belize; Benin; Bermuda; Bonaire; Sint Eustatius and Saba; Brazil; Cabo Verde; Cameroon; Cayman Islands; Chile; Colombia; Congo; The Democratic Republic of the; Costa Rica; Côte d'Ivoire; Cuba; Curaçao; Dominica; Dominican Republic; Ecuador; El Salvador; Equatorial Guinea; French Guiana; Gabon; Gambia; Ghana; Grenada; Guadeloupe; Guatemala; Guinea; Guinea-Bissau; Guyana; Haiti; Honduras; Jamaica; Liberia; Martinique; Mauritania; Mexico; Montserrat; Namibia; Nicaragua; Nigeria; Panama; Peru; Puerto Rico; Saint Barthélemy; Saint Kitts and Nevis; Saint Lucia; Saint Martin; Saint Vincent and the Grenadines; Senegal; Sierra Leone; Sint Maarten; Suriname; Togo; Trinidad and Tobago; Turks and Caicos Islands; United States; Venezuela; Bolivarian Republic of; Virgin Islands; British; U.S. FAO Marine Fishing Areas: Native: Atlantic - western central; Atlantic - southwest; Atlantic - eastern central; Atlantic - southeast; Pacific - eastern central; Pacific - southeast","190168","82660284","https://www.iucnredlist.org/species/pdf/82660284","Atlantic; Pacific"
"Mugilogobius cavifrons","Guam; Indonesia; Japan; Micronesia; Federated States of; Papua New Guinea; Philippines; Taiwan; Province of China; Timor-Leste","196335","90982576","https://www.iucnredlist.org/species/pdf/90982576","NA"
"Muraenesox cinereus","Australia; Bahrain; Bangladesh; Brunei Darussalam; Cambodia; China; Disputed Territory; Djibouti; Egypt; Eritrea; Fiji; Hong Kong; India; Indonesia; Iran; Islamic Republic of; Iraq; Japan; Jordan; Korea; Republic of; Kuwait; Macao; Madagascar; Malaysia; Mauritius; Myanmar; Oman; Pakistan; Papua New Guinea; Philippines; Qatar; Saudi Arabia; Singapore; Somalia; Sri Lanka;","199344","2585390","https://www.iucnredlist.org/species/pdf/2585390","Israel"
"Mustela lutreola","France; Romania; Russian Federation; Spain; Ukraine Regionally extinct: Austria; Belarus; Bulgaria; Croatia; Czech Republic; Finland; Georgia; Germany; Hungary; Kazakhstan; Latvia; Lithuania; Moldova; Montenegro; Netherlands; Poland; Serbia; Slovakia; Switzerland Reintroduced: Estonia","14018","45199861","https://www.iucnredlist.org/species/pdf/45199861","Kurile; Islands; Iturup; Russia"
"Mycteria ibis","Angola; Benin; Botswana; Burkina Faso; Burundi; Cameroon; Central African Republic; Chad; Congo; The Democratic Republic of the; Côte d'Ivoire; Djibouti; Equatorial Guinea; Eritrea; Eswatini; Ethiopia; Gabon; Gambia; Ghana; Guinea; Guinea-Bissau; Kenya; Lesotho; Liberia; Madagascar; Malawi; Mali; Mauritania; Mozambique; Namibia; Niger; Nigeria; Rwanda; Senegal; Sierra Leone; Somalia; South Africa; South Sudan; Sudan; Tanzania; United Republic of; Togo; Uganda; Zambia; Zimbabwe","22697654","264995790","https://www.iucnredlist.org/species/pdf/264995790","NA"
"Myleus pacu","Guyana; Suriname; Venezuela; Bolivarian Republic of )","85281263","85281288","https://www.iucnredlist.org/species/pdf/85281288","NA"
"Mylocheilus caurinus","Canada; United States","202261","18234362","https://www.iucnredlist.org/species/pdf/18234362","NA"
"Mylopharyngodon piceus","China; Russian Federation; Viet Nam","166112","156739085","https://www.iucnredlist.org/species/pdf/156739085","Albania; Armenia; Austria; Bulgaria; Costa Rica; Cuba; Czechia; Hong
Kong; Hungary; Japan; Kazakhstan; Latvia; Malaysia; Mexico; Moldova; Morocco; Panama; Serbia; Slovakia; Taiwan; Province of China; Thailand; Turkmenistan; Ukraine; United States; Uzbekistan"
"Myloplus rubripinnis","Bolivia; Plurinational States of; Brazil; Colombia ); Ecuador ); French Guiana; Guyana; Peru; Suriname; Venezuela; Bolivarian Republic of )","49829569","85567244","https://www.iucnredlist.org/species/pdf/85567244","Guatemala; Amazon; Orinoco; Brazil."
"Mylossoma duriventre","Argentina; Bolivia; Plurinational States of; Brazil; Paraguay; Uruguay","187055","1822444","https://www.iucnredlist.org/species/pdf/1822444","South; America"
"Myoxocephalus quadricornis","Canada; Denmark; Estonia; Finland; Latvia; Norway; Russian Federation; Sweden; United States  FAO Marine Fishing Areas: Native: Arctic Sea Native: Pacific - northeast Native: Atlantic - northeast Native: Pacific - northwest Native: Atlantic - northwest","14214","135089892","https://www.iucnredlist.org/species/pdf/135089892","NA"
"Myriophyllum alterniflorum","Canada; China; Denmark; Finland; France; Germany; Greenland; Iceland; Ireland; Norway;","164338","78457097","https://www.iucnredlist.org/species/pdf/78457097","NA"
"Myriophyllum heterophyllum","Canada (Alberta - Present - Origin Uncertain; British Columbia -","64318331","67730177","https://www.iucnredlist.org/species/pdf/67730177","NA"
"Myriophyllum pinnatum","Canada; United States (Alabama; Arkansas; Connecticut; Delaware; Florida; Georgia; Illinois; Indiana; Iowa; Kansas; Kentucky -","64318391","67730192","https://www.iucnredlist.org/species/pdf/67730192","NA"
"Myriophyllum quitense","Argentina; Australia; Bolivia; Plurinational States of; Canada; Chile; Colombia; Ecuador; Mexico; New Zealand; Peru; United States; Uruguay; Venezuela; Bolivarian Republic of","64318412","67730197","https://www.iucnredlist.org/species/pdf/67730197","NA"
"Myriophyllum sibiricum","Canada; China; Finland; France; Greenland; Iceland; Netherlands; Norway; Sweden; United States","167869","78457102","https://www.iucnredlist.org/species/pdf/78457102","NA"
"Myriophyllum spicatum","Albania; Algeria; Austria; Bangladesh; Belarus; Belgium; Bhutan; Botswana; Bulgaria; Burundi; Cambodia; Cameroon; China; Croatia; Czechia; Denmark; Egypt ); Eritrea; Estonia; Ethiopia; Finland; France ); Germany; Greece; Kriti); Guernsey; Hungary; Iceland; India; Indonesia; Iran; Islamic Republic of; Ireland; Isle of Man; Israel; Italy; Sardegna; Sicilia); Japan; Jersey; Jordan; Kenya; Korea; Democratic People's Republic of; Republic of; Latvia; Liechtenstein; Lithuania; Luxembourg; Malawi; Moldova; Namibia; Netherlands; Nigeria; Norway; Pakistan; Philippines; Poland; Portugal ); Romania; Russian Federation; Saudi Arabia; Slovakia; Slovenia; South Africa; South Sudan; Spain ); Sudan; Sweden; Switzerland; Taiwan; Province of China; Tanzania; United Republic of; Thailand; Togo; Turkey; Ukraine ); United Kingdom; Viet Nam; Zambia; Zimbabwe","164481","120202935","https://www.iucnredlist.org/species/pdf/120202935","NA"
"Myriophyllum verticillatum","Afghanistan; Albania; Algeria; Austria; Azerbaijan; Bangladesh; Belgium; Bhutan; Bulgaria; Canada; China; Czech Republic; Denmark; Estonia;","164335","1042718","https://www.iucnredlist.org/species/pdf/1042718","NA"
"Mystus castaneus","Brunei Darussalam; Indonesia; Malaysia; Thailand","180709","89807900","https://www.iucnredlist.org/species/pdf/89807900","UNEP-WCMC"
"Mystus wolffii","Indonesia; Malaysia; Singapore; Thailand","169551","91182500","https://www.iucnredlist.org/species/pdf/91182500","UNEP-WCMC"
"Mytilopsis leucophaeata","United States","155623","4809971","https://www.iucnredlist.org/species/pdf/4809971","NA"
"Myxocyprinus asiaticus","China","203326418","203326423","https://www.iucnredlist.org/species/pdf/203326423","NA"
"Najas flexilis","Austria; Belarus; Canada; Estonia; Finland; Germany; Ireland; Latvia; Lithuania; Norway; Oman; Poland; Russian Federation; Sweden; Switzerland; United Kingdom; United States","162310","78457107","https://www.iucnredlist.org/species/pdf/78457107","NA"
"Najas gracillima","China; Iran; Islamic Republic of; Italy  -","168711","1213531","https://www.iucnredlist.org/species/pdf/1213531","NA"
"Najas graminea","Afghanistan; Algeria; Australia; Botswana; Cambodia; Cameroon; Central African Republic; Chad; China; Congo; The Democratic Republic of the; Egypt ); Eritrea; Gambia; Guinea-Bissau; India; Indonesia; Iran; Islamic Republic of; Iraq; Japan; Kazakhstan; Kenya; Korea; Republic of; Lebanon; Mali; Mauritania; Myanmar ); Nepal; New Caledonia; Oman; Palestinian Territory; Occupied; Papua New Guinea ); Philippines; Rwanda; Senegal; South Africa; South Sudan; Sri Lanka; Sudan; Syrian Arab Republic; Taiwan; Province of China ); Tajikistan; Tanzania; United Republic of; Thailand; Turkey; Uzbekistan; Viet Nam; Yemen","164296","67788915","https://www.iucnredlist.org/species/pdf/67788915","NA"
"Najas guadalupensis","Argentina; Aruba; Bahamas; Bonaire; Sint Eustatius and Saba; Brazil; Canada; Colombia; Costa Rica; Cuba; Curaçao; Dominican Republic; Ecuador; El Salvador; Guatemala; Haiti; Honduras; Jamaica; Mexico; Nicaragua; Panama; Puerto Rico; Sint Maarten; Trinidad and Tobago; United States; Uruguay; Venezuela; Bolivarian Republic of","177124","1467909","https://www.iucnredlist.org/species/pdf/1467909","NA"
"Najas indica","Bangladesh; Bhutan; Cambodia; China; Hong Kong; India; Indonesia; Japan; Lao People's Democratic Republic; Macao; Malaysia; Myanmar; Nepal; Philippines; Taiwan; Province of China; Thailand; Viet Nam","168751","6533825","https://www.iucnredlist.org/species/pdf/6533825","NA"
"Najas malesiana","Australia; India; Indonesia; Lao People's Democratic Republic; Malaysia; Myanmar; Nepal; Philippines; Singapore; Sri Lanka; Thailand; Viet Nam","177133","7374764","https://www.iucnredlist.org/species/pdf/7374764","Asia; Australia."
"Najas marina","Albania; Algeria; Argentina; Aruba; Australia; Austria; Azerbaijan; Bahamas; Bangladesh; Belarus; Belgium; Benin; Bolivia; Plurinational States of; Bosnia and Herzegovina; Botswana; Brazil; Bulgaria; Burkina Faso; Burundi; Cameroon; China; Congo; The Democratic Republic of the; Croatia; Cuba; Cyprus; Czechia; Denmark; Dominica; Ecuador; Egypt; Sinai); El Salvador; Eritrea; Estonia; Faroe Islands; Finland; France ); Georgia; Germany; Ghana; Greece; Kriti); Guinea; Guinea-Bissau; Haiti; Hungary; India; Indonesia; Iran; Islamic Republic of; Iraq; Israel; Italy; Sardegna; Sicilia); Jamaica; Japan; Jordan; Kazakhstan; Korea; Democratic People's Republic of; Republic of; Kyrgyzstan; Latvia; Lebanon; Liberia; Libya; Liechtenstein; Lithuania; Luxembourg; Madagascar; Malawi; Mali; Malta; Mauritania; Mexico; Monaco; Mongolia; Montenegro; Morocco; Mozambique; Myanmar; Namibia; Netherlands; Niger; Nigeria; North Macedonia; Norway; Oman; Pakistan; Palestine; State of; Panama; Poland; Portugal ); Puerto Rico; Réunion; Romania; Russian Federation; Rwanda; San Marino; Saudi Arabia; Senegal; Serbia; Sierra Leone; Slovakia; Slovenia; South Africa; Spain ); Sri Lanka; Sweden; Switzerland; Syrian Arab Republic; Taiwan; Province of China; Tajikistan; Tanzania; United Republic of; Thailand; Togo; Tunisia; Turkey; Turkmenistan; Turks and Caicos Islands; Uganda; Ukraine ); United Kingdom; United States; Uzbekistan; Venezuela; Bolivarian Republic of; Viet Nam; Yemen;","164322","120204953","https://www.iucnredlist.org/species/pdf/120204953","NA"
"Najas minor","Afghanistan; Algeria; Austria; Belgium; Bulgaria; Canada; China; Czech Republic; Egypt; France ); Germany; Hong Kong; Hungary; India; Iran; Islamic Republic of; Iraq; Italy; Japan; Kazakhstan; Korea; Democratic People's Republic of; Lebanon; Libya; Liechtenstein; Luxembourg; Nepal; Netherlands; Pakistan; Palestinian Territory; Occupied; Poland; Portugal; Romania; Russian Federation; Saint Pierre and Miquelon; Spain; Sri Lanka; Switzerland; Syrian Arab Republic; Taiwan; Province of China; Tajikistan; Thailand; Tunisia; Turkey; Uzbekistan; Viet Nam","164446","43123412","https://www.iucnredlist.org/species/pdf/43123412","NA"
"Najas pectinata","Algeria; Cameroon; Chad; Egypt; Ghana; Guinea; Madagascar; Mali; Namibia; Nigeria; Senegal; Sierra Leone; South Africa","164393","96560523","https://www.iucnredlist.org/species/pdf/96560523","NA"
"Nannostomus beckfordi","Brazil; French Guiana; Guyana; Suriname; Venezuela; Bolivarian Republic of","164532717","164532727","https://www.iucnredlist.org/species/pdf/164532727","Brazil; Amazon; Guyana; GBIF; SpLink"
"Nannostomus harrisoni","Guyana","49830644","176108543","https://www.iucnredlist.org/species/pdf/176108543","Guyana"
"Nannostomus unifasciatus","Bolivia; Plurinational States of; Brazil; Colombia; Guyana; Peru; Venezuela; Bolivarian Republic of","49830736","159923864","https://www.iucnredlist.org/species/pdf/159923864","NA"
"Nasturtium microphyllum","Afghanistan; Andorra; Austria; Belgium; Denmark; France ); Germany; Greece ); Guernsey; Iran; Islamic Republic of; Ireland; Isle of Man; Italy ); Jersey; Luxembourg; Netherlands; Pakistan; Poland; Slovenia; Spain ); Sweden; Switzerland; United Kingdom  Regionally extinct: Czech Republic","175575","13542516","https://www.iucnredlist.org/species/pdf/13542516","NA"
"Nasturtium officinale","Afghanistan; Albania; Algeria; Armenia; Austria; Azerbaijan; Belgium; Bhutan; Bosnia and Herzegovina; Bulgaria; Cabo Verde; Croatia; Cyprus; Czechia; Denmark; Egypt; Ethiopia; France; Georgia; Germany; Greece; Hungary; India; Iran; Islamic Republic of; Iraq; Ireland; Israel; Italy; Jordan; Kazakhstan; Kyrgyzstan; Lebanon; Libya; Montenegro; Morocco; Netherlands; North Macedonia; Pakistan; Poland; Portugal; Romania; Saudi Arabia; Serbia; Slovakia; Slovenia; Spain; Sweden; Switzerland; Syrian Arab Republic; Tajikistan; Tanzania; United Republic of; Tunisia; Turkey; Turkmenistan; United Kingdom; Uzbekistan","164311","136666515","https://www.iucnredlist.org/species/pdf/136666515","Argentina; Australia; Bolivia; Plurinational States of; Brazil; Canada; Colombia; Cuba; Dominican Republic; Ecuador; French Guiana; French Polynesia; Guadeloupe; Madagascar; Mauritius; Mexico; New Zealand; Papua New Guinea; Peru; Puerto Rico; Saint Helena; Ascension and Tristan da Cunha; Sao Tome and Principe; United States; Uruguay; Vanuatu; Venezuela; Bolivarian Republic of"
"Natrix helvetica","Belgium; Croatia; France ); Germany; Italy; Sardegna; Sicilia); Luxembourg; Monaco; Netherlands; Slovenia; Switzerland; United Kingdom","165594257","165594282","https://www.iucnredlist.org/species/pdf/165594282","NA"
"Natrix maura","Algeria; France ); Italy ); Libya; Morocco; Portugal ); Spain; Spanish North African Territories); Switzerland; Tunisia","61538","137854248","https://www.iucnredlist.org/species/pdf/137854248","Spain"
"Natrix tessellata","Afghanistan; Albania; Armenia; Austria; Azerbaijan; Bosnia and Herzegovina; Bulgaria; China; Croatia; Cyprus; Czechia; Egypt; Georgia; Germany; Greece; Hungary; Iran; Islamic Republic of; Iraq; Israel; Italy; Jordan; Kazakhstan; Kyrgyzstan; Lebanon; Moldova; Montenegro; North Macedonia; Pakistan; Romania; Russian Federation; Serbia; Slovakia; Slovenia; Switzerland; Syrian Arab Republic; Tajikistan; Turkey; Turkmenistan; Ukraine; Uzbekistan Native; Possibly","157256","745071","https://www.iucnredlist.org/species/pdf/745071","NA"
"Necturus maculosus","Canada; United States","88373148","199271045","https://www.iucnredlist.org/species/pdf/199271045","United States"
"Nelumbo lutea","Canada; United States","169072","1270473","https://www.iucnredlist.org/species/pdf/1270473","NA"
"Nematobrycon palmeri","Colombia","49830589","61474073","https://www.iucnredlist.org/species/pdf/61474073","NA"
"Nematolebias whitei","Brazil","187309","1826254","https://www.iucnredlist.org/species/pdf/1826254","NA"
"Neocaridina denticulata","China; Japan; Taiwan; Province of China )","197822","19013862","https://www.iucnredlist.org/species/pdf/19013862","Asia; China; Taiwan; Japan; Island; Japan."
"Neocaridina heteropoda","China","197835","19013874","https://www.iucnredlist.org/species/pdf/19013874","NA"
"Neocaridina palmata","China; Viet Nam","198273","19013900","https://www.iucnredlist.org/species/pdf/19013900","NA"
"Neochen jubata","Argentina; Bolivia; Plurinational States of; Brazil; Colombia; Ecuador; Guyana; Paraguay; Peru; Venezuela; Bolivarian Republic of","22679987","277468368","https://www.iucnredlist.org/species/pdf/277468368","NA"
"Neogobius fluviatilis","Belarus; Bulgaria; Moldova; Romania; Russian Federation; Türkiye; Ukraine","14521","135090492","https://www.iucnredlist.org/species/pdf/135090492","Austria; Bosnia and Herzegovina; Croatia; France; Germany; Hungary; Netherlands; Poland; Serbia; Slovakia"
"Neogobius melanostomus","Azerbaijan; Bulgaria; Georgia; Iran; Islamic Republic of; Kazakhstan; Moldova; Romania; Russian Federation; Turkmenistan; Türkiye; Ukraine","14524","135090645","https://www.iucnredlist.org/species/pdf/135090645","Austria; Belgium; Bosnia and Herzegovina; Canada"
"Neogobius pallasi","Azerbaijan; Iran; Islamic Republic of; Kazakhstan; Russian Federation; Turkmenistan","135596","135107971","https://www.iucnredlist.org/species/pdf/135107971","NA"
"Neolamprologus brichardi","Burundi; Congo; The Democratic Republic of the; Tanzania; United Republic of Native; Possibly","60610","47203067","https://www.iucnredlist.org/species/pdf/47203067","NA"
"Neolamprologus leleupi","Congo; The Democratic Republic of the","60612","47203198","https://www.iucnredlist.org/species/pdf/47203198","NA"
"Neolissochilus sumatranus","Indonesia; Thailand","91063609","91063632","https://www.iucnredlist.org/species/pdf/91063632","NA"
"Neptunia oleracea","Angola; Bangladesh; Belize; Benin; Bolivia; Plurinational States of; Botswana; Brazil; Burkina Faso; Burundi; Cambodia; Cameroon; Central African Republic; Chad; Colombia; Congo; The Democratic Republic of the; Costa Rica ); Côte d'Ivoire; Cuba; Dominican Republic; Ecuador; El Salvador; Ethiopia; Gambia; Ghana; Guatemala; Guinea; Guyana; Honduras; India; Indonesia; Jamaica; Kenya; Lao People's Democratic Republic; Madagascar; Malawi; Malaysia; Mali; Mauritania; Mexico; Mozambique; Myanmar ); Namibia; Nicaragua; Niger; Nigeria; Panama; Peru; Philippines; Puerto Rico; Senegal; Somalia; South Africa; South Sudan; Sri","168883","120184851","https://www.iucnredlist.org/species/pdf/120184851","NA"
"Neptunia plena","Australia; Bangladesh; Bhutan; Bolivia; Plurinational States of; Cambodia; Canada; Colombia; Guyana; India; Indonesia; Lao People's Democratic Republic; Malaysia; Maldives; Myanmar; Nepal; Paraguay; Philippines; Saint Pierre and Miquelon; Singapore; Sri Lanka; Thailand; United States; Viet Nam","177356","7420283","https://www.iucnredlist.org/species/pdf/7420283",""
"Nerodia fasciata","United States","62237","12583389","https://www.iucnredlist.org/species/pdf/12583389","NA"
"Nerodia sipedon","Canada; United States","62239","12583567","https://www.iucnredlist.org/species/pdf/12583567","NA"
"Netta peposaca","Uruguay Native","22680351","264986238","https://www.iucnredlist.org/species/pdf/264986238","NA"
"Netta rufina","Afghanistan; Albania; Algeria; Armenia; Austria; Azerbaijan; Belarus; Belgium; Bhutan; Bosnia and Herzegovina; Bulgaria; China; Croatia; Czechia; Denmark; Egypt; France; Georgia; Germany; Greece; Hungary; India; Iraq; Israel; Italy; Jordan; Latvia; Montenegro; Morocco; Myanmar; Nepal; Netherlands; North Macedonia; Pakistan; Poland; Portugal; Romania; Russian Federation; Serbia; Slovakia; Spain; Switzerland; Syrian Arab Republic; Türkiye; Ukraine Native","22680348","280995672","https://www.iucnredlist.org/species/pdf/280995672","United Kingdom"
"Nettapus auritus","Angola; Benin; Botswana; Burkina Faso; Burundi; Cameroon; Central African Republic; Chad; Congo; The Democratic Republic of the; Côte d'Ivoire; Djibouti; Equatorial Guinea; Eritrea; Eswatini; Ethiopia; Gabon; Gambia; Ghana; Guinea; Guinea-Bissau; Kenya; Liberia; Madagascar; Malawi; Mali; Mauritania; Mozambique; Namibia; Niger; Nigeria; Rwanda; Senegal; Sierra Leone; Somalia; South Africa; Sudan; Tanzania; United Republic of; Togo; Uganda; Zambia; Zimbabwe Native","22680095","264986462","https://www.iucnredlist.org/species/pdf/264986462","NA"
"Nettapus coromandelianus","Australia; Papua New Guinea Native","22680090","264985851","https://www.iucnredlist.org/species/pdf/264985851","NA"
"Nimbochromis livingstonii","Malawi; Mozambique; Tanzania; United Republic of","60910","155045068","https://www.iucnredlist.org/species/pdf/155045068","NA"
"Nimbochromis polystigma","Malawi; Mozambique; Tanzania; United Republic of","60890","155043358","https://www.iucnredlist.org/species/pdf/155043358","NA"
"Nimbochromis venustus","Malawi","60891","155043472","https://www.iucnredlist.org/species/pdf/155043472","NA"
"Niphargus hrabei","Austria; Croatia; Hungary; Romania; Russian Federation; Serbia; Slovakia; Ukraine","14806","4460995","https://www.iucnredlist.org/species/pdf/4460995","NA"
"Nipponocypris sieboldii","Japan; Korea; Republic of Native; Possibly","110462909","110462931","https://www.iucnredlist.org/species/pdf/110462931","NA"
"Nocomis biguttatus","Canada; United States","202273","18235841","https://www.iucnredlist.org/species/pdf/18235841","NA"
"Nocomis leptocephalus","United States","202275","18230363","https://www.iucnredlist.org/species/pdf/18230363","NA"
"Nocomis micropogon","United States","202276","18230616","https://www.iucnredlist.org/species/pdf/18230616","NA"
"Nocomis raneyi","United States","202278","18231411","https://www.iucnredlist.org/species/pdf/18231411","NA"
"Notemigonus crysoleucas","Canada; United States","184098","18233267","https://www.iucnredlist.org/species/pdf/18233267","NA"
"Nothobranchius guentheri","Tanzania; United Republic of","61284","47243542","https://www.iucnredlist.org/species/pdf/47243542","NA"
"Notophthalmus viridescens","Canada; United States","59453","193389835","https://www.iucnredlist.org/species/pdf/193389835","NA"
"Notopterus notopterus","Bangladesh; Cambodia; India; Indonesia; Lao People's Democratic Republic; Malaysia; Myanmar ); Nepal; Pakistan; Thailand; Viet Nam","166433","60584003","https://www.iucnredlist.org/species/pdf/60584003","Singapore; UNEP-WCMC"
"Notropis altipinnis","United States","202281","18234844","https://www.iucnredlist.org/species/pdf/18234844","NA"
"Notropis amabilis","Mexico; United States","191270","130023468","https://www.iucnredlist.org/species/pdf/130023468","North; American; Mexican"
"Notropis amoenus","United States","202283","18229688","https://www.iucnredlist.org/species/pdf/18229688","NA"
"Notropis anogenus","Canada; United States","184076","19034270","https://www.iucnredlist.org/species/pdf/19034270","NA"
"Notropis ariommus","United States","202286","19033448","https://www.iucnredlist.org/species/pdf/19033448","NA"
"Notropis atherinoides","Canada; United States","202288","18229138","https://www.iucnredlist.org/species/pdf/18229138","NA"
"Notropis baileyi","United States","202290","18229625","https://www.iucnredlist.org/species/pdf/18229625","NA"
"Notropis bairdi","United States","202291","18230868","https://www.iucnredlist.org/species/pdf/18230868","NA"
"Notropis bifrenatus","Canada; United States","184093","19034940","https://www.iucnredlist.org/species/pdf/19034940","NA"
"Notropis blennius","Canada; United States","184084","18230950","https://www.iucnredlist.org/species/pdf/18230950","NA"
"Notropis boops","United States","202292","18236791","https://www.iucnredlist.org/species/pdf/18236791","NA"
"Notropis buccula","United States","14883","19033473","https://www.iucnredlist.org/species/pdf/19033473","NA"
"Notropis buchanani","Canada; Mexico; United States","191273","130023784","https://www.iucnredlist.org/species/pdf/130023784","NA"
"Notropis chiliticus","United States","202296","18231474","https://www.iucnredlist.org/species/pdf/18231474","NA"
"Notropis chrosomus","United States","202298","18229646","https://www.iucnredlist.org/species/pdf/18229646","NA"
"Notropis dorsalis","Canada; United States","202300","18232594","https://www.iucnredlist.org/species/pdf/18232594","NA"
"Notropis girardi","United States","202302","19033960","https://www.iucnredlist.org/species/pdf/19033960","NA"
"Notropis harperi","United States","202303","18228738","https://www.iucnredlist.org/species/pdf/18228738","NA"
"Notropis heterolepis","Canada; United States","202305","18232087","https://www.iucnredlist.org/species/pdf/18232087","NA"
"Notropis hudsonius","Canada; United States","202306","18231055","https://www.iucnredlist.org/species/pdf/18231055","NA"
"Notropis hypsilepis","United States","202307","19032803","https://www.iucnredlist.org/species/pdf/19032803","NA"
"Notropis leuciodus","United States","202308","18232172","https://www.iucnredlist.org/species/pdf/18232172","NA"
"Notropis longirostris","United States","202309","18235118","https://www.iucnredlist.org/species/pdf/18235118","NA"
"Notropis lutipinnis","United States","202310","18229793","https://www.iucnredlist.org/species/pdf/18229793","NA"
"Notropis nubilus","United States","202313","18234823","https://www.iucnredlist.org/species/pdf/18234823","NA"
"Notropis oxyrhynchus","United States","14892","19035040","https://www.iucnredlist.org/species/pdf/19035040","NA"
"Notropis ozarcanus","United States","202315","19034813","https://www.iucnredlist.org/species/pdf/19034813","NA"
"Notropis potteri","United States","202319","18236499","https://www.iucnredlist.org/species/pdf/18236499","NA"
"Notropis procne","United States","202320","18230300","https://www.iucnredlist.org/species/pdf/18230300","NA"
"Notropis rubellus","Canada; United States","202321","18232826","https://www.iucnredlist.org/species/pdf/18232826","NA"
"Notropis rubricroceus","United States","202322","18229667","https://www.iucnredlist.org/species/pdf/18229667","NA"
"Notropis shumardi","United States","202327","18235609","https://www.iucnredlist.org/species/pdf/18235609","NA"
"Notropis spectrunculus","United States","202328","18229053","https://www.iucnredlist.org/species/pdf/18229053","NA"
"Notropis stramineus","Canada; Mexico; United States","191289","130029670","https://www.iucnredlist.org/species/pdf/130029670","United; States"
"Notropis telescopus","United States","202331","18235504","https://www.iucnredlist.org/species/pdf/18235504","NA"
"Notropis texanus","Canada; United States","202332","18233649","https://www.iucnredlist.org/species/pdf/18233649","NA"
"Notropis volucellus","Canada; United States","202334","18236581","https://www.iucnredlist.org/species/pdf/18236581","NA"
"Notropis xaenocephalus","United States","202336","18235989","https://www.iucnredlist.org/species/pdf/18235989","NA"
"Noturus exilis","United States","202685","18235012","https://www.iucnredlist.org/species/pdf/18235012","NA"
"Noturus flavus","Canada; United States","202688","18235439","https://www.iucnredlist.org/species/pdf/18235439","NA"
"Noturus gilberti","United States","14902","19033372","https://www.iucnredlist.org/species/pdf/19033372","NA"
"Noturus gyrinus","Canada; United States","202691","18231981","https://www.iucnredlist.org/species/pdf/18231981","NA"
"Noturus insignis","Canada; United States","202693","18233856","https://www.iucnredlist.org/species/pdf/18233856","NA"
"Noturus miurus","Canada; United States","184075","18230658","https://www.iucnredlist.org/species/pdf/18230658",""
"Noturus nocturnus","United States","202696","18236833","https://www.iucnredlist.org/species/pdf/18236833","NA"
"Noturus stigmosus","Canada; United States","202698","19035375","https://www.iucnredlist.org/species/pdf/19035375",""
"Novumbra hubbsi","United States","14909","19034503","https://www.iucnredlist.org/species/pdf/19034503","NA"
"Nuphar lutea","Albania; Austria; Belarus; Belgium; Bosnia and Herzegovina; Bulgaria; Croatia; Czech Republic; Denmark; Estonia; Finland; France ); Germany; Greece ); Hungary; Iran; Islamic Republic of; Ireland; Isle of Man; Italy; Sardegna); Kazakhstan; Latvia; Liechtenstein; Lithuania; Luxembourg; Macedonia; the former Yugoslav Republic of; Moldova; Montenegro; Netherlands; Norway; Palestinian Territory; Occupied; Poland; Portugal ); Romania; Russian Federation; Serbia; Slovakia; Slovenia; Spain ); Sweden; Switzerland; Syrian Arab Republic; Turkey; Ukraine ); United Kingdom","164316","42398895","https://www.iucnredlist.org/species/pdf/42398895","NA"
"Nuphar pumila","Australia; Austria; Belgium; Canada; China; Czech Republic; Denmark; Estonia; Faroe Islands; Finland; France; Germany; Hong Kong; Iceland; Japan; Korea; Democratic People's Republic of; Republic of; Latvia; Lithuania; Macao; Macedonia; the former Yugoslav Republic of; Mexico; Mongolia; Norway; Poland; Russian Federation; Slovakia; Sweden; Switzerland; Taiwan; Province of China; United Kingdom; United States","167888","1179645","https://www.iucnredlist.org/species/pdf/1179645","NA"
"Nyctanassa violacea","Anguilla; Antigua and Barbuda; Aruba; Bahamas; Barbados; Belize; Bonaire; Sint Eustatius and Saba; Brazil; Canada; Cayman Islands; Colombia; Costa Rica; Cuba; Curaçao; Dominica; Dominican Republic; Ecuador; El Salvador; French Guiana; Grenada; Guadeloupe; Guatemala; Guyana; Haiti; Honduras; Jamaica; Martinique; Mexico; Montserrat; Nicaragua; Panama; Peru; Puerto Rico; Saint Barthélemy; Saint Kitts and Nevis; Saint Lucia; Saint Martin; Saint Vincent and the Grenadines; Sint Maarten; Suriname; Trinidad and Tobago; Turks and Caicos Islands; United States; Venezuela; Bolivarian Republic of; Virgin Islands; British; U.S. Vagrant: Saint Pierre and Miquelon","22697203","132067766","https://www.iucnredlist.org/species/pdf/132067766","NA"
"Nycticorax caledonicus","Australia; Brunei Darussalam; Christmas Island; Cocos  Islands; Indonesia; Malaysia; New Caledonia; Northern Mariana Islands; Papua New Guinea; Philippines; Solomon Islands; Timor-Leste Native","22697219","264991688","https://www.iucnredlist.org/species/pdf/264991688","New Zealand"
"Nycticorax nycticorax","Algeria; Angola; Anguilla; Antigua and Barbuda; Argentina; Aruba; Azerbaijan; Bahamas; Bahrain; Bangladesh; Barbados; Belgium; Benin; Bermuda; Bhutan; Bolivia; Plurinational States of; Bonaire; Sint Eustatius and Saba; Brazil; Brunei Darussalam; Bulgaria; Burkina Faso; Burundi; Cambodia; Cameroon; Canada; Cayman Islands; Central African Republic; Chad; Chile; China; Colombia; Comoros; Congo; The Democratic Republic of the; Cuba; Curaçao; Czechia; Côte d'Ivoire; Dominica; Dominican Republic; Ecuador; Egypt; El Salvador; Equatorial Guinea; Eritrea; Eswatini; Ethiopia; Falkland Islands; France; French Guiana; Gabon; Gambia; Ghana; Greece; Grenada; Guatemala; Guinea; Guyana; Haiti; Honduras; India; Indonesia; Iran; Islamic Republic of; Iraq; Israel; Italy; Jamaica; Japan; Jordan; Kenya; Korea; Republic of; Kuwait; Lao People's Democratic Republic; Lebanon; Lesotho; Liberia; Madagascar; Malawi; Malaysia; Mali; Malta; Martinique; Mauritania; Mayotte; Mexico; Moldova; Montenegro; Montserrat; Morocco; Mozambique; Myanmar; Namibia; Nepal; Nicaragua; Niger; Nigeria; North Macedonia; Oman; Pakistan; Panama; Paraguay; Peru; Philippines; Portugal; Puerto Rico; Qatar; Romania; Russian Federation; Rwanda; Saint Kitts and Nevis; Saint Lucia; Saint Vincent and the Grenadines; Saudi Arabia; Serbia; Sierra Leone; Singapore; Somalia; South Georgia and the South Sandwich Islands; South Sudan; Spain; Sri Lanka; Sudan; Suriname; Syrian Arab Republic; Taiwan; Province of China; Thailand; Timor-Leste; Togo; Trinidad and Tobago; Tunisia; Turks and Caicos Islands; Türkiye; Uganda; Ukraine; United Arab Emirates; Venezuela; Bolivarian Republic of; Viet Nam; Western Sahara; Yemen; Zambia; Zimbabwe Native","22697211","280905252","https://www.iucnredlist.org/species/pdf/280905252","NA"
"Nymphaea alba","Albania; Algeria; Armenia; Austria; Belgium; Bulgaria; Croatia; Estonia; France; Georgia; Germany; Greece; Hungary; India; Iran; Islamic Republic of; Ireland; Israel; Italy; Jordan; Morocco; Netherlands; Russian Federation; Spain; Switzerland; Tunisia; Turkey; Ukraine","164237","63306122","https://www.iucnredlist.org/species/pdf/63306122","N."
"Nymphaea lotus","Algeria; Angola; Benin; Botswana; Burkina Faso; Burundi; Cameroon; Central African Republic; Chad; Colombia; Congo; The Democratic Republic of the; Côte d'Ivoire; Egypt; Eswatini; Ethiopia;","164281","1038562","https://www.iucnredlist.org/species/pdf/1038562","NA"
"Nymphaea micrantha","Benin; Burkina Faso; Cameroon; Central African Republic; Chad; Côte d'Ivoire; Gabon; Gambia; Guinea; Guinea-Bissau; Liberia; Mali; Niger; Nigeria; Senegal; Sierra Leone; Togo","140427320","140426357","https://www.iucnredlist.org/species/pdf/140426357","Egypt"
"Nymphaea odorata","Bahamas; Canada; Cuba; El Salvador; Guyana; Mexico; Nicaragua; United States","64318950","67730237","https://www.iucnredlist.org/species/pdf/67730237","NA"
"Nymphaea rubra","Cambodia; India; Indonesia; Lao People's Democratic Republic; Malaysia; Myanmar ); Philippines; Sri Lanka; Thailand; Viet Nam","169021","6562659","https://www.iucnredlist.org/species/pdf/6562659","NA"
"Nymphaea tetragona","Canada; China; Finland; India; Japan; Kazakhstan; Korea; Republic of; Mongolia; Myanmar; Russian Federation; Taiwan; Province of China; United States; Viet Nam","167890","6407237","https://www.iucnredlist.org/species/pdf/6407237","NA"
"Nymphoides indica","Bangladesh; Bhutan; Bosnia and Herzegovina; Botswana; Cameroon; China; Comoros; Côte d'Ivoire; Cuba; Djibouti; Estonia; Ethiopia; Gabon; Guinea-Bissau; India; Indonesia; Japan; Lao People's Democratic Republic; Liberia; Lithuania; Madagascar; Malawi; Mali; Mexico; Monaco; Mozambique; Namibia; Nepal; Panama; Philippines; Romania; South Africa; Spain; Sri Lanka; Switzerland; Taiwan; Province of China; Tanzania; United Republic of; Uganda; Viet Nam; Zambia; Zimbabwe","168916","120213259","https://www.iucnredlist.org/species/pdf/120213259","NA"
"Nymphoides peltata","Albania; Austria; Belarus; Belgium; Bosnia and Herzegovina; Bulgaria; Canada; China; Croatia; Czech Republic; France ); Germany; Greece ); Hong Kong; Hungary; India; Italy; Sardegna); Japan; Korea; Democratic People's Republic of; Republic of; Latvia; Liechtenstein; Lithuania; Luxembourg; Moldova; Mongolia; Montenegro; Netherlands; Poland; Portugal ); Romania; Russian Federation; Serbia; Slovakia; Slovenia; Spain ); Turkey; Ukraine ); United Kingdom","164309","42398483","https://www.iucnredlist.org/species/pdf/42398483","NA"
"Nypa fruticans","Australia; Bangladesh; Brunei Darussalam; Cambodia; China","178800","7610085","https://www.iucnredlist.org/species/pdf/7610085","NA"
"Ochetobius elongatus","China; Korea; Democratic People's Republic of; Republic of; Viet Nam","167008","1162900","https://www.iucnredlist.org/species/pdf/1162900","NA"
"Odontesthes bonariensis","Argentina; Uruguay","186711","1817222","https://www.iucnredlist.org/species/pdf/1817222","Brazil; Chile; Italy"
"Odontostilbe pulchra","Colombia ); Guyana; Trinidad and Tobago; Venezuela; Bolivarian Republic of )","175968320","175968556","https://www.iucnredlist.org/species/pdf/175968556","NA"
"Oliotius oligolepis","Indonesia","91063698","91063711","https://www.iucnredlist.org/species/pdf/91063711","NA"
"Omobranchus ferox","Australia; Cambodia; China; India; Indonesia; Japan; Malaysia; Mozambique; Myanmar; Papua New Guinea; Philippines; Singapore; South Africa; Sri Lanka; Taiwan; Province of China; Thailand; Viet Nam","196308","48358497","https://www.iucnredlist.org/species/pdf/48358497","United States"
"Oncorhynchus apache","United States","15316","4513009","https://www.iucnredlist.org/species/pdf/4513009","NA"
"Oncorhynchus chrysogaster","Mexico","142674122","145641611","https://www.iucnredlist.org/species/pdf/145641611","NA"
"Oncorhynchus clarkii","Canada; United States Native; Presence Uncertain: Russian Federation FAO Marine Fishing Areas: Native: Pacific - eastern central Native: Pacific - northeast","62224","18236728","https://www.iucnredlist.org/species/pdf/18236728","NA"
"Oncorhynchus gilae","United States","15318","4513215","https://www.iucnredlist.org/species/pdf/4513215","NA"
"Oncorhynchus gorbuscha","Canada; China; Greenland; Japan; Korea; Democratic People's Republic of; Russian Federation; United States","202636","18232679","https://www.iucnredlist.org/species/pdf/18232679","Iceland"
"Oncorhynchus keta","Canada; China; Japan; Korea; Democratic People's Republic of; Republic of; Russian Federation; United States","202637","18236268","https://www.iucnredlist.org/species/pdf/18236268","North; Pacific; Ocean."
"Oncorhynchus kisutch","Canada; Japan; Korea; Democratic People's Republic of; Republic of; Mexico; Russian Federation; United States FAO Marine Fishing Areas: Native: Arctic Sea Native: Pacific - eastern central Native: Pacific - northeast Native: Pacific - northwest","202638","18228780","https://www.iucnredlist.org/species/pdf/18228780","NA"
"Oncorhynchus masou","Japan; Korea; Democratic People's Republic of; Republic of; Russian Federation; Taiwan; Province of China","125852567","135772808","https://www.iucnredlist.org/species/pdf/135772808","NA"
"Oncorhynchus mykiss","Canada; Mexico; Russian Federation; United States FAO Marine Fishing Areas: Native: Arctic Sea Native: Pacific - eastern central Native: Pacific - northeast Native: Pacific - northwest","166481","18229476","https://www.iucnredlist.org/species/pdf/18229476","NA"
"Oncorhynchus nerka","Canada; Russian Federation; United States","135301","4071001","https://www.iucnredlist.org/species/pdf/4071001","NA"
"Oncorhynchus tshawytscha","Canada; Japan; Russian Federation; United States","202639","18231664","https://www.iucnredlist.org/species/pdf/18231664","NA"
"Ondatra zibethicus","Canada; United States","15324","22344525","https://www.iucnredlist.org/species/pdf/22344525","NA"
"Onoclea sensibilis","Canada; China; Japan; Russian Federation; United States","64319082","252954996","https://www.iucnredlist.org/species/pdf/252954996","Finland; France; Georgia; Germany; Sweden; United Kingdom"
"Ophisternon aenigmaticum","Belize; Costa Rica; Cuba; Guatemala; Honduras; Mexico","132675986","132675995","https://www.iucnredlist.org/species/pdf/132675995","NA"
"Ophisternon bengalense","Sri Lanka","166410","1131667","https://www.iucnredlist.org/species/pdf/1131667","NA"
"Opsariichthys bidens","China; Japan; Korea; Democratic People's Republic of; Republic of; Lao People's Democratic Republic; Viet Nam Native; Possibly","166883","159756381","https://www.iucnredlist.org/species/pdf/159756381","Turkmenistan; Uzbekistan"
"Opsariichthys uncirostris","Japan","156739457","156739682","https://www.iucnredlist.org/species/pdf/156739682","Japan"
"Orconectes immunis","Canada; United States (Alabama; Arkansas; Colorado; Idaho; Illinois; Indiana; Iowa; Kansas; Kentucky; Massachusetts -","153925","4564415","https://www.iucnredlist.org/species/pdf/4564415","NA"
"Orconectes juvenilis","United States","153954","4568495","https://www.iucnredlist.org/species/pdf/4568495","NA"
"Orconectes limosus","Canada; United States","153764","4541724","https://www.iucnredlist.org/species/pdf/4541724","Europe"
"Orconectes obscurus","United States (Maine -","153781","4544191","https://www.iucnredlist.org/species/pdf/4544191","NA"
"Orconectes rusticus","Canada (Ontario -","153835","4551760","https://www.iucnredlist.org/species/pdf/4551760","NA"
"Orconectes virilis","Canada; United States (Alabama -","153831","4551026","https://www.iucnredlist.org/species/pdf/4551026","NA"
"Oreochromis andersonii","Angola; Botswana; Namibia; Zambia; Zimbabwe","60623","12385801","https://www.iucnredlist.org/species/pdf/12385801","Nairobi; River"
"Oreochromis esculentus","Kenya; Tanzania; United Republic of; Uganda","15457","47182096","https://www.iucnredlist.org/species/pdf/47182096","Mozambique"
"Oreochromis jipe","Kenya; Tanzania; United Republic of","60628","47204252","https://www.iucnredlist.org/species/pdf/47204252","NA"
"Oreochromis karongae","Malawi; Mozambique; Tanzania; United Republic of","61293","148647939","https://www.iucnredlist.org/species/pdf/148647939","NA"
"Oreochromis leucostictus","Congo; The Democratic Republic of the; Uganda","60627","47204161","https://www.iucnredlist.org/species/pdf/47204161","Burundi; Kenya; Mozambique; Rwanda; Tanzania; United Republic of"
"Oreochromis macrochir","Angola; Botswana; Namibia; South Africa; Swaziland; Zambia; Zimbabwe","63336","12659168","https://www.iucnredlist.org/species/pdf/12659168","Zambezi; Kafue; Limpopo"
"Oreochromis mortimeri","Mozambique; Zambia; Zimbabwe","63337","12659594","https://www.iucnredlist.org/species/pdf/12659594","NA"
"Oreochromis mossambicus","Eswatini; Malawi; Mozambique; South Africa; Zambia; Zimbabwe","63338","174782954","https://www.iucnredlist.org/species/pdf/174782954","NA"
"Oreochromis mweruensis","Congo; The Democratic Republic of the; Zambia","60624","12386181","https://www.iucnredlist.org/species/pdf/12386181","NA"
"Oreochromis niloticus","Benin; Burkina Faso; Burundi; Cameroon; Central African Republic; Chad; Congo; The Democratic Republic of the; Côte d'Ivoire; Egypt; Ethiopia; Gambia; Ghana; Guinea; Israel; Kenya; Mali; Mauritania; Niger; Nigeria; Rwanda; Senegal; South Sudan; Sudan; Tanzania; United Republic of; Togo; Uganda","166975","244856058","https://www.iucnredlist.org/species/pdf/244856058","Bangladesh; Belgium; Bolivia; Plurinational States of; Botswana; Brazil; Brunei Darussalam; Cambodia; China; Colombia; Comoros; Congo; Costa Rica; Cuba; Cyprus; Czechia; Dominican Republic; Ecuador; El Salvador; Eritrea; Fiji; Gabon; Grenada; Guatemala; Guyana; Haiti; Honduras; Hong Kong; India; Indonesia; Iran; Islamic Republic of; Italy; Jamaica; Japan; Kiribati; Korea; Republic of; Lao People's Democratic Republic; Madagascar; Malaysia; Mauritius; Mexico; Myanmar; Nepal; Nicaragua; Pakistan; Panama; Peru; Philippines; Puerto Rico; Réunion; Saint
Lucia; Saint Vincent and the Grenadines; Sao Tome and Principe; Saudi Arabia; Singapore; Slovakia; South Africa; Sri Lanka; Syrian Arab Republic; Taiwan; Province of China; Thailand; Trinidad and Tobago; Tunisia; United Kingdom; United States; Viet Nam; Zambia; Zimbabwe"
"Oreochromis shiranus","Malawi; Mozambique; Tanzania; United Republic of","182001","148648160","https://www.iucnredlist.org/species/pdf/148648160","NA"
"Oreochromis spilurus","Kenya","181558","58326175","https://www.iucnredlist.org/species/pdf/58326175","NA"
"Oreochromis urolepis","Tanzania; United Republic of","181848","58327672","https://www.iucnredlist.org/species/pdf/58327672","NA"
"Orthodon microlepidotus","United States","202340","18235375","https://www.iucnredlist.org/species/pdf/18235375","NA"
"Oryzias javanicus","Indonesia; Malaysia; Singapore; Thailand; Viet Nam","89808701","176831024","https://www.iucnredlist.org/species/pdf/176831024","Sulawesi; Asia; Indonesia; Peninsular; Malaysia; Singapore; Thailand; Gulf; Viet; Nam; Phu; Quoc"
"Oryzias latipes","Japan","166979","1159322","https://www.iucnredlist.org/species/pdf/1159322","Japanese; Archipelago; Honshu; Island; Ryukyu; Islands; Hokkaido"
"Oryzias melastigma","Bangladesh; India","172408","6886249","https://www.iucnredlist.org/species/pdf/6886249","NA"
"Oryzias sinensis","China; Korea; Democratic People's Republic of; Republic of; Lao People's Democratic Republic; Myanmar ); Taiwan; Province of China ); Thailand","181312","1720540","https://www.iucnredlist.org/species/pdf/1720540","Asia; Mekong; Lao; PDR; Thailand; China; Ayeyarwaddy; Salween; Yuan; Jiang; Nanpang; Taiwan; Korea."
"Osmerus eperlanus","Belarus; Belgium; Denmark; Estonia; Finland; France ); Germany; Ireland; Latvia; Lithuania; Netherlands; Norway; Poland; Russian Federation; Sweden; United Kingdom  FAO Marine Fishing Areas: Native: Atlantic - northeast","15631","135090814","https://www.iucnredlist.org/species/pdf/135090814","NA"
"Osmerus mordax","Canada; United States","202413","18229730","https://www.iucnredlist.org/species/pdf/18229730","NA"
"Osmunda regalis","Albania; Algeria; Angola; Argentina; Bahamas; Belarus; Belgium; Bermuda; Brazil; Bulgaria; Burkina Faso; Burundi; Cameroon; Canada; Central African Republic; Colombia; Congo; The Democratic Republic of the; Costa Rica; Croatia; Cuba; Denmark; Ecuador; Equatorial Guinea ); Ethiopia; France ); Georgia; Germany; Greece; Kriti); Guatemala; Guinea; Hungary; India; Ireland; Italy; Sardegna; Sicilia); Jamaica; Kenya; Lebanon; Lesotho; Liberia; Luxembourg; Macedonia; the former Yugoslav Republic of; Madagascar; Malawi; Mali; Mauritius ); Mexico; Morocco; Mozambique; Netherlands; New Zealand; Nicaragua; Nigeria; Norway; Pakistan; Paraguay; Peru; Poland; Portugal ); Réunion; Rwanda; Saint Pierre and Miquelon; Sierra Leone; Slovenia; South Africa; Spain ); Sudan; Swaziland; Sweden; Switzerland; Tanzania; United Republic of; Tunisia; Turkey; Uganda; United Kingdom; United States; Uruguay; Venezuela; Bolivarian Republic of ); Zambia; Zimbabwe FAO Marine Fishing Areas: Native: Mediterranean and Black Sea -","164368","63306495","https://www.iucnredlist.org/species/pdf/63306495","NA"
"Osphronemus goramy","Cambodia; Indonesia (Jawa; Kalimantan; Sulawesi -","180720","89805140","https://www.iucnredlist.org/species/pdf/89805140","NA"
"Ossancora eigenmanni","Argentina; Bolivia; Plurinational States of; Brazil; Colombia; Paraguay; Peru; Venezuela; Bolivarian Republic of","49830412","53818308","https://www.iucnredlist.org/species/pdf/53818308","NA"
"Osteochilus vittatus","Cambodia; China; Indonesia; Lao People's Democratic Republic; Malaysia; Myanmar ); Thailand; Viet Nam","180750","89800935","https://www.iucnredlist.org/species/pdf/89800935","Hong Kong; Singapore; Southeast; Asia; Ayeyarwaddy; Salween; Sittaung; Myanmar; Mekong; Yunnan; China"
"Osteoglossum bicirrhosum","Bolivia; Plurinational States of; Brazil; Colombia; Ecuador; French Guiana; Guyana; Peru; Venezuela; Bolivarian Republic of","49830060","85282193","https://www.iucnredlist.org/species/pdf/85282193","China; Poland; Singapore; United States; Amazon"
"Osteoglossum ferreirai","Brazil; Colombia; Venezuela; Bolivarian Republic of","167687","160183419","https://www.iucnredlist.org/species/pdf/160183419","NA"
"Osteopilus septentrionalis","Bahamas; Cayman Islands; Cuba","55811","3032751","https://www.iucnredlist.org/species/pdf/3032751","Anguilla; Antigua and Barbuda; Costa Rica; Curaçao; Dominica; Jamaica; Puerto Rico; Saint Barthélemy; Saint Kitts and Nevis; Saint Lucia; Saint Martin; Saint
Vincent and the Grenadines; Sint Maarten; Turks and Caicos Islands; United States; Virgin Islands; British; U.S."
"Otopharynx lithobates","Malawi","61000","47227786","https://www.iucnredlist.org/species/pdf/47227786","NA"
"Ottelia alismoides","Australia; Bangladesh; Brunei Darussalam; China; Egypt; Hong Kong; India; Indonesia; Japan; Korea; Republic of; Libya; Malaysia; Nepal; Papua New Guinea ); Philippines; Singapore; Solomon Islands; Sri Lanka; Sudan; Taiwan; Province of China; Tanzania; United Republic of; Thailand; Viet Nam","164482","83999434","https://www.iucnredlist.org/species/pdf/83999434","Africa; Asia; Australia."
"Ottelia ulvifolia","Angola; Benin; Botswana; Burkina Faso; Cameroon; Central African Republic; Congo; The Democratic Republic of the; Côte d'Ivoire; Equatorial Guinea; Eritrea; Eswatini; Ethiopia; Gabon; Gambia; Ghana; Guinea-Bissau; Kenya; Madagascar; Malawi; Mali; Namibia; Niger; Nigeria; Senegal; Sierra Leone; South Africa; Sudan; Tanzania; United Republic of; Togo; Zambia","185699","120206436","https://www.iucnredlist.org/species/pdf/120206436","NA"
"Oxydoras niger","Bolivia; Plurinational States of; Brazil; Colombia ); Ecuador ); Guyana; Peru","187128","1823539","https://www.iucnredlist.org/species/pdf/1823539","Amazon; Andean"
"Oxyeleotris marmorata","Brunei Darussalam; Cambodia; Indonesia; Lao People's Democratic Republic; Malaysia; Philippines; Thailand; Viet Nam Present - origin uncertain: Hong Kong; Singapore; Taiwan; Province of China","181009","1688022","https://www.iucnredlist.org/species/pdf/1688022","NA"
"Oxyeleotris selheimi","Australia; Papua New Guinea","122913966","123382401","https://www.iucnredlist.org/species/pdf/123382401","Australia; Fitzroy; River; Western; Endeavour; Queensland; Papua; New; Guinea"
"Oxyura jamaicensis","Anguilla; Antigua and Barbuda; Bahamas; Barbados; Bermuda; Bonaire; Sint Eustatius and Saba; Canada; Cayman Islands; Cuba; Curaçao; Dominica; Dominican Republic; El Salvador; Guatemala; Haiti; Honduras; Jamaica; Martinique; Mexico; Montserrat; Nicaragua; Puerto Rico; Saint Kitts and Nevis; Saint Lucia; Saint Vincent and the Grenadines; Sint Maarten; Turks and Caicos Islands; United States; Virgin Islands; British; U.S.","22727750","132178041","https://www.iucnredlist.org/species/pdf/132178041","NA"
"Oxyura leucocephala","Afghanistan; Algeria; Armenia; Azerbaijan; Bulgaria; China; Cyprus; Georgia; Greece; India; Iran; Islamic Republic of; Iraq; Israel; Jordan; Kazakhstan; Kyrgyzstan; Mongolia; Morocco; Pakistan; Romania; Russian Federation; Spain; Syrian Arab Republic; Tajikistan; Tunisia; Turkey; Turkmenistan; Ukraine; Uzbekistan Regionally extinct: Hungary Vagrant: Albania; Austria; Belgium; Bosnia and Herzegovina; Denmark; Egypt; France; Germany; Italy; Libya; Malta; Netherlands; Poland; Portugal; Saudi Arabia; Slovakia; Slovenia; Switzerland Present - origin uncertain: Croatia; Macedonia; the former Yugoslav Republic of; Montenegro; Palestinian Territory; Occupied; Serbia","22679814","119403602","https://www.iucnredlist.org/species/pdf/119403602","NA"
"Oxyura maccoa","Angola; Botswana; Congo; The Democratic Republic of the; Eritrea; Ethiopia; Kenya; Lesotho; Namibia; Rwanda; South Africa; Tanzania; United Republic of; Uganda; Zimbabwe","22679820","181759055","https://www.iucnredlist.org/species/pdf/181759055","NA"
"Oxyura vittata","Argentina; Chile Native","22679824","189960778","https://www.iucnredlist.org/species/pdf/189960778","NA"
"Pachychilon macedonicum","Greece ); North Macedonia","39272","137281798","https://www.iucnredlist.org/species/pdf/137281798","NA"
"Pachychilon pictum","Albania; Greece ); Montenegro; North Macedonia; Serbia","15837","135091053","https://www.iucnredlist.org/species/pdf/135091053","France; Italy"
"Pachypanchax playfairii","Seychelles","57505709","58341186","https://www.iucnredlist.org/species/pdf/58341186","NA"
"Pachyurus bonariensis","Argentina; Brazil; Paraguay; Uruguay","187082","1822849","https://www.iucnredlist.org/species/pdf/1822849","NA"
"Pacifastacus leniusculus","Canada; United States (California -","153648","4526314","https://www.iucnredlist.org/species/pdf/4526314","NA"
"Padogobius bonelli","Croatia; Italy; Slovenia; Switzerland","41541","135096429","https://www.iucnredlist.org/species/pdf/135096429","NA"
"Palea steindachneri","China; Lao People's Democratic Republic; Viet Nam","15918","794203","https://www.iucnredlist.org/species/pdf/794203","Hong Kong; Mauritius; United States"
"Paleosuchus palpebrosus","Bolivia; Plurinational States of; Brazil; Colombia; Ecuador; French Guiana; Guyana; Paraguay; Peru; Suriname; Trinidad and Tobago; Venezuela; Bolivarian Republic of","46587","3009946","https://www.iucnredlist.org/species/pdf/3009946","NA"
"Paleosuchus trigonatus","Bolivia; Plurinational States of; Brazil; Colombia; Ecuador; French Guiana; Guyana; Peru; Suriname; Venezuela; Bolivarian Republic of","46588","3010035","https://www.iucnredlist.org/species/pdf/3010035","NA"
"Paludiscala caramba","Mexico","15930","5321770","https://www.iucnredlist.org/species/pdf/5321770","NA"
"Panaque nigrolineatus","Colombia ); Venezuela; Bolivarian Republic of )","18246613","176021252","https://www.iucnredlist.org/species/pdf/176021252","NA"
"Pangasianodon gigas","Cambodia; Lao People's Democratic Republic; Thailand; Viet Nam","15944","5324699","https://www.iucnredlist.org/species/pdf/5324699","NA"
"Pangasianodon hypophthalmus","Cambodia; Lao People's Democratic Republic; Thailand; Viet Nam","180689","7649971","https://www.iucnredlist.org/species/pdf/7649971","NA"
"Pangasius bocourti","Cambodia; China; Lao People's Democratic Republic; Thailand; Viet Nam","180848","1669669","https://www.iucnredlist.org/species/pdf/1669669","NA"
"Pangasius pangasius","Bangladesh; India; Myanmar ); Nepal; Pakistan","166404","6201771","https://www.iucnredlist.org/species/pdf/6201771","Pakistan; India; Bangladesh; Irrawaddy; River; Myanmar; Vidthayanon"
"Pangio kuhlii","Indonesia  Native; Presence Uncertain: China","91103716","91104048","https://www.iucnredlist.org/species/pdf/91104048","NA"
"Pantala hymenaea","Argentina; Aruba; Bahamas; Belize; Brazil; Canada; Cayman Islands; Chile; Colombia; Costa Rica; Cuba; Curaçao; Dominican Republic; Ecuador; Galápagos); Grenada; Guadeloupe; Guatemala; Haiti; Honduras; Jamaica; Martinique; Mexico; Nicaragua; Panama; Peru; Puerto Rico ); Saint Barthélemy; Saint Vincent and the Grenadines; Trinidad and Tobago; United States; Venezuela; Bolivarian Republic of; Virgin Islands; U.S.","49254542","65836149","https://www.iucnredlist.org/species/pdf/65836149","NA"
"Pantodon buchholzi","Benin; Cameroon; Central African Republic; Chad; Congo; The Democratic Republic of the; Gabon; Nigeria","183157","135016934","https://www.iucnredlist.org/species/pdf/135016934","NA"
"Panurus biarmicus","Afghanistan; Austria; Azerbaijan; Belarus; Belgium; Bulgaria; Croatia; Czechia; Denmark; Estonia; Finland; France; Germany; Greece; Hungary; Ireland; Italy; Kyrgyzstan; Latvia; Lithuania; Moldova; Netherlands; North Macedonia; Romania; Russian Federation; Slovakia; Spain; Sweden; Switzerland; Syrian Arab Republic; Tajikistan; Türkiye; Ukraine; United Kingdom Native","22716776","264585405","https://www.iucnredlist.org/species/pdf/264585405","NA"
"Parabramis pekinensis","China; Russian Federation","166024","1106692","https://www.iucnredlist.org/species/pdf/1106692","NA"
"Paracanthopoma parva","Brazil; Colombia ); Ecuador ); Guyana; Peru; Venezuela; Bolivarian Republic of )","49829739","160186219","https://www.iucnredlist.org/species/pdf/160186219","NA"
"Paracaridina zijinica","China","198065","2510568","https://www.iucnredlist.org/species/pdf/2510568","NA"
"Paracheirodon axelrodi","Brazil; Colombia; Venezuela; Bolivarian Republic of","164584363","164584373","https://www.iucnredlist.org/species/pdf/164584373","NA"
"Paracheirodon innesi","Brazil; Colombia; Peru","49829801","160186246","https://www.iucnredlist.org/species/pdf/160186246","NA"
"Paracheirodon simulans","Brazil; Colombia; Venezuela; Bolivarian Republic of","164584387","164584393","https://www.iucnredlist.org/species/pdf/164584393","NA"
"Parachondrostoma toxostoma","France ); Switzerland","4795","135084305","https://www.iucnredlist.org/species/pdf/135084305","NA"
"Parachromis dovii","Costa Rica ); Honduras ); Nicaragua )","159145817","159145827","https://www.iucnredlist.org/species/pdf/159145827","El Salvador; Honduras; Nicaragua; Costa; Rica."
"Parachromis managuensis","Costa Rica ); Honduras ); Nicaragua )","18243419","161824499","https://www.iucnredlist.org/species/pdf/161824499","Brazil; El Salvador; Guatemala; Mexico; Panama; Philippines; Singapore; United States"
"Parachromis motaguensis","El Salvador; Guatemala; Honduras )","161823981","161824584","https://www.iucnredlist.org/species/pdf/161824584","Mexico"
"Parambassis ranga","Bangladesh; Cambodia; India; Malaysia; Myanmar ); Nepal; Pakistan","180994","1686402","https://www.iucnredlist.org/species/pdf/1686402","NA"
"Parambassis siamensis","Cambodia; Lao People's Democratic Republic; Malaysia; Thailand; Viet Nam","181129","89797925","https://www.iucnredlist.org/species/pdf/89797925","Indonesia; Singapore"
"Paramesotriton labiatus","China","88384283","63868147","https://www.iucnredlist.org/species/pdf/63868147","NA"
"Parathelphusa bogorensis","Indonesia","134080","3891518","https://www.iucnredlist.org/species/pdf/3891518","NA"
"Parathelphusa pantherina","Indonesia","134415","109682928","https://www.iucnredlist.org/species/pdf/109682928","NA"
"Paratya compressa","Japan","197780","2499786","https://www.iucnredlist.org/species/pdf/2499786","NA"
"Paravandellia oxyptera","Argentina; Brazil; Paraguay","186382","1812201","https://www.iucnredlist.org/species/pdf/1812201","NA"
"Paravandellia phaneronema","Colombia","49829945","61473638","https://www.iucnredlist.org/species/pdf/61473638",""
"Parotocinclus maculicauda","Brazil","186741","1817684","https://www.iucnredlist.org/species/pdf/1817684","NA"
"Paspalum conjugatum","Colombia; Costa Rica; Hong Kong; India; Madagascar; Mexico; Sao Tomé and Principe; Taiwan; Province of China; United States (Hawaiian Is. -","177227","7394696","https://www.iucnredlist.org/species/pdf/7394696","NA"
"Paspalum distichum","Argentina; Bahamas; Bermuda; Bolivia; Plurinational States of; Brazil; Canada; Chile; Colombia; Costa Rica; Cuba; Dominican Republic; Ecuador; El Salvador; Guatemala; Haiti; Honduras; Jamaica; Mexico; Nicaragua; Paraguay; Peru; Puerto Rico; Suriname; Trinidad and Tobago; Turks and Caicos Islands; United States (Georgia -","169030","1266611","https://www.iucnredlist.org/species/pdf/1266611","NA"
"Paspalum vaginatum","Angola; Antigua and Barbuda; Argentina; Australia; Bahamas; Bahrain; Bangladesh; Belize; Benin; Bhutan; Bolivia; Plurinational States of; Brazil; Cabo Verde; Cambodia; Cameroon; Cayman Islands; Chile; China; Colombia; Congo; The Democratic Republic of the; Costa Rica; Côte d'Ivoire; Cuba; Ecuador; El Salvador; Equatorial Guinea ); French Guiana; Gambia; Ghana; Guadeloupe; Guatemala; Guyana; Honduras; Hong Kong; India; Indonesia; Japan; Kenya; Lao People's Democratic Republic; Madagascar; Malaysia; Maldives; Martinique; Mauritius ); Mexico; Mozambique; Myanmar; Namibia; Nepal; Nicaragua; Nigeria; Oman; Panama; Papua New Guinea ); Paraguay; Peru; Philippines; Puerto Rico ); Réunion; Saint Lucia; Saint Vincent and the Grenadines; Saudi Arabia; Senegal; Sierra Leone; Somalia; South Africa; Sri Lanka; Taiwan; Province of China; Tanzania; United Republic of; Thailand; Trinidad and Tobago; United Arab Emirates; United States (Alabama; Florida; Georgia; Hawaiian Is. -","177401","145841789","https://www.iucnredlist.org/species/pdf/145841789","NA"
"Peckoltia brevis","Bolivia; Plurinational States of; Brazil; Colombia; Peru; Venezuela; Bolivarian Republic of","49830058","160187649","https://www.iucnredlist.org/species/pdf/160187649","NA"
"Peckoltia vittata","Brazil","49829901","140644764","https://www.iucnredlist.org/species/pdf/140644764","NA"
"Pelecanus conspicillatus","Australia Native","22697608","265022422","https://www.iucnredlist.org/species/pdf/265022422","NA"
"Pelecanus crispus","Afghanistan; Albania; Armenia; Azerbaijan; Bulgaria; China; Egypt; Georgia; Greece; Hong Kong; India; Iran; Islamic Republic of; Iraq; Israel; Kazakhstan; Kyrgyzstan; Lebanon; Moldova; Mongolia; Montenegro; Pakistan; Romania; Russian Federation; Syrian Arab Republic; Tajikistan; Turkey; Turkmenistan; Ukraine; Uzbekistan Possibly extinct: Bangladesh Regionally extinct: Bosnia and Herzegovina; Croatia; Germany; Macedonia; the former Yugoslav Republic of","22697599","122838534","https://www.iucnredlist.org/species/pdf/122838534","NA"
"Pelecanus erythrorhynchos","Canada; United States Native","22697611","281856383","https://www.iucnredlist.org/species/pdf/281856383","NA"
"Pelecanus occidentalis","Anguilla; Antigua and Barbuda; Aruba; Bahamas; Barbados; Belize; Bermuda; Bonaire; Sint Eustatius and Saba; Brazil; Canada; Cayman Islands; Colombia; Costa Rica; Cuba; Curaçao; Dominica; Dominican Republic; Ecuador; El Salvador; French Guiana; Grenada; Guadeloupe; Guatemala; Guyana; Haiti; Honduras; Jamaica; Martinique; Mexico; Montserrat; Nicaragua; Panama; Peru; Puerto Rico; Saint Barthélemy; Saint Kitts and Nevis; Saint Lucia; Saint Martin; Saint Vincent and the Grenadines; Sint Maarten; Suriname; Trinidad and Tobago; Turks and Caicos Islands; United States; Venezuela; Bolivarian Republic of; Virgin Islands; British; U.S.","22733989","132663224","https://www.iucnredlist.org/species/pdf/132663224","NA"
"Pelecanus onocrotalus","Afghanistan; Azerbaijan; Bulgaria; Cameroon; Chad; Cyprus; Ethiopia; Greece; India; Iran; Islamic Republic of; Israel; Kuwait; Nigeria; North Macedonia; Pakistan; Romania; Russian Federation; Saudi Arabia; South Africa; Tanzania; United Republic of; Turkey; Turkmenistan; Ukraine Native","22697590","177120498","https://www.iucnredlist.org/species/pdf/177120498","NA"
"Pelecanus rufescens","Angola; Benin; Botswana; Burundi; Cameroon; Central African Republic; Chad; Congo; The Democratic Republic of the; Djibouti; Egypt; Eritrea; Ethiopia; Gabon; Gambia; Ghana; Guinea; Guinea-Bissau; Kenya; Liberia; Malawi; Mali; Mauritania; Mozambique; Namibia; Niger; Nigeria; Rwanda; Saudi Arabia; Sierra Leone; Somalia; South Africa; South Sudan; Sudan; Tanzania; United Republic of; Uganda; Yemen; Zambia; Zimbabwe Native","22697595","265010010","https://www.iucnredlist.org/species/pdf/265010010","NA"
"Pelecus cultratus","Austria; Azerbaijan; Belarus; Bulgaria; Croatia; Estonia; Finland; Georgia; Germany; Hungary; Iran; Islamic Republic of; Kazakhstan; Latvia; Lithuania; Moldova; Poland; Romania; Russian Federation; Serbia; Slovakia; Turkmenistan; Türkiye; Ukraine; Uzbekistan","16494","135091168","https://www.iucnredlist.org/species/pdf/135091168","NA"
"Pelmatolapia mariae","Benin; Cameroon; Côte d'Ivoire; Ghana; Guinea-Bissau; Nigeria","182470","58330749","https://www.iucnredlist.org/species/pdf/58330749","Australia; United States"
"Pelodiscus sinensis","China; Japan; Taiwan; Province of China; Viet Nam","39620","97401140","https://www.iucnredlist.org/species/pdf/97401140","NA"
"Pelophylax bedriagae","Bulgaria; Egypt; Greece; Iran; Islamic Republic of; Israel; Jordan; Lebanon; Palestine; State of; Syrian Arab Republic; Turkey  Native; Presence Uncertain: Iraq","58893474","173829632","https://www.iucnredlist.org/species/pdf/173829632","Malta; Maltese; Islands; Gozo; Schembri; N."
"Pelophylax kurtmuelleri","Albania; Bulgaria; Greece ) Native; Presence Uncertain: Montenegro","58637","229003815","https://www.iucnredlist.org/species/pdf/229003815","France; Italy; Sardegna; Russian
Federation; Slovenia; Switzerland"
"Pelophylax lessonae","Austria; Belarus; Belgium; Bosnia and Herzegovina; Bulgaria; Croatia; Czechia; Denmark; Estonia; Finland; France ); Germany; Hungary; Italy; Sardegna; Sicilia); Latvia; Liechtenstein; Lithuania; Luxembourg; Moldova; Netherlands; Norway; Poland; Romania; Russian Federation; Serbia; Slovakia; Slovenia; Sweden; Switzerland; Ukraine","88416883","207983513","https://www.iucnredlist.org/species/pdf/207983513","Spain"
"Pelophylax nigromaculatus","China; Japan; Korea; Democratic People's Republic of; Republic of; Russian Federation","58679","63862076","https://www.iucnredlist.org/species/pdf/63862076","China; Japan; Turkmenistan"
"Pelophylax perezi","France ); Portugal ); Spain )","58692","227226945","https://www.iucnredlist.org/species/pdf/227226945","Portugal; Spain; United
Kingdom"
"Pelophylax ridibundus","Afghanistan; Armenia; Austria; Azerbaijan; Bahrain; Belarus; Bosnia and Herzegovina; Bulgaria; Croatia; Czechia; Denmark; France ); Georgia; Germany; Greece ); Hungary; Iran; Islamic Republic of; Kazakhstan; Kyrgyzstan; Latvia; Lithuania; Moldova; Montenegro; Netherlands; North Macedonia; Poland; Romania; Russian Federation; Saudi Arabia; Serbia; Slovakia; Slovenia; Tajikistan; Turkmenistan; Türkiye; Ukraine; Uzbekistan","58705","63864334","https://www.iucnredlist.org/species/pdf/63864334","Belgium; Estonia; Isle of Man; Russian Federation; Spain; Switzerland; United Kingdom"
"Pelusios subniger","Botswana; Burundi; Cameroon; Central African Republic; Congo; The Democratic Republic of the; Gambia; Madagascar; Mozambique; Sao Tomé and Principe; Seychelles; Tanzania; United Republic of; Zambia; Zimbabwe","41602","97386507","https://www.iucnredlist.org/species/pdf/97386507","NA"
"Pelvicachromis pulcher","Benin; Cameroon; Nigeria","182905","58332967","https://www.iucnredlist.org/species/pdf/58332967","NA"
"Perca flavescens","Canada; United States","202567","18235054","https://www.iucnredlist.org/species/pdf/18235054","NA"
"Perca fluviatilis","Albania; Armenia; Austria; Azerbaijan; Belarus; Belgium; Bosnia and Herzegovina; Bulgaria; China; Croatia; Czechia; Denmark; Estonia; Finland; France ); Georgia; Germany; Greece ); Hungary; Iran; Islamic Republic of; Kazakhstan; Kyrgyzstan; Latvia; Liechtenstein; Lithuania; Luxembourg; Moldova; Monaco; Mongolia; Montenegro; Netherlands; North Macedonia; Norway; Poland; Romania; Russian Federation; Serbia; Slovakia; Slovenia; Sweden; Switzerland; Tajikistan; Turkmenistan; Türkiye; Ukraine; United Kingdom; Uzbekistan","16580","58297645","https://www.iucnredlist.org/species/pdf/58297645","Australia; China; Cyprus; France; Ireland; Italy; Sardegna; Sicilia; Morocco; New Zealand; Portugal; Russian Federation; South Africa; Spain; Türkiye; United Kingdom"
"Perca schrenkii","China; Kazakhstan","40709","156765012","https://www.iucnredlist.org/species/pdf/156765012","Kyrgyzstan; Uzbekistan"
"Percarina demidoffii","Moldova; Romania; Ukraine FAO Marine Fishing Areas: Native: Mediterranean and Black Sea","40710","137282016","https://www.iucnredlist.org/species/pdf/137282016","NA"
"Perccottus glenii","China; Russian Federation","159715238","159715260","https://www.iucnredlist.org/species/pdf/159715260","Russian Federation"
"Percina caprodes","Canada; United States","202572","18231706","https://www.iucnredlist.org/species/pdf/18231706","NA"
"Percina macrolepida","Mexico; United States","193260","130030891","https://www.iucnredlist.org/species/pdf/130030891","NA"
"Percina maculata","Canada; United States","202583","18231266","https://www.iucnredlist.org/species/pdf/18231266","NA"
"Percina nigrofasciata","United States","202585","18232298","https://www.iucnredlist.org/species/pdf/18232298","NA"
"Percina notogramma","United States","202586","18233565","https://www.iucnredlist.org/species/pdf/18233565","NA"
"Percina peltata","United States","202589","18235862","https://www.iucnredlist.org/species/pdf/18235862","NA"
"Percina roanoka","United States","202591","18236749","https://www.iucnredlist.org/species/pdf/18236749","NA"
"Percina shumardi","Canada; United States","202593","18234970","https://www.iucnredlist.org/species/pdf/18234970","NA"
"Percina tanasi","United States","16595","19033649","https://www.iucnredlist.org/species/pdf/19033649","NA"
"Percopsis omiscomaycus","Canada; United States","202613","18236961","https://www.iucnredlist.org/species/pdf/18236961","NA"
"Petenia splendida","Belize; Guatemala; Mexico","192902","2179764","https://www.iucnredlist.org/species/pdf/2179764","NA"
"Pethia conchonius","Afghanistan; Bangladesh; India; Nepal; Pakistan","166646","70081880","https://www.iucnredlist.org/species/pdf/70081880","NA"
"Pethia gelius","Bangladesh; India","166577","70088575","https://www.iucnredlist.org/species/pdf/70088575","NA"
"Pethia nigrofasciata","Sri Lanka","18895","174840894","https://www.iucnredlist.org/species/pdf/174840894","NA"
"Petitella bleheri","Brazil; Colombia; Venezuela; Bolivarian Republic of","164583297","164583301","https://www.iucnredlist.org/species/pdf/164583301","NA"
"Petitella georgiae","Brazil; Colombia ); Ecuador ); Peru","49829663","160188179","https://www.iucnredlist.org/species/pdf/160188179","Amazon; Mahnert; Lima"
"Petroleuciscus borysthenicus","Bulgaria; Georgia; Greece ); Moldova; Romania; Russian Federation; Türkiye; Ukraine","61395","135104971","https://www.iucnredlist.org/species/pdf/135104971","NA"
"Petromyzon marinus","Albania; Algeria; Belgium; Bosnia and Herzegovina; Canada; Croatia; Denmark; Estonia; Faroe Islands; Finland; France ); Germany; Gibraltar; Greece ); Iceland; Ireland; Isle of Man; Italy; Sardegna; Sicilia); Latvia; Lithuania;","16781","58298056","https://www.iucnredlist.org/species/pdf/58298056","United States"
"Pettancylus clessinianus","Egypt; Ethiopia; Kenya; Uganda Native; Presence Uncertain: Italy","155476","187683618","https://www.iucnredlist.org/species/pdf/187683618","NA"
"Phalacrocorax carbo","Afghanistan; Albania; Algeria; Angola; Armenia; Australia; Austria; Azerbaijan; Bahrain; Bangladesh; Belarus; Belgium; Bermuda; Bhutan; Bosnia and Herzegovina; Botswana; Brunei Darussalam; Bulgaria; Burundi; Cambodia; Cameroon; Canada; Chad; China; Congo; The Democratic Republic of the; Croatia; Cyprus; Czechia; Denmark; Egypt; Eritrea; Estonia; Eswatini; Ethiopia; Faroe Islands; Finland; France; Gambia; Georgia; Germany; Gibraltar; Greece; Greenland; Guinea; Guinea-Bissau; Hong Kong; Hungary; Iceland; India; Indonesia; Iran; Islamic Republic of; Iraq; Ireland; Israel; Italy; Japan; Jordan; Kazakhstan; Kenya; Korea; Democratic People's Republic of; Republic of; Kuwait; Kyrgyzstan; Lao People's Democratic Republic; Latvia; Lebanon; Lesotho; Libya; Lithuania; Luxembourg; Malawi; Malaysia; Malta; Mauritania; Moldova; Mongolia; Montenegro; Morocco; Mozambique; Myanmar; Namibia; Nepal; Netherlands; New Caledonia; New Zealand; Nigeria; North Macedonia; Norway; Oman; Pakistan; Palestine; State of; Philippines; Poland; Portugal; Qatar; Romania; Russian Federation; Rwanda; Saint Pierre and Miquelon; Saudi Arabia; Senegal; Serbia; Slovakia; Slovenia; Solomon Islands; Somalia; South Africa; South Sudan; Spain; Sri Lanka; Sudan; Sweden; Switzerland; Syrian Arab Republic; Taiwan; Province of China; Tajikistan; Tanzania; United Republic of; Thailand; Tunisia; Turkey; Turkmenistan; Uganda; Ukraine; United Arab Emirates; United Kingdom; United States; Uzbekistan; Viet Nam; Western Sahara; Yemen; Zambia; Zimbabwe Vagrant: Benin; Cabo Verde; Christmas Island; Liberia; Liechtenstein; Micronesia; Federated States of; Norfolk Island; Northern Mariana Islands; Papua New Guinea; Seychelles Present - origin uncertain: Guam","22696792","155523636","https://www.iucnredlist.org/species/pdf/155523636","NA"
"Phalloceros caudimaculatus","Argentina; Brazil; Uruguay","186909","1820204","https://www.iucnredlist.org/species/pdf/1820204","NA"
"Phallotorynus victoriae","Argentina; Brazil; Paraguay","186594","1815467","https://www.iucnredlist.org/species/pdf/1815467","NA"
"Phenacobius mirabilis","United States","191291","18232994","https://www.iucnredlist.org/species/pdf/18232994","NA"
"Phenacogrammus interruptus","Congo; The Democratic Republic of the","167968","6428241","https://www.iucnredlist.org/species/pdf/6428241","NA"
"Philypnodon grandiceps","Australia","123359847","123382886","https://www.iucnredlist.org/species/pdf/123382886","NA"
"Phoeniconaias minor","Angola; Botswana; Burundi; Cameroon; Congo; The Democratic Republic of the; Djibouti; Eritrea; Ethiopia; Gabon; Gambia; Guinea; Guinea-Bissau; India; Kenya; Lesotho; Madagascar; Malawi; Mauritania; Mozambique; Namibia; Pakistan; Senegal; Sierra Leone; South Africa; Tanzania; United Republic of; Uganda; Yemen; Zambia; Zimbabwe Vagrant: Afghanistan; Chad; Comoros; Egypt; Eswatini; Ghana; Iran; Islamic Republic of; Mauritius; Morocco; Niger; Nigeria; Oman; Réunion; Rwanda; Sao Tome and Principe; Saudi Arabia; Somalia; Spain; Sri Lanka; United Arab Emirates Present - origin uncertain: Sudan","22697369","129912906","https://www.iucnredlist.org/species/pdf/129912906","NA"
"Phoenicopterus chilensis","Argentina; Bolivia; Plurinational States of; Brazil; Chile; Ecuador; Paraguay; Peru; Uruguay Vagrant: Falkland Islands","22697365","132068236","https://www.iucnredlist.org/species/pdf/132068236","NA"
"Phoenicopterus roseus","Afghanistan; Algeria; Angola; Armenia; Azerbaijan; Bahrain; Bangladesh; Botswana; Burundi; Cabo Verde; Cambodia; Comoros; Cyprus; Djibouti; Egypt; Eritrea; Ethiopia; France; Gambia; Gibraltar; Greece; Guinea; Guinea-Bissau; India; Iran; Islamic Republic of; Iraq; Israel; Italy; Jordan; Kazakhstan; Kenya; Kuwait; Lebanon; Libya; Madagascar; Malawi; Maldives; Mauritania; Mayotte; Morocco; Mozambique; Namibia; Nepal; North Macedonia; Oman; Pakistan; Palestine; State of; Portugal; Qatar; Russian Federation; Sao Tome and Principe; Saudi Arabia; Senegal; Seychelles; Sierra Leone; Slovenia; Somalia; South Africa; Spain; Sri Lanka; Sudan; Syrian Arab Republic; Tanzania; United Republic of; Tunisia; Turkey; Turkmenistan; Uganda; United Arab Emirates; Uzbekistan; Western Sahara; Yemen; Zambia; Zimbabwe Vagrant: Austria; Belarus; Belgium; Bulgaria; Cameroon; China; Cocos  Islands; Congo; The Democratic Republic of the; Croatia; Czechia; Denmark; Equatorial Guinea; Eswatini; Finland; Germany; Hungary; Kyrgyzstan; Latvia; Lesotho; Malta; Mauritius; Mongolia; Montenegro; Niger; Norway; Poland; Réunion; Romania; Serbia; Slovakia; Sweden; Switzerland; Tajikistan","22697360","155527405","https://www.iucnredlist.org/species/pdf/155527405","NA"
"Phoenicopterus ruber","Aruba; Bahamas; Bonaire; Sint Eustatius and Saba; Colombia; Cuba; Curaçao; Dominican Republic; Ecuador; Guyana; Haiti; Suriname; Trinidad and Tobago; Turks and Caicos Islands; United States; Venezuela; Bolivarian Republic of Native","22729706","138951737","https://www.iucnredlist.org/species/pdf/138951737","NA"
"Phoxinus bigerri","France ); Spain )","135542","137283161","https://www.iucnredlist.org/species/pdf/137283161","NA"
"Phoxinus phoxinus","Belgium; France ); Germany; Luxembourg; Netherlands;","17067","135091520","https://www.iucnredlist.org/species/pdf/135091520","France; Ireland; United Kingdom"
"Phoxinus septimaniae","France ); Switzerland","135517","137283028","https://www.iucnredlist.org/species/pdf/137283028","Germany; Italy"
"Phractocephalus hemioliopterus","Bolivia; Plurinational States of; Brazil; Colombia; Ecuador; Guyana; Peru; Venezuela; Bolivarian Republic of","49829751","160188920","https://www.iucnredlist.org/species/pdf/160188920","NA"
"Phragmites australis","Afghanistan; Albania; Algeria; American Samoa; Andorra; Angola; Anguilla; Antigua and Barbuda; Argentina; Armenia; Aruba; Australia; Austria; Azerbaijan; Bahamas; Bahrain; Bangladesh; Barbados; Belarus; Belgium; Belize; Benin; Bermuda; Bhutan; Bolivia; Plurinational States of; Bonaire; Sint Eustatius and Saba; Bosnia and Herzegovina; Botswana; Bouvet Island; Brazil; British Indian Ocean Territory; Brunei Darussalam; Bulgaria; Burkina Faso; Burundi; Cabo Verde; Cambodia; Cameroon; Canada; Cayman Islands; Central African Republic; Chad; Chile; China; Christmas Island; Cocos  Islands; Colombia; Comoros; Congo; The Democratic Republic of the; Costa Rica; Croatia; Cuba; Curaçao; Cyprus; Czechia; Côte d'Ivoire; Denmark; Disputed Territory; Djibouti; Dominica; Dominican Republic; Ecuador; Egypt; El Salvador; Equatorial Guinea; Eritrea; Estonia; Eswatini; Ethiopia; Falkland Islands; Faroe Islands; Fiji; Finland; France; French Guiana; French Polynesia; French Southern Territories; Gabon; Gambia; Georgia; Germany; Ghana; Gibraltar; Greece; Greenland; Grenada; Guadeloupe; Guam; Guatemala; Guernsey; Guinea; Guinea-Bissau; Guyana; Haiti; Heard Island and McDonald Islands; Holy See; Honduras; Hong Kong; Hungary; Iceland; India; Indonesia; Iran; Islamic Republic of; Iraq; Ireland; Isle of Man; Israel; Italy; Jamaica; Japan; Jersey; Jordan; Kazakhstan; Kenya; Kiribati; Korea; Democratic People's Republic of; Republic of; Kuwait; Kyrgyzstan; Lao People's Democratic Republic; Latvia; Lebanon; Lesotho; Liberia; Libya; Liechtenstein; Lithuania; Luxembourg; Macao; Madagascar; Malawi; Malaysia; Maldives; Mali; Malta; Marshall Islands; Martinique; Mauritania; Mauritius; Mayotte; Mexico; Micronesia; Federated States of; Moldova; Monaco; Mongolia; Montenegro; Montserrat; Morocco; Mozambique; Myanmar; Namibia; Nauru; Nepal; Netherlands; Nicaragua; Niger; Nigeria; Niue; Norfolk Island; North Macedonia; Northern Mariana Islands; Norway; Oman; Pakistan; Palau; Palestine; State of; Panama; Papua New Guinea; Paraguay; Peru; Philippines; Pitcairn; Poland; Portugal; Puerto Rico; Qatar;","164494","140439343","https://www.iucnredlist.org/species/pdf/140439343","Cook Islands; New Caledonia; New Zealand; United States"
"Phyla nodiflora","Afghanistan; Algeria; Angola; Argentina; Bahamas; Belize; Bermuda; Bolivia; Plurinational States of; Botswana; Brazil; Burundi; Cayman Islands; Central African Republic; Chad; Chile; China; Colombia; Comoros; Congo; The Democratic Republic of the; Costa Rica; Cuba; Dominican Republic; Ecuador; Egypt; El Salvador; Eritrea; Eswatini; Ethiopia; Ghana; Guadeloupe; Guam; Guatemala; Guinea-Bissau; Haiti; Honduras; Hong Kong; India; Iran; Islamic Republic of; Iraq; Israel; Jamaica; Japan; Jordan; Kenya; Lebanon; Madagascar; Malawi; Mali; Martinique; Mauritania; Mauritius; Mexico; Morocco; Mozambique; Namibia; Nepal; New Caledonia; Nicaragua; Oman; Pakistan; Panama; Peru; Réunion; Saudi Arabia; Senegal; Seychelles; Somalia; South Africa; South Sudan; Sri Lanka; Sudan; Syrian Arab Republic; Taiwan; Province of China; Tanzania; United Republic of; Trinidad and Tobago; Tunisia; Turkey; Turks and Caicos Islands; Uganda; United States; Uruguay; Venezuela; Bolivarian Republic of; Yemen; Zambia; Zimbabwe","164053","67789742","https://www.iucnredlist.org/species/pdf/67789742","NA"
"Physa fontinalis","Albania; Austria; Belgium; Bulgaria; Canada; Croatia; Czech Republic; Denmark; Estonia; Finland; France ); Germany; Hungary; Iran; Islamic Republic of; Ireland; Italy ); Latvia; Liechtenstein; Lithuania; Luxembourg; Macedonia; the former Yugoslav Republic of; Montenegro; Netherlands; Norway; Poland; Romania; Russian Federation; Serbia; Slovakia; Slovenia; Spain ); Sweden; Switzerland; Turkey; Ukraine ); United Kingdom","156120","4903350","https://www.iucnredlist.org/species/pdf/4903350","Palearctic"
"Physella acuta","Canada; Saint Pierre and Miquelon; United States","155538","91354457","https://www.iucnredlist.org/species/pdf/91354457","NA"
"Physella gyrina","Canada; Mexico; United States","156003","739164","https://www.iucnredlist.org/species/pdf/739164","NA"
"Piaractus brachypomus","Bolivia; Plurinational States of; Brazil; Colombia ); Ecuador ); Peru","49830515","85567324","https://www.iucnredlist.org/species/pdf/85567324","Bangladesh; Cambodia; Canada; Indonesia; Malaysia; Poland; Thailand; United States; Viet Nam"
"Piaractus mesopotamicus","Argentina; Bolivia; Plurinational States of; Brazil; Paraguay Native; Possibly Extinct: Uruguay","186593","1815452","https://www.iucnredlist.org/species/pdf/1815452","Paraguay; Paraná; Brazil; Argentina; Bolivia; Paraguay."
"Piaractus orinoquensis","Colombia ); Venezuela; Bolivarian Republic of )","176121076","176121083","https://www.iucnredlist.org/species/pdf/176121083","Colombia; Venezuela.; Orinoco; Venezuela"
"Pila globosa","Argentina; Bangladesh; Bolivia; Plurinational States of; Brazil; Canada; Chile; Colombia; Ecuador; Falkland Islands; French Guiana; Guyana; India; Nepal; Paraguay; Peru; Saint Pierre and Miquelon; Sri Lanka; Suriname; United States; Uruguay; Venezuela; Bolivarian Republic of","166694","6261849","https://www.iucnredlist.org/species/pdf/6261849","NA"
"Pila polita","Cambodia; China; Lao People's Democratic Republic; Myanmar; Thailand; Viet Nam","166298","1128915","https://www.iucnredlist.org/species/pdf/1128915","Asia; Least; Concern."
"Pila scutata","India; Indonesia; Malaysia; Myanmar ); Philippines; Singapore; Thailand","184853","1757771","https://www.iucnredlist.org/species/pdf/1757771","Asia; Thailand"
"Pilsbryoconcha exilis","Cambodia; Indonesia; Lao People's Democratic Republic; Malaysia; Thailand; Viet Nam","171874","6808653","https://www.iucnredlist.org/species/pdf/6808653","Least; Concern; Southeast; Asia."
"Pimelodus blochii","Bolivia; Plurinational States of; Brazil; Colombia; Ecuador; French Guiana; Guyana; Peru; Suriname; Venezuela; Bolivarian Republic of","49829783","91630794","https://www.iucnredlist.org/species/pdf/91630794","NA"
"Pimelodus fur","Brazil","187281","1825834","https://www.iucnredlist.org/species/pdf/1825834","NA"
"Pimelodus maculatus","Argentina; Brazil; Uruguay","187146","1823809","https://www.iucnredlist.org/species/pdf/1823809","NA"
"Pimelodus ornatus","Argentina; Bolivia; Plurinational States of; Brazil; Colombia; Ecuador; French Guiana; Guyana; Paraguay; Peru; Suriname; Venezuela; Bolivarian Republic of","49830062","91630844","https://www.iucnredlist.org/species/pdf/91630844","NA"
"Pimelodus pictus","Bolivia; Plurinational States of; Brazil; Colombia; Peru; Venezuela; Bolivarian Republic of","49830167","91630913","https://www.iucnredlist.org/species/pdf/91630913","NA"
"Pimephales notatus","Canada; United States","202346","18230847","https://www.iucnredlist.org/species/pdf/18230847","NA"
"Pimephales promelas","Canada; Mexico; United States","191292","130031376","https://www.iucnredlist.org/species/pdf/130031376","NA"
"Pimephales tenellus","United States","202347","18236120","https://www.iucnredlist.org/species/pdf/18236120","NA"
"Pimephales vigilax","Mexico; United States","191293","130031492","https://www.iucnredlist.org/species/pdf/130031492","NA"
"Pipa pipa","Bolivia; Plurinational States of; Brazil; Colombia ); Ecuador ); French Guiana; Guyana; Peru; Suriname; Trinidad and Tobago; Venezuela; Bolivarian Republic of ) Native; Possibly","58163","85900348","https://www.iucnredlist.org/species/pdf/85900348","NA"
"Pistia stratiotes","Afghanistan; Angola; Antigua and Barbuda; Argentina; Australia; Bangladesh; Belize; Benin; Bolivia; Plurinational States of; Botswana; Brazil; Brunei Darussalam; Burkina Faso; Burundi; Cambodia; Cameroon; Canada; Central African Republic; Chad; China; Colombia; Comoros; Congo; The Democratic Republic of the; Costa Rica; Côte d'Ivoire;","168937","120126770","https://www.iucnredlist.org/species/pdf/120126770","NA"
"Placidochromis electra","Malawi; Mozambique","60981","148666600","https://www.iucnredlist.org/species/pdf/148666600","NA"
"Plagiognathops microlepis","China; Russian Federation  Native; Possibly","166128","159756698","https://www.iucnredlist.org/species/pdf/159756698","NA"
"Plagioscion squamosissimus","Argentina; Bolivia; Plurinational States of; Brazil; Colombia; Ecuador; French Guiana; Guyana; Suriname; Venezuela; Bolivarian Republic of","186333","1811466","https://www.iucnredlist.org/species/pdf/1811466","Paraguay; Uruguay"
"Plagioscion surinamensis","Bolivia; Plurinational States of; Brazil","140650895","140650929","https://www.iucnredlist.org/species/pdf/140650929","NA"
"Plagopterus argentissimus","United States","17468","19034295","https://www.iucnredlist.org/species/pdf/19034295","NA"
"Planiliza subviridis","American Samoa; Australia; Bahrain; Bangladesh; Brunei Darussalam; Cambodia; China; Eritrea; Fiji; French Polynesia; India; Indonesia; Iran; Islamic Republic of; Iraq; Japan; Kuwait; Malaysia; Mauritius; Rodrigues); Myanmar; New Caledonia; Oman; Pakistan; Papua New Guinea; Philippines; Qatar; Réunion; Samoa; Saudi Arabia; Singapore; Solomon Islands; South Africa; Sri Lanka; Sudan; Taiwan; Province of China ); Thailand; Timor-Leste; Tonga; Vanuatu; Viet Nam; Yemen Native; Presence Uncertain: United Arab Emirates","197050","2478575","https://www.iucnredlist.org/species/pdf/2478575","Portugal; Indo-Pacific; ITIS; Catalogue; Life; Binohlan; Casal; Ocean; Biodiversity; Information; System"
"Planorbarius corneus","Albania; Armenia; Austria; Azerbaijan; Belgium; Bosnia and Herzegovina; Bulgaria; Croatia; Czech Republic; Denmark; Estonia; Finland; France ); Germany; Greece ); Guernsey; Hungary; Iran; Islamic Republic of; Ireland; Isle of Man; Italy ); Jersey; Kazakhstan; Latvia; Liechtenstein; Lithuania; Luxembourg; Macedonia; the former Yugoslav Republic of; Montenegro; Netherlands; Norway; Poland; Portugal; Romania; Russian Federation; Serbia; Slovakia; Slovenia; Spain; Sweden; Switzerland; Turkey; Turkmenistan; Ukraine ); United Kingdom; Uzbekistan","156083","4889234","https://www.iucnredlist.org/species/pdf/4889234","NA"
"Planorbella trivolvis","Canada; Ecuador; Peru; United States","189351","58581999","https://www.iucnredlist.org/species/pdf/58581999","NA"
"Platalea alba","Angola; Botswana; Burkina Faso; Burundi; Cameroon; Central African Republic; Chad; Congo; The Democratic Republic of the; Côte d'Ivoire; Djibouti; Eritrea; Eswatini; Ethiopia; Gabon; Gambia; Ghana; Guinea; Guinea-Bissau; Kenya; Lesotho; Liberia; Madagascar; Malawi; Mali; Mauritania; Mozambique; Namibia; Niger; Nigeria; Rwanda; Senegal; Sierra Leone; Somalia; South Africa; South Sudan; Sudan; Tanzania; United Republic of; Uganda; Zambia; Zimbabwe","22697564","264974451","https://www.iucnredlist.org/species/pdf/264974451","NA"
"Platichthys flesus","Albania; Belgium; Bosnia and Herzegovina; Bulgaria; Croatia; Denmark; Estonia; Finland; France ); Georgia; Germany; Gibraltar; Greece ); Ireland; Isle of Man; Italy; Sardegna; Sicilia); Jersey; Latvia; Lithuania; Monaco; Montenegro; Morocco; Netherlands; Norway; Poland; Portugal ); Romania; Russian Federation; Slovenia; Spain; Spanish North African Territories); Sweden; United Kingdom","170759990","135112220","https://www.iucnredlist.org/species/pdf/135112220","Azerbaijan; Iran; Islamic Republic of; Kazakhstan; Russian Federation"
"Platydoras armatulus","Argentina; Bolivia; Plurinational States of; Brazil; Colombia; Guyana; Paraguay; Peru; Suriname; Venezuela; Bolivarian Republic of","202699","2747107","https://www.iucnredlist.org/species/pdf/2747107","NA"
"Platydoras costatus","French Guiana; Suriname","49830101","176003778","https://www.iucnredlist.org/species/pdf/176003778","NA"
"Platygobio gracilis","Canada; United States","202349","18229180","https://www.iucnredlist.org/species/pdf/18229180","NA"
"Plecoglossus altivelis","China; Hong Kong; Japan; Korea; Democratic People's Republic of; Republic of; Viet Nam","62222","3110058","https://www.iucnredlist.org/species/pdf/3110058","NA"
"Plectrochilus diabolicus","Bolivia; Plurinational States of; Brazil; Peru","49829667","160259532","https://www.iucnredlist.org/species/pdf/160259532","NA"
"Plectrochilus machadoi","Bolivia; Plurinational States of; Brazil; Colombia ); Peru","49830129","160259548","https://www.iucnredlist.org/species/pdf/160259548","NA"
"Plectrochilus wieneri","Ecuador","167655","53828798","https://www.iucnredlist.org/species/pdf/53828798","NA"
"Plectropterus gambensis","Angola; Benin; Botswana; Burkina Faso; Burundi; Cameroon; Central African Republic; Chad; Congo; The Democratic Republic of the; Côte d'Ivoire; Equatorial Guinea; Eswatini; Ethiopia; Gabon; Gambia; Ghana; Guinea; Guinea-Bissau; Kenya; Lesotho; Liberia; Malawi; Mali; Mauritania; Mozambique; Namibia; Niger; Nigeria; Rwanda; Senegal; Sierra Leone; South Africa; Sudan; Tanzania; United Republic of; Togo; Uganda; Zimbabwe Native","22680057","154248872","https://www.iucnredlist.org/species/pdf/154248872","NA"
"Plegadis falcinellus","Albania; Angola; Anguilla; Antigua and Barbuda; Aruba; Azerbaijan; Bahamas; Bangladesh; Barbados; Benin; Bermuda; Botswana; Bulgaria; Burkina Faso; Burundi; Cambodia; Cameroon; Cayman Islands; Central African Republic; Chad; China; Colombia; Congo; The Democratic Republic of the; Costa Rica; Cuba; Côte d'Ivoire; Djibouti; Dominica; Dominican Republic; Ecuador; Egypt; Eritrea; Eswatini; Ethiopia; France; Gabon; Gambia; Ghana; Greece; Guadeloupe; Guinea-Bissau; Haiti; Honduras; India; Indonesia; Iran; Islamic Republic of; Iraq; Israel; Italy; Kenya; Lebanon; Liberia; Libya; Luxembourg; Madagascar; Malawi; Malaysia; Mali; Malta; Martinique; Mauritania; Mexico; Montserrat; Morocco; Mozambique; Myanmar; Namibia; Nepal; Niger; Nigeria; North Macedonia; Oman; Pakistan; Panama; Papua New Guinea; Philippines; Portugal; Puerto Rico; Qatar; Romania; Russian Federation; Rwanda; Saint Kitts and Nevis; Saint Lucia; Saint Vincent and the Grenadines; Saudi Arabia; Senegal; Sierra Leone; Singapore; Slovakia; Slovenia; Somalia; South Africa; Spain; Sri Lanka; Sudan; Tajikistan; Tanzania; United Republic of; Thailand; Trinidad and Tobago; Tunisia; Turks and Caicos Islands; Türkiye; Uganda; Ukraine; United Arab Emirates; Venezuela; Bolivarian Republic of; Viet Nam; Yemen; Zimbabwe Native","22697422","281858334","https://www.iucnredlist.org/species/pdf/281858334","NA"
"Plegadis ridgwayi","Argentina; Bolivia; Plurinational States of; Chile; Peru","22697429","154879094","https://www.iucnredlist.org/species/pdf/154879094","NA"
"Pleurocera acuta","Canada; United States","69629631","69633218","https://www.iucnredlist.org/species/pdf/69633218","NA"
"Pleurodeles waltl","Morocco; Portugal ); Spain )","59463","89708437","https://www.iucnredlist.org/species/pdf/89708437","Gibraltar"
"Pluvialis squatarola","Serbia Native","22693749","254375039","https://www.iucnredlist.org/species/pdf/254375039","NA"
"Pluvianus aegyptius","Angola; Benin; Burkina Faso; Cameroon; Central African Republic; Chad; Congo; The Democratic Republic of the; Côte d'Ivoire; Equatorial Guinea; Eritrea; Ethiopia; Gambia; Ghana; Guinea; Guinea-Bissau; Liberia; Mali; Mauritania; Niger; Nigeria; Senegal; Sierra Leone; Sudan; Togo; Uganda Native","22694086","265009638","https://www.iucnredlist.org/species/pdf/265009638","NA"
"Podiceps auritus","Angola; Benin; Burkina Faso; Cameroon; Central African Republic; Chad; Congo; The Democratic Republic of the; Côte d'Ivoire; Equatorial Guinea; Eritrea; Ethiopia; Gambia; Ghana; Guinea; Guinea-Bissau; Liberia; Mali; Mauritania; Niger; Nigeria; Senegal; Sierra Leone; Sudan; Togo; Uganda Native","22696606","132066871","https://www.iucnredlist.org/species/pdf/132066871","NA"
"Podocnemis lewyana","Colombia","17823","1528580","https://www.iucnredlist.org/species/pdf/1528580","NA"
"Podocnemis sextuberculata","Brazil; Colombia; Peru","17824","97397468","https://www.iucnredlist.org/species/pdf/97397468","NA"
"Podocnemis unifilis","Bolivia; Plurinational States of; Brazil; Colombia; Ecuador; French Guiana; Guyana; Peru; Suriname; Venezuela; Bolivarian Republic of","17825","97397562","https://www.iucnredlist.org/species/pdf/97397562","NA"
"Poecilia caucana","Colombia ); Panama; Venezuela; Bolivarian Republic of )","49830694","164691481","https://www.iucnredlist.org/species/pdf/164691481","Pacific; Panama; Cauca; River; Colombia; Atlantic; Venezuela; Lake; Maracaibo.; South; America; Bayano; Tuira; Martinez; R."
"Poecilia formosa","Mexico; United States","191747","130033075","https://www.iucnredlist.org/species/pdf/130033075","NA"
"Poecilia kykesis","Belize; Guatemala; Mexico","132677053","2002427","https://www.iucnredlist.org/species/pdf/2002427","NA"
"Poecilia latipinna","Mexico; United States (Alabama; Arizona -","191748","58335451","https://www.iucnredlist.org/species/pdf/58335451","NA"
"Poecilia latipunctata","Mexico (Hidalgo -","17832","1531379","https://www.iucnredlist.org/species/pdf/1531379","NA"
"Poecilia mexicana","Costa Rica; Guatemala; Honduras; Mexico (Campeche; Chiapas; Hidalgo; Jalisco -","191750","2002413","https://www.iucnredlist.org/species/pdf/2002413","NA"
"Poecilia reticulata","Antigua and Barbuda; Barbados; Guyana; Suriname; Trinidad and Tobago; Venezuela; Bolivarian Republic of","60444","3100119","https://www.iucnredlist.org/species/pdf/3100119","Albania; Algeria; Australia; Brazil; Cambodia; Canada; Colombia; Comoros; Congo; The Democratic Republic of the; Cook Islands; Costa Rica; Cuba; Dominica; Dominican
Republic; Fiji; French Polynesia; Germany; Ghana; Guadeloupe; Guam; Haiti; Hong Kong; India; Indonesia; Israel; Italy; Jamaica; Japan; Kenya; Madagascar; Malaysia; Martinique; Mauritius; Mayotte; Mexico; Morocco; Namibia; Netherlands; New Caledonia; New Zealand; Nigeria; Pakistan; Palau; Panama; Papua New Guinea; Paraguay; Peru; Philippines; Puerto Rico; Russian Federation; Réunion; Samoa; Saudi Arabia; Senegal; Singapore; Slovakia; South Africa; Spain; Sri Lanka; Taiwan; Province of China; Uganda; United Arab Emirates; United Kingdom; United States; Vanuatu; Viet Nam; Virgin Islands; U.S.; Zambia"
"Poecilia salvatoris","El Salvador; Guatemala; Honduras )","164691467","164691601","https://www.iucnredlist.org/species/pdf/164691601","Pacific; Atlantic; Guatemala; Honduras; El; Salvador."
"Poecilia sphenops","El Salvador; Guatemala; Honduras; Mexico","191753","2002434","https://www.iucnredlist.org/species/pdf/2002434","NA"
"Poecilia vandepolli","Aruba; Bonaire; Sint Eustatius and Saba; Curaçao Native; Possibly","125989461","125989537","https://www.iucnredlist.org/species/pdf/125989537","Saint Martin"
"Poecilia velifera","Colombia  -","191755","2002448","https://www.iucnredlist.org/species/pdf/2002448","NA"
"Poecilia vivipara","Argentina; Brazil; French Guiana; Guyana; Suriname; Trinidad and Tobago; Uruguay; Venezuela; Bolivarian Republic of","186944","1820729","https://www.iucnredlist.org/species/pdf/1820729","Puerto Rico"
"Poecilia wingei","Venezuela; Bolivarian Republic of","177429528","177429532","https://www.iucnredlist.org/species/pdf/177429532","NA"
"Poeciliopsis gracilis","El Salvador; Guatemala; Honduras ); Mexico (Guerrero -","191759","126834362","https://www.iucnredlist.org/species/pdf/126834362","NA"
"Poeciliopsis occidentalis","Colombia ); Guatemala; Honduras ); Mexico; United States","15350832","176961098","https://www.iucnredlist.org/species/pdf/176961098","NA"
"Pogonichthys macrolepidotus","United States","17875","19034194","https://www.iucnredlist.org/species/pdf/19034194","NA"
"Pogonopoma wertheimeri","Brazil","187248","1825339","https://www.iucnredlist.org/species/pdf/1825339","NA"
"Pollimyrus castelnaui","Angola; Botswana; Namibia; Zimbabwe","182769","100219229","https://www.iucnredlist.org/species/pdf/100219229",""
"Polycentrus schomburgkii","Brazil; French Guiana; Guyana; Suriname; Trinidad and Tobago;","164530003","164530013","https://www.iucnredlist.org/species/pdf/164530013","NA"
"Polyodon spathula","United States  Native; Possibly Extinct: United States  Native; Extinct: Canada; United States","17938","81763841","https://www.iucnredlist.org/species/pdf/81763841","NA"
"Polypedates leucomystax","Bangladesh; Bhutan; Brunei Darussalam; China; India; Indonesia; Malaysia; Myanmar ); Philippines; Singapore; Taiwan; Province of China; Thailand Native; Presence Uncertain: Lao People's Democratic Republic","73729553","63882856","https://www.iucnredlist.org/species/pdf/63882856","Indonesia; Japan"
"Polypedates megacephalus","Cambodia; China; Hong Kong; India; Lao People's Democratic Republic; Myanmar ); Thailand; Viet Nam","88428054","63882206","https://www.iucnredlist.org/species/pdf/63882206",""
"Polypogon monspeliensis","Albania; Algeria; Armenia; Azerbaijan; Bhutan; Bosnia and Herzegovina; Bulgaria; Chad; China; Croatia; Cyprus; Egypt ); Eritrea; Ethiopia; France ); Georgia; Greece; Kriti); Iran; Islamic Republic of; Iraq; Israel; Italy; Sardegna; Sicilia); Japan; Jordan; Kazakhstan; Kenya; Korea; Democratic People's Republic of; Republic of; Kuwait; Kyrgyzstan; Lebanon; Libya; Macedonia; the former Yugoslav Republic of; Mauritania; Mongolia; Montenegro; Morocco; Namibia; Nepal; Niger; Oman; Pakistan; Palestinian Territory; Occupied; Portugal ); Saudi Arabia; Serbia; Slovenia; Somalia; Spain ); Sri Lanka; Syrian Arab Republic; Taiwan; Province of China; Tajikistan; Tanzania; United","164232","42575192","https://www.iucnredlist.org/species/pdf/42575192","Old; World; New"
"Polypterus delhezi","Congo; The Democratic Republic of the","182109","7801874","https://www.iucnredlist.org/species/pdf/7801874","NA"
"Polypterus senegalus","Benin; Burkina Faso; Central African Republic; Chad; Congo; The Democratic Republic of the; Côte d'Ivoire; Ethiopia; Gambia; Ghana; Guinea; Guinea-Bissau; Kenya; Mali; Niger; Nigeria; Senegal; South Sudan; Sudan; Togo; Uganda","182615","58331540","https://www.iucnredlist.org/species/pdf/58331540","Cameroon"
"Pomacea bridgesii","Bolivia; Plurinational States of; Brazil; Paraguay","189088","8678453","https://www.iucnredlist.org/species/pdf/8678453","Amazon; Brazil; Paraguay; Bolivia."
"Pomacea canaliculata","Argentina; Bolivia; Plurinational States of; Brazil; Colombia; Ecuador; Paraguay; Peru; Uruguay; Venezuela; Bolivarian Republic of","166261","1124485","https://www.iucnredlist.org/species/pdf/1124485","NA"
"Pomacea glauca","Bolivia; Plurinational States of; Colombia ); Dominican Republic; French Guiana; Grenada; Guadeloupe; Guyana; Martinique; Mexico; Panama; Suriname; Trinidad and Tobago; Venezuela; Bolivarian Republic of )","189046","8684331","https://www.iucnredlist.org/species/pdf/8684331",""
"Pomacea lineata","Brazil","189783","8768250","https://www.iucnredlist.org/species/pdf/8768250","Almada; River; Bahia; South; Southeast; Asia; Bahia"""
"Pomacea paludosa","Bolivia; Plurinational States of; Brazil; Cuba; Paraguay; Peru; United States (Florida; Hawaiian Is. -","189339","8718219","https://www.iucnredlist.org/species/pdf/8718219","NA"
"Pomoxis annularis","Canada; United States","202602","18232424","https://www.iucnredlist.org/species/pdf/18232424","NA"
"Pomoxis nigromaculatus","Canada; United States","202603","18236602","https://www.iucnredlist.org/species/pdf/18236602","NA"
"Pontastacus leptodactylus","Austria; Azerbaijan; Belarus; Bosnia and Herzegovina; Bulgaria; Croatia; Georgia; Greece; Hungary; Iran; Islamic Republic of; Israel; Kazakhstan; Kyrgyzstan; Moldova; Romania; Russian Federation; Serbia; Slovakia; Turkey; Turkmenistan; Ukraine","153745","120103207","https://www.iucnredlist.org/species/pdf/120103207","NA"
"Ponticola gorlap","Azerbaijan; Iran; Islamic Republic of; Kazakhstan; Russian Federation; Turkmenistan","188114","135114213","https://www.iucnredlist.org/species/pdf/135114213","Russian Federation"
"Ponticola kessleri","Bulgaria; Moldova; Romania; Ukraine","188115","135114382","https://www.iucnredlist.org/species/pdf/135114382","Austria; Belarus; Belgium; Bosnia and Herzegovina; Croatia; Czechia; France; Germany; Hungary; Luxembourg; Netherlands; Serbia; Slovakia; Switzerland"
"Porphyrio alleni","Angola; Benin; Botswana; Burkina Faso; Burundi; Cameroon; Central African Republic; Chad; Congo; The Democratic Republic of the; Côte d'Ivoire; Djibouti; Equatorial Guinea; Eswatini; Ethiopia; Gabon; Gambia; Ghana; Guinea; Guinea-Bissau; Kenya; Lesotho; Liberia; Madagascar; Malawi; Mali; Mozambique; Namibia; Niger; Nigeria; Rwanda; Senegal; Sierra Leone; South Africa; South Sudan; Sudan; Tanzania; United Republic of; Togo; Uganda; Zambia; Zimbabwe","22692816","154262782","https://www.iucnredlist.org/species/pdf/154262782","NA"
"Porphyrio flavirostris","Argentina; Bolivia; Plurinational States of; Brazil; Colombia; Ecuador; French Guiana; Guyana; Paraguay; Peru; Suriname; Trinidad and Tobago; United States; Venezuela; Bolivarian Republic of","22692848","281022017","https://www.iucnredlist.org/species/pdf/281022017","NA"
"Porphyrio porphyrio","Afghanistan; Angola; Azerbaijan; Bangladesh; Bhutan; Botswana; Burkina Faso; Burundi; Cambodia; Cameroon; Central African Republic; Chad; China; Congo; The Democratic Republic of the; Croatia; Côte d'Ivoire; Eswatini; Ethiopia; Fiji; Gambia; Ghana; Guinea-Bissau; India; Indonesia; Iran; Islamic Republic of; Iraq; Italy; Kenya; Kuwait; Lao People's Democratic Republic; Lesotho; Liberia; Madagascar; Malawi; Malaysia; Mali; Mauritania; Mozambique; Myanmar; Namibia; Nepal; Niger; Nigeria; Pakistan; Philippines; Portugal; Qatar; Rwanda; Senegal; Sierra Leone; Singapore; South Africa; Spain; Sri Lanka; Sudan; Syrian Arab Republic; Tanzania; United Republic of; Thailand; Timor-Leste; Togo; Türkiye; Uganda; United Arab Emirates; Viet Nam; Zambia; Zimbabwe Native","22692792","281860045","https://www.iucnredlist.org/species/pdf/281860045","NA"
"Portulaca oleracea","Afghanistan; Albania; Algeria; Angola; Armenia; Azerbaijan; Bahrain; Benin; Bosnia and Herzegovina; British Indian Ocean Territory; Bulgaria; Burkina Faso; Burundi; Cameroon; Central African Republic; Chad; Congo; The Democratic Republic of the; Croatia; Cyprus; Côte d'Ivoire; Egypt; Equatorial Guinea; Eritrea; Ethiopia; France ); Gabon; Gambia; Georgia; Greece; Kriti); Guinea; Guinea-Bissau; Iran; Islamic Republic of; Iraq; Israel; Italy; Sardegna; Sicilia); Kenya; Kuwait; Lebanon; Liberia; Libya; Mali; Malta; Mauritania; Montenegro; Morocco; Niger; Nigeria; North","164001","65924501","https://www.iucnredlist.org/species/pdf/65924501","NA"
"Potamilus alatus","United States","18093","62905557","https://www.iucnredlist.org/species/pdf/62905557","NA"
"Potamilus ohiensis","United States","189185","1920691","https://www.iucnredlist.org/species/pdf/1920691","Mississippi; River; Tennessee; Cumberland; New; York; North; Dakota; Nebraska; Louisiana; Texas.; Texas; Bogan"
"Potamogeton berchtoldii","Albania; Austria; Belarus; Belgium; Bulgaria; Canada; Croatia; Czech Republic; Denmark; Estonia; Faroe Islands; Finland; France ); Germany; Greece ); Guernsey; Hungary; Iceland; Ireland; Isle of Man; Italy; Sardegna); Japan; Latvia; Liechtenstein; Lithuania; Luxembourg; Moldova; Netherlands; Norway; Poland; Romania; Russian Federation; Slovakia; Slovenia; Spain ); Sweden; Switzerland; Turkey; Ukraine ); United Kingdom; United States","167897","42401362","https://www.iucnredlist.org/species/pdf/42401362","NA"
"Potamogeton crispus","Afghanistan; Albania; Algeria; Australia; Austria; Belgium; Bhutan; Botswana; Bulgaria; China; Czechia; Denmark; Egypt; Estonia; Eswatini; Ethiopia; Finland; France; Germany; Hungary; India; Indonesia; Iran; Islamic Republic of; Iraq; Ireland; Israel; Italy; Japan; Jordan; Kazakhstan; Korea; Democratic People's Republic of; Republic of; Lao People's Democratic Republic; Latvia; Lebanon; Lithuania; Malawi; Mozambique; Myanmar ); Nepal; Netherlands; Norway; Pakistan; Poland; Portugal; Romania; Russian Federation; South Africa; South Sudan; Spain; Sri Lanka; Sudan; Sweden; Switzerland; Syrian Arab Republic; Tajikistan; Thailand; Turkey; Ukraine; United Kingdom; Uzbekistan; Viet Nam; Zambia; Zimbabwe","164434","120217787","https://www.iucnredlist.org/species/pdf/120217787","NA"
"Potamogeton epihydrus","Canada; Cuba; United Kingdom; United States","167901","78457137","https://www.iucnredlist.org/species/pdf/78457137","NA"
"Potamogeton gramineus","Albania; Austria; Belarus; Belgium; Bulgaria; Canada; Croatia; Czech Republic; Denmark; Estonia; Faroe Islands; Finland; France ); Georgia; Germany; Greenland; Hungary; Iceland; Iran; Islamic Republic of; Ireland; Italy; Sicilia); Japan; Kazakhstan; Korea; Republic of; Latvia; Liechtenstein; Lithuania; Luxembourg; Moldova; Mongolia; Netherlands; Norway; Pakistan; Poland; Portugal ); Romania; Russian Federation; Saint Pierre and Miquelon; Serbia; Slovakia; Slovenia; Spain ); Sweden; Switzerland; Tajikistan; Turkey; Ukraine ); United Kingdom; United States; Uzbekistan","167904","42401843","https://www.iucnredlist.org/species/pdf/42401843","NA"
"Potamogeton lucens","Afghanistan; Albania; Armenia; Austria; Azerbaijan; Belarus; Belgium; Bosnia and Herzegovina; Bulgaria; Chad; China; Croatia; Czech Republic; Denmark; Eritrea; Estonia; Ethiopia; Finland; France ); Georgia; Germany; Greece; Kriti); Guernsey; Hungary; Iran; Islamic Republic of; Iraq; Ireland; Italy; Sardegna; Sicilia); Japan; Kazakhstan; Kyrgyzstan; Latvia; Lebanon; Libya; Liechtenstein; Lithuania; Luxembourg; Madagascar; Moldova; Mongolia; Montenegro; Morocco; Myanmar ); Nepal; Netherlands; Northern Mariana Islands; Norway; Pakistan; Palestinian Territory; Occupied; Philippines; Poland; Portugal ); Romania; Russian Federation; Serbia; Slovakia; Slovenia; Somalia; South Sudan; Spain ); Sudan; Sweden; Switzerland; Tajikistan; Tunisia; Turkey; Turkmenistan; Uganda; Ukraine ); United Kingdom; Uzbekistan","164038","5719533","https://www.iucnredlist.org/species/pdf/5719533","NA"
"Potamogeton natans","Afghanistan; Albania; Algeria; Austria; Belarus; Belgium; Bosnia and Herzegovina; Bulgaria; Canada; China; Croatia; Czech Republic;","164479","19495876","https://www.iucnredlist.org/species/pdf/19495876","NA"
"Potamogeton nodosus","Afghanistan; Albania; Angola; Austria; Bahamas; Bangladesh; Belarus; Bhutan; Botswana; Burundi; Cameroon; Chad; China; Comoros; Cuba; Cyprus; Czech Republic; Dominica; Ethiopia; France ); Gambia; Germany; Ghana; Greece; Guatemala; Haiti; Hungary; India; Indonesia; Iran; Islamic Republic of; Iraq; Italy; Sardegna); Jamaica; Japan; Kazakhstan; Lebanon; Lesotho; Liechtenstein; Madagascar; Mali; Mauritania; Mauritius; Mexico; Moldova; Montenegro; Myanmar; Namibia; Nepal; Netherlands; New Caledonia; Niger; Nigeria; Oman; Pakistan; Panama; Papua New Guinea; Philippines; Portugal; Selvagens); Puerto Rico; Romania; Russian Federation; Rwanda; Saudi Arabia; Senegal; Serbia; Seychelles; Slovakia; Slovenia; South Africa; South Sudan; Spain ); Sri Lanka; Sudan; Switzerland; Syrian Arab Republic; Taiwan; Province of China; Tajikistan; Tanzania; United Republic of; Thailand; Trinidad and Tobago; Turkey; Turkmenistan; Ukraine ); United Kingdom; Uzbekistan; Venezuela; Bolivarian Republic of ); Viet Nam; Yemen; Zambia; Zimbabwe","164227","67791533","https://www.iucnredlist.org/species/pdf/67791533","NA"
"Potamogeton perfoliatus","Afghanistan; Albania; Algeria; Austria; Azerbaijan; Bangladesh; Belarus; Belgium; Bhutan; Cameroon; Canada; China; Congo; Croatia; Czech Republic; Denmark; Egypt; Estonia; Ethiopia; Faroe Islands; Finland; France ); Georgia; Germany; Greece; Hungary; Iceland; India; Indonesia; Iran; Islamic Republic of; Iraq; Ireland; Italy; Sicilia); Japan; Kazakhstan; Korea; Republic of; Kyrgyzstan; Latvia; Lebanon; Libya; Liechtenstein; Lithuania; Luxembourg; Madagascar; Moldova; Mongolia; Mozambique; Nepal; Netherlands; Nigeria; Norway; Pakistan; Philippines; Poland; Portugal; Romania; Russian Federation; Saudi Arabia; Serbia; Slovenia; Spain; Sri Lanka; Sudan; Sweden; Switzerland; Syrian Arab Republic; Turkey; Ukraine; United Kingdom; United States; Uzbekistan","164189","1029195","https://www.iucnredlist.org/species/pdf/1029195","NA"
"Potamogeton praelongus","Austria; Belarus; Belgium; Bulgaria; Canada; Czech Republic; Denmark; Estonia; Faroe Islands; Finland; France","167906","42402297","https://www.iucnredlist.org/species/pdf/42402297","NA"
"Potamogeton pusillus","Algeria; Argentina; Austria; Belarus; Belgium; Bosnia and Herzegovina; Botswana; Brazil; Bulgaria; Cabo Verde; Canada; Chad; Chile; China; Congo; The Democratic Republic of the; Costa Rica ); Croatia; Cyprus; Czechia; Denmark; Ecuador ); Egypt; Eritrea; Estonia; Eswatini; Ethiopia; Finland; France ); Germany; Greece ); Guatemala; Haiti; Honduras ); Hong Kong; Hungary; Iceland; India; Iran; Islamic Republic of; Iraq; Ireland; Italy; Sardegna; Sicilia); Japan; Jersey; Kazakhstan; Kenya; Korea; Democratic People's Republic of; Republic of; Kyrgyzstan; Latvia; Libya; Lithuania; Macao; Malawi; Mauritania; Mexico; Mongolia; Morocco; Mozambique; Myanmar ); Namibia ); Nepal; Netherlands; Nicaragua ); Norway; Oman; Pakistan; Palestine; State of; Papua New Guinea; Peru; Philippines; Poland; Portugal ); Romania; Russian Federation; Rwanda; Saudi Arabia; Somalia; South Sudan; Spain ); Sudan; Sweden; Switzerland; Taiwan; Province of China; Tajikistan; Tanzania; United Republic of; Turkey; Turkmenistan; Uganda; Ukraine ); United Kingdom; United States; Uruguay; Uzbekistan; Venezuela; Bolivarian Republic of; Yemen; Zambia; Zimbabwe","163982","120218868","https://www.iucnredlist.org/species/pdf/120218868","NA"
"Potamogeton schweinfurthii","Algeria; Botswana; Burkina Faso; Burundi; Cameroon; Central African Republic; Chad; Congo; The Democratic Republic of the; Côte d'Ivoire; Egypt ); Equatorial Guinea; Eritrea; Eswatini; Ethiopia; France; Greece; Kriti); Iran; Islamic","164325","120220079","https://www.iucnredlist.org/species/pdf/120220079","NA"
"Potamogeton strictifolius","Canada; United States","64321584","67730537","https://www.iucnredlist.org/species/pdf/67730537","NA"
"Potamogeton trichoides","Algeria; Armenia; Austria; Azerbaijan; Belarus; Belgium; Bosnia and Herzegovina; Botswana; Bulgaria; Congo; The Democratic Republic of the; Croatia; Czech Republic; Denmark; Egypt; Eritrea; Estonia; France ); Georgia; Germany; Greece; Kriti); Hungary; Iran; Islamic Republic of; Italy; Sardegna; Sicilia); Kazakhstan; Kenya; Latvia; Lebanon; Liechtenstein; Lithuania; Luxembourg; Malawi; Mauritania; Moldova; Morocco; Myanmar ); Namibia ); Netherlands; Palestinian Territory; Occupied; Poland; Portugal ); Romania; Russian Federation; Serbia; Slovakia; Slovenia; Somalia; South Africa; South Sudan; Spain ); Sudan; Swaziland; Sweden; Switzerland; Tanzania; United Republic of; Turkey; Uganda; Ukraine ); United Kingdom; Uzbekistan; Zambia; Zimbabwe","164357","84297799","https://www.iucnredlist.org/species/pdf/84297799","NA"
"Potamon fluviatile","Albania; Croatia; Greece ); Italy; Sicilia); Macedonia; the former Yugoslav Republic of; Malta; Montenegro","134293","3933275","https://www.iucnredlist.org/species/pdf/3933275","NA"
"Potamon ibericum","Armenia; Azerbaijan; Bulgaria; Georgia; Greece ); Iran; Islamic Republic of; Turkey; Turkmenistan; Ukraine","134681","3997379","https://www.iucnredlist.org/species/pdf/3997379","NA"
"Potamonautes lirrangensis","Burundi; Congo; The Democratic Republic of the; Malawi; Mozambique; Rwanda; Tanzania; United Republic of","44201","114989565","https://www.iucnredlist.org/species/pdf/114989565","NA"
"Potamopyrgus antipodarum","New Zealand","155980","738398","https://www.iucnredlist.org/species/pdf/738398","NA"
"Potamotrygon falkneri","Argentina; Bolivia; Plurinational States of; Brazil; Paraguay; Peru; Uruguay","161353","886734","https://www.iucnredlist.org/species/pdf/886734","Paraná; Basin; Upper; Amazon; Argentina; Bolivia; Brazil; Paraguay; Peru."
"Potamotrygon motoro","Argentina; Bolivia; Plurinational States of; Brazil; Colombia ); Ecuador ); Guyana; Indonesia; Paraguay; Peru; Uruguay; Venezuela; Bolivarian Republic of )","39404","2923869","https://www.iucnredlist.org/species/pdf/2923869","Indonesia; Singapore"
"Potimirim potimirim","Brazil; Costa Rica ); Panama; Trinidad and Tobago; United States","197709","107029120","https://www.iucnredlist.org/species/pdf/107029120","NA"
"Pristella maxillaris","Brazil; French Guiana; Guyana; Suriname; Venezuela; Bolivarian Republic of )","175969814","175969826","https://www.iucnredlist.org/species/pdf/175969826","NA"
"Procambarus acutus","United States (Alabama; Arizona; California -","154022","4577805","https://www.iucnredlist.org/species/pdf/4577805","NA"
"Procambarus alleni","United States","153828","4550642","https://www.iucnredlist.org/species/pdf/4550642","NA"
"Procambarus braswelli","United States","153885","4558651","https://www.iucnredlist.org/species/pdf/4558651","NA"
"Procambarus clarkii","Procambarus clarkii – published in 2010. 1  Distribution Map","153877","4557336","https://www.iucnredlist.org/species/pdf/4557336","NA"
"Procambarus cubensis","Cuba","153752","4540939","https://www.iucnredlist.org/species/pdf/4540939","NA"
"Procambarus fallax","United States","153961","4569411","https://www.iucnredlist.org/species/pdf/4569411","NA"
"Procambarus llamasi","Mexico","153872","4556662","https://www.iucnredlist.org/species/pdf/4556662","NA"
"Procambarus ouachitae","United States","153916","4563020","https://www.iucnredlist.org/species/pdf/4563020","NA"
"Procambarus paeninsulanus","United States","153841","4552591","https://www.iucnredlist.org/species/pdf/4552591","NA"
"Procambarus pubescens","United States","153969","4570516","https://www.iucnredlist.org/species/pdf/4570516","NA"
"Procambarus spiculifer","United States","153866","4555862","https://www.iucnredlist.org/species/pdf/4555862","NA"
"Procambarus vazquezae","Mexico","153819","4549344","https://www.iucnredlist.org/species/pdf/4549344","NA"
"Procambarus versutus","United States","153918","4563271","https://www.iucnredlist.org/species/pdf/4563271","NA"
"Procambarus zonangulus","United States (Alabama; Louisiana; Maryland -","153993","4573647","https://www.iucnredlist.org/species/pdf/4573647","NA"
"Prochilodus argenteus","Brazil","187164","1824079","https://www.iucnredlist.org/species/pdf/1824079","Brazil"
"Prochilodus costatus","Brazil","186824","1818929","https://www.iucnredlist.org/species/pdf/1818929","NA"
"Prochilodus lineatus","Argentina; Bolivia; Plurinational States of; Brazil; Paraguay; Uruguay","186737","1817624","https://www.iucnredlist.org/species/pdf/1817624","Brazil"
"Prochilodus magdalenae","Colombia )","49830369","61473943","https://www.iucnredlist.org/species/pdf/61473943","NA"
"Prochilodus mariae","Colombia ); Venezuela; Bolivarian Republic of )","85281866","85281872","https://www.iucnredlist.org/species/pdf/85281872","NA"
"Prochilodus nigricans","Bolivia; Plurinational States of; Brazil; Colombia; Ecuador; Guyana; Peru; Venezuela; Bolivarian Republic of","49830659","91631083","https://www.iucnredlist.org/species/pdf/91631083","South; America; Amazon; Tocantins-Araguaia; Vari; ICMBio"
"Proserpinaca palustris","Bahamas; Brazil; Canada; Colombia; Cuba; El Salvador; Guatemala; Mexico; United States","64322022","66891790","https://www.iucnredlist.org/species/pdf/66891790","NA"
"Prosopium coulterii","Canada; Russian Federation; United States","202642","18231034","https://www.iucnredlist.org/species/pdf/18231034","NA"
"Prosopium cylindraceum","Canada; Russian Federation; United States FAO Marine Fishing Areas: Native: Arctic Sea Native: Atlantic - northwest","202643","18233628","https://www.iucnredlist.org/species/pdf/18233628","NA"
"Prosopium williamsoni","Canada; United States","202646","18234150","https://www.iucnredlist.org/species/pdf/18234150","NA"
"Proterorhinus nasalis","Azerbaijan; Iran; Islamic Republic of; Kazakhstan; Russian Federation; Turkmenistan; Ukraine","135486","135105567","https://www.iucnredlist.org/species/pdf/135105567","Russian Federation"
"Proterorhinus semilunaris","Austria; Bosnia and Herzegovina; Bulgaria; Canada; Croatia; Georgia; Greece ); Hungary; Moldova; Romania; Russian Federation; Serbia; Slovakia; Türkiye; Ukraine","135487","135105737","https://www.iucnredlist.org/species/pdf/135105737","Belarus; Belgium; Canada; Czechia; France; Germany; Netherlands; Poland; United States"
"Proteus anguinus","Bosnia and Herzegovina; Croatia; Slovenia Native; Presence Uncertain: Montenegro","18377","227229041","https://www.iucnredlist.org/species/pdf/227229041","Italy"
"Protochondrostoma genei","Italy ); Slovenia","4786","96833024","https://www.iucnredlist.org/species/pdf/96833024","NA"
"Protopterus annectens","Benin; Burkina Faso; Cameroon; Central African Republic; Chad; Congo; The Democratic Republic of the; Côte d'Ivoire; Gambia; Ghana; Guinea; Kenya; Malawi; Mali; Mozambique; Niger; Nigeria; Senegal; Sudan; Tanzania; United Republic of; Togo; Zambia; Zimbabwe","169408","135027770","https://www.iucnredlist.org/species/pdf/135027770","South Africa"
"Psalidodon anisitsi","Argentina; Brazil; Paraguay; Uruguay","186783","1818314","https://www.iucnredlist.org/species/pdf/1818314","La; Plata; Uruguay"
"Psalidodon fasciatus","Brazil","186878","1819739","https://www.iucnredlist.org/species/pdf/1819739","NA"
"Pseudacris regilla","Canada; United States","166731785","53961380","https://www.iucnredlist.org/species/pdf/53961380","Pacific; Northwest"
"Pseudemys concinna","United States","163444","97425355","https://www.iucnredlist.org/species/pdf/97425355","NA"
"Pseudemys nelsoni","United States (Florida; Georgia; Texas -","170495","97426506","https://www.iucnredlist.org/species/pdf/97426506","NA"
"Pseudemys peninsularis","United States","170496","97427004","https://www.iucnredlist.org/species/pdf/97427004","NA"
"Pseudemys rubriventris","United States","18460","97427406","https://www.iucnredlist.org/species/pdf/97427406","NA"
"Pseudochondrostoma polylepis","Portugal ); Spain )","4791","137281417","https://www.iucnredlist.org/species/pdf/137281417","NA"
"Pseudocrenilabrus multicolor","Burundi; Congo; The Democratic Republic of the; Kenya; Rwanda; Tanzania; United Republic of; Uganda","60664","102925996","https://www.iucnredlist.org/species/pdf/102925996","Lakes; Victoria; Albert; Edward; Kyoga; Aswa; Nile"
"Pseudomugil gertrudae","Australia; Indonesia; Papua New Guinea","122906064","123382261","https://www.iucnredlist.org/species/pdf/123382261","NA"
"Pseudoplatystoma corruscans","Argentina; Bolivia; Plurinational States of; Brazil; Paraguay; Uruguay","186628","1815977","https://www.iucnredlist.org/species/pdf/1815977","NA"
"Pseudoplatystoma fasciatum","French Guiana; Guyana; Suriname","49830226","85567289","https://www.iucnredlist.org/species/pdf/85567289","NA"
"Pseudoplatystoma punctifer","Bolivia; Plurinational States of; Brazil; Colombia; Ecuador; Peru","58437469","58518507","https://www.iucnredlist.org/species/pdf/58518507","NA"
"Pseudoplatystoma reticulatum","Argentina; Bolivia; Plurinational States of; Brazil; Paraguay; Uruguay","58439362","160295753","https://www.iucnredlist.org/species/pdf/160295753","NA"
"Pseudorasbora parva","China; Japan; Korea; Democratic People's Republic of; Republic of; Mongolia; Russian Federation; Viet Nam","166136","156742842","https://www.iucnredlist.org/species/pdf/156742842","Afghanistan; Albania; Algeria; Armenia; Austria; Azerbaijan; Belgium; Bulgaria; Czechia; Denmark; Fiji; France; Germany; Greece; Hungary; Iran; Islamic Republic of; Italy; Kazakhstan; Kyrgyzstan; Lao People's Democratic Republic; Netherlands; Poland; Romania; Serbia; Slovakia; Spain; Switzerland; Taiwan; Province of China; Turkey; Turkmenistan; United Kingdom; Uzbekistan"
"Pseudorasbora pumila","Japan","62203","114898978","https://www.iucnredlist.org/species/pdf/114898978","NA"
"Pseudosuccinea columella","Canada (Alberta -","156043","739967","https://www.iucnredlist.org/species/pdf/739967","North; American; South; Africa; Kock"
"Pseudotriton ruber","United States","59404","196341930","https://www.iucnredlist.org/species/pdf/196341930","NA"
"Pseudotropheus crabro","Malawi; Mozambique; Tanzania; United Republic of","61136","148674635","https://www.iucnredlist.org/species/pdf/148674635","NA"
"Pseudotropheus cyaneorhabdos","Malawi","61113","148659251","https://www.iucnredlist.org/species/pdf/148659251","NA"
"Pseudotropheus johannii","Malawi; Mozambique","61119","47235259","https://www.iucnredlist.org/species/pdf/47235259","NA"
"Pseudoxiphophorus bimaculatus","Belize; Guatemala; Honduras; Mexico (Campeche; Chiapas; Guerrero -","191736","2001438","https://www.iucnredlist.org/species/pdf/2001438","Motagua; River; Ulua"
"Pterodoras granulosus","Argentina; Bolivia; Plurinational States of; Brazil; Colombia; Ecuador; Paraguay; Peru; Uruguay; Venezuela; Bolivarian Republic of","187043","1822264","https://www.iucnredlist.org/species/pdf/1822264","NA"
"Pterophyllum scalare","Brazil; Colombia; French Guiana; Guyana; Peru","49830495","160296386","https://www.iucnredlist.org/species/pdf/160296386","Suriname; Amazon; River; Colombia; Peru; Rio; Oyapock; French; Guiana; Essequibo; Guyana; Pauly; Fricke"
"Pterygoplichthys ambrosettii","Argentina; Bolivia; Plurinational States of; Brazil; Paraguay; Uruguay","186610","1815707","https://www.iucnredlist.org/species/pdf/1815707","Brazil; India; United States"
"Pterygoplichthys disjunctivus","Bolivia; Plurinational States of; Brazil","202700","2747114","https://www.iucnredlist.org/species/pdf/2747114","India; Japan; Mexico; Philippines; Türkiye; United States"
"Pterygoplichthys gibbiceps","Bolivia; Plurinational States of; Brazil; Colombia; Peru; Venezuela; Bolivarian Republic of","13151259","13151266","https://www.iucnredlist.org/species/pdf/13151266","Poland; Puerto Rico; United States"
"Pterygoplichthys joselimaianus","Brazil","140708255","140708261","https://www.iucnredlist.org/species/pdf/140708261","NA"
"Pterygoplichthys multiradiatus","Colombia ); Venezuela; Bolivarian Republic of )","13151303","13151310","https://www.iucnredlist.org/species/pdf/13151310","United States"
"Pterygoplichthys pardalis","Brazil; Colombia; Ecuador; Peru; Venezuela; Bolivarian Republic of","13151334","13151341","https://www.iucnredlist.org/species/pdf/13151341","India; Indonesia; Malaysia; Mexico; Philippines; Puerto Rico; Singapore; Taiwan; Province of China; Thailand; United States; Viet Nam"
"Ptychadena mascareniensis","Angola; Botswana; Cameroon; Central African Republic; Congo; The Democratic Republic of the; Côte d'Ivoire; Equatorial Guinea; Ethiopia; Gabon; Ghana; Guinea; Guinea-Bissau; Liberia; Madagascar; Malawi; Mauritania; Mozambique; Namibia; Nigeria; Rwanda; Senegal; Sierra Leone; South Africa; South Sudan; Sudan; Tanzania; United Republic of; Zambia; Zimbabwe","76317565","79825430","https://www.iucnredlist.org/species/pdf/79825430","Madagascar; Mafia; Island"
"Ptychocheilus grandis","United States","202358","18231558","https://www.iucnredlist.org/species/pdf/18231558","NA"
"Ptychocheilus umpquae","United States","202360","18235249","https://www.iucnredlist.org/species/pdf/18235249","NA"
"Pungitius platygaster","Azerbaijan; Bulgaria; Greece ); Iran; Islamic Republic of; Kazakhstan; Moldova; North Macedonia; Romania; Russian Federation; Serbia; Turkmenistan; Ukraine; Uzbekistan FAO Marine Fishing Areas: Native: Mediterranean and Black Sea","18877","67625175","https://www.iucnredlist.org/species/pdf/67625175","NA"
"Pungitius pungitius","Belarus; Belgium; Canada; Czechia; Denmark; Estonia; Finland; France ); Germany; Ireland; Isle of Man; Italy ); Japan; Latvia; Liechtenstein; Lithuania; Netherlands; Norway; Poland; Russian Federation; Saint Pierre and Miquelon; Slovakia; Sweden; Switzerland; Ukraine; United Kingdom; United States  FAO Marine Fishing Areas: Native: Atlantic - northeast Native: Arctic Sea Native: Pacific - northeast Native: Pacific - northwest Native: Atlantic - northwest","259406860","67625345","https://www.iucnredlist.org/species/pdf/67625345","NA"
"Pungtungia herzi","China; Japan; Korea; Democratic People's Republic of; Republic of","212878221","212878223","https://www.iucnredlist.org/species/pdf/212878223","NA"
"Puntigrus partipentazona","Cambodia; Indonesia; Lao People's Democratic Republic; Malaysia; Singapore; Thailand; Viet Nam","181024","89801227","https://www.iucnredlist.org/species/pdf/89801227","Philippines"
"Puntigrus tetrazona","Indonesia","89806649","89806657","https://www.iucnredlist.org/species/pdf/89806657","Singapore"
"Puntius brevis","Cambodia; Lao People's Democratic Republic; Malaysia; Thailand; Viet Nam Native; Possibly Extinct: Indonesia","180959","91069930","https://www.iucnredlist.org/species/pdf/91069930","NA"
"Puntius titteya","Sri Lanka","18900","174843175","https://www.iucnredlist.org/species/pdf/174843175","NA"
"Puntius vittatus","Sri Lanka","172486","60633777","https://www.iucnredlist.org/species/pdf/60633777","India; Kerala; Ramachandran; Radhakrishnan; Kurup; Baby"
"Pycnonotus jocosus","Bangladesh; Bhutan; Cambodia; China; India; Lao People's Democratic Republic; Malaysia; Myanmar; Nepal; Thailand; Viet Nam","22712634","263762446","https://www.iucnredlist.org/species/pdf/263762446","Mauritius; Réunion; Saudi Arabia; Singapore"
"Pyganodon grandis","Canada; Mexico; United States","189102","1919024","https://www.iucnredlist.org/species/pdf/1919024","NA"
"Pygocentrus cariba","Colombia ); Venezuela; Bolivarian Republic of )","176037959","176038088","https://www.iucnredlist.org/species/pdf/176038088","Orinoco; Delta"
"Pygocentrus nattereri","Argentina; Bolivia; Plurinational States of; Brazil; Colombia ); Ecuador ); French Guiana; Guyana; Paraguay; Peru; Suriname; Uruguay; Venezuela; Bolivarian Republic of )","186604","1815617","https://www.iucnredlist.org/species/pdf/1815617","United States; South; America; Brazil."
"Pygocentrus piraya","Brazil","186786","1818359","https://www.iucnredlist.org/species/pdf/1818359","NA"
"Pygopristis denticulata","Bolivia; Plurinational States of; Brazil; Colombia ); French Guiana; Guyana; Suriname; Venezuela; Bolivarian Republic of )","164537816","164537834","https://www.iucnredlist.org/species/pdf/164537834","NA"
"Pylodictis olivaris","Mexico; United States","202701","18234613","https://www.iucnredlist.org/species/pdf/18234613","NA"
"Pyrrhulina brevis","Brazil; Colombia; Peru","49830163","160297524","https://www.iucnredlist.org/species/pdf/160297524","NA"
"Pyrrhulina laeta","Colombia ); Ecuador ); Peru Native; Presence Uncertain: Brazil Presence Uncertain &","49830535","53818498","https://www.iucnredlist.org/species/pdf/53818498",""
"Python molurus","Bangladesh; Bhutan; India; Nepal; Pakistan; Sri Lanka","58894358","1945283","https://www.iucnredlist.org/species/pdf/1945283","Sri; Lanka; India; Pakistan; Nepal; India-Bangladesh; Bhutan; Daniel; Whitaker; Captain"
"Quadrula quadrula","Canada; United States (Alabama; Arkansas; Illinois; Indiana; Iowa; Kansas; Kentucky; Louisiana; Michigan; Minnesota; Mississippi; Missouri; Montana -","19048","62905744","https://www.iucnredlist.org/species/pdf/62905744","NA"
"Radix auricularia","Afghanistan; Albania; Algeria; Andorra; Austria; Bahrain; Bangladesh; Belarus; Belgium; Bhutan; Bosnia and Herzegovina; Bulgaria; Cambodia; China; Croatia; Czech Republic; Denmark; Estonia; Finland; France ); Germany; Greece ); Hungary; India; Iran; Islamic Republic of; Iraq; Ireland; Israel; Italy; Lao People's Democratic Republic; Latvia; Lebanon; Lithuania; Luxembourg; Macedonia; the former Yugoslav Republic of; Moldova; Montenegro; Myanmar ); Nepal; Netherlands; Norway; Oman; Poland; Russian Federation; Serbia; Slovakia; Slovenia; Spain; Sweden; Switzerland; Thailand; Turkey; Ukraine; United Kingdom; Viet Nam; Yemen  Possibly extinct: Egypt )","155568","42429613","https://www.iucnredlist.org/species/pdf/42429613","NA"
"Rallus aquaticus","Albania; Algeria; Austria; Azerbaijan; Bahrain; Belarus; Belgium; Bulgaria; Croatia; Czechia; Denmark; Egypt; Finland; France; Germany; Greece; Hong Kong; Hungary; Iran; Islamic Republic of; Ireland; Israel; Italy; Jordan; Kuwait; Latvia; Lebanon; Libya; Liechtenstein; Lithuania; Luxembourg; Moldova; Montenegro; Morocco; Myanmar; Netherlands; North Macedonia; Oman; Pakistan; Palestine; State of; Poland; Portugal; Qatar; Romania; Saudi Arabia; Serbia; Slovakia; Slovenia; Spain; Sweden; Switzerland; Tunisia; Türkiye; Ukraine; United Arab Emirates; United Kingdom Native","22725141","281861442","https://www.iucnredlist.org/species/pdf/281861442","NA"
"Rana aurora","Canada; United States","58553","196335511","https://www.iucnredlist.org/species/pdf/196335511","Graham; Island; Queen; Charlotte; Islands; Gwaii; British; Columbia"
"Rana japonica","Japan","58625","179266101","https://www.iucnredlist.org/species/pdf/179266101","NA"
"Rana temporaria","Albania; Andorra; Austria; Belarus; Belgium; Bulgaria; Croatia; Czechia; Denmark; Finland; France ); Germany; Greece ); Hungary; Ireland; Italy ); Kazakhstan; Liechtenstein; Luxembourg; Montenegro; Netherlands; North","173101508","89705642","https://www.iucnredlist.org/species/pdf/89705642","NA"
"Ranunculus aquatilis","Albania; Algeria; Andorra; Austria; Belgium; Bulgaria; Canada; Chile; China; Croatia; Czech Republic; Denmark; Estonia; Finland; France ); Germany; Greece; Kriti); Hungary; Ireland; Isle of Man; Italy; Sardegna; Sicilia); Japan; Latvia; Libya; Liechtenstein; Lithuania; Luxembourg; Macedonia; the former Yugoslav Republic of; Malta; Mongolia; Montenegro; Morocco; Netherlands; Norway; Poland; Romania; Serbia; Slovakia; Slovenia; Spain ); Sweden; Switzerland; Tunisia; Ukraine ); United Kingdom; United States","164182","63309730","https://www.iucnredlist.org/species/pdf/63309730","NA"
"Ranunculus baudotii","Austria; Belgium; Czech Republic; Denmark; Estonia; Finland; France ); Germany; Greece ); Guernsey; Ireland; Italy; Sicilia); Jersey; Latvia; Malta; Netherlands; Norway; Poland; Portugal ); Slovakia; Spain ); Sweden; United Kingdom","175244","7128083","https://www.iucnredlist.org/species/pdf/7128083","NA"
"Ranunculus flammula","Albania; Algeria; Armenia; Austria; Belarus; Belgium; Bosnia and Herzegovina; Bulgaria; Canada; Croatia; Czech Republic; Denmark; Estonia; Faroe Islands; Finland; France ); Germany; Greece ); Guernsey; Hungary; Ireland; Isle of Man; Italy; Sardegna; Sicilia); Jersey; Latvia; Liechtenstein; Lithuania; Luxembourg; Macedonia; the former Yugoslav Republic of; Moldova; Montenegro; Morocco; Netherlands; Norway; Poland; Portugal ); Romania; Russian Federation; Serbia; Slovakia; Slovenia; Spain ); Sweden; Switzerland; Turkey; Ukraine ); United Kingdom; United States","164282","42405074","https://www.iucnredlist.org/species/pdf/42405074","NA"
"Ranunculus peltatus","Algeria; Andorra; Austria; Belgium; Bosnia and Herzegovina; Bulgaria; Croatia; Cyprus; Czech Republic; Denmark; Egypt; Estonia; Finland; France ); Germany; Greece; Kriti); Guernsey; Hungary; Ireland; Isle of Man; Israel; Italy; Sardegna; Sicilia); Jersey; Jordan; Latvia; Lebanon; Libya; Liechtenstein; Lithuania; Luxembourg; Macedonia; the former Yugoslav Republic of; Malta; Montenegro; Morocco; Netherlands; Norway; Palestinian Territory; Occupied; Poland; Portugal ); Romania; Serbia; Slovakia; Spain ); Sweden; Switzerland; Syrian Arab Republic; Tunisia; Turkey; United Kingdom","164265","42408104","https://www.iucnredlist.org/species/pdf/42408104","NA"
"Ranunculus reptans","Canada; China; Greenland; Japan; Kazakhstan; Mongolia; Saint Pierre and Miquelon; United States","167921","78457162","https://www.iucnredlist.org/species/pdf/78457162","NA"
"Ranunculus trichophyllus","Albania; Algeria; Andorra; Austria; Belgium; Bosnia and Herzegovina; Bulgaria; China; Croatia; Czech Republic; Denmark; Egypt; Estonia; Finland; France ); Germany; Greece; Kriti); Guernsey; Hungary; Iceland; Ireland; Isle of Man; Israel; Italy; Sardegna; Sicilia); Japan; Jersey; Kazakhstan; Korea; Republic of; Latvia; Lebanon; Libya; Liechtenstein; Lithuania; Luxembourg; Macedonia; the former Yugoslav Republic of; Malta; Moldova; Mongolia; Montenegro; Morocco; Netherlands; Norway; Palestinian Territory; Occupied; Poland; Portugal ); Romania; Russian Federation; Serbia; Slovakia; Slovenia; Spain ); Sweden; Switzerland; Syrian Arab Republic; Tunisia; Turkey; Ukraine ); United Kingdom; United States","164138","13572532","https://www.iucnredlist.org/species/pdf/13572532","NA"
"Rasbora borapetensis","Cambodia; Lao People's Democratic Republic; Malaysia; Thailand; Viet Nam Native; Presence Uncertain: Brunei Darussalam; China; Indonesia","180947","89801409","https://www.iucnredlist.org/species/pdf/89801409","Philippines; Singapore"
"Rasbora trilineata","Cambodia; Indonesia; Lao People's Democratic Republic; Malaysia; Thailand; Viet Nam","166864","89814638","https://www.iucnredlist.org/species/pdf/89814638","Southeast; Asia; Mekong; Kottelat; Mae; Khlong; Chao; Phraya; Thailand; Malay; Peninsula"
"Rastrineobola argentea","Kenya; Tanzania; United Republic of; Uganda","61257","47242399","https://www.iucnredlist.org/species/pdf/47242399","NA"
"Relictus solitarius","United States","19423","19032651","https://www.iucnredlist.org/species/pdf/19032651","NA"
"Rhamdia quelen","Argentina; Belize; Bolivia; Plurinational States of; Brazil; Colombia ); Costa Rica ); Ecuador ); El Salvador; Guatemala; Honduras; Mexico; Nicaragua; Panama; Peru","186386","1812282","https://www.iucnredlist.org/species/pdf/1812282","NA"
"Rhamphichthys hahni","Argentina; Bolivia; Plurinational States of; Brazil; Paraguay","164533766","164533901","https://www.iucnredlist.org/species/pdf/164533901","NA"
"Rhinella marina","Bolivia; Plurinational States of; Brazil; Colombia ); Ecuador ); French Guiana; Guyana; Peru; Suriname; Trinidad and Tobago; Venezuela; Bolivarian Republic of )","100099625","2951416","https://www.iucnredlist.org/species/pdf/2951416","Antigua and Barbuda; Aruba; Australia; Bahamas; Barbados; Dominican Republic; Grenada; Guadeloupe; Guam; Haiti; Jamaica; Japan; Martinique; Montserrat; Northern Mariana Islands; Papua
New Guinea; Philippines; Puerto Rico; Saint Kitts and Nevis; Saint Lucia; Saint Vincent and the
Grenadines; Solomon Islands; Taiwan; Province of China; Turks and Caicos Islands; United States; Virgin Islands; U.S.; Queensland"
"Rhinichthys atratulus","Canada; United States","202361","18231369","https://www.iucnredlist.org/species/pdf/18231369","NA"
"Rhinichthys cataractae","Canada; Mexico; United States (Colorado; Connecticut; Delaware; District of Columbia; Georgia; Idaho; Illinois; Indiana; Iowa; Maine; Maryland; Massachusetts; Michigan; Minnesota; Montana; Nebraska; Nevada; New Hampshire; New Jersey; New Mexico -","62204","130050777","https://www.iucnredlist.org/species/pdf/130050777","NA"
"Rhinichthys osculus","Canada; Mexico; United States","62205","130051127","https://www.iucnredlist.org/species/pdf/130051127","Snake; River; Idaho."
"Rhinoclemmys punctularia","Brazil; French Guiana; Guyana; Suriname; Trinidad and Tobago; Venezuela; Bolivarian Republic of","170513","275854981","https://www.iucnredlist.org/species/pdf/275854981","NA"
"Rhinogobius brunneus","China; Japan; Korea; Democratic People's Republic of; Philippines; Taiwan; Province of China","170622794","48859299","https://www.iucnredlist.org/species/pdf/48859299","Iraq; United States"
"Rhinogobius giurinus","China (Tibet [or Xizang] -","166980","1159466","https://www.iucnredlist.org/species/pdf/1159466","NA"
"Rhinogobius lindbergi","China; Russian Federation  Native; Possibly","159668563","159668582","https://www.iucnredlist.org/species/pdf/159668582","NA"
"Rhodeus amarus","Armenia; Austria; Azerbaijan; Belarus; Bosnia and Herzegovina; Bulgaria; Croatia; France ); Georgia; Greece ); Hungary; Iran; Islamic Republic of; Italy ); Moldova; Montenegro; North Macedonia; Portugal ); Romania; Russian Federation; Serbia; Slovakia; Slovenia; Spain ); Switzerland; Türkiye; Ukraine; United Kingdom","135635","135108660","https://www.iucnredlist.org/species/pdf/135108660","Albania; Belgium; Czechia; Denmark; France; Germany; Italy; Kazakhstan; Latvia; Lithuania; Luxembourg; Netherlands; Poland; United Kingdom"
"Rhodeus sericeus","China; Mongolia; Russian Federation","19671","156743573","https://www.iucnredlist.org/species/pdf/156743573","NA"
"Rhodeus sinensis","China; Korea; Democratic People's Republic of; Republic of; Russian Federation","166120","6178327","https://www.iucnredlist.org/species/pdf/6178327","NA"
"Rhynchocypris oxycephalus","China; Japan; Russian Federation","159709916","159709987","https://www.iucnredlist.org/species/pdf/159709987","NA"
"Rhynchospora corymbosa","Angola; Bangladesh; Benin; Burkina Faso; Burundi; Central African Republic; Chad; China; Colombia; Congo; The Democratic Republic of the; Costa Rica; El Salvador; Ethiopia; Gabon; Ghana; Guatemala; India; Indonesia; Kenya; Madagascar; Malawi; Malaysia; Mexico; Myanmar; Nigeria; Pakistan; Panama; Philippines; Rwanda; South Africa; South Sudan; Sri Lanka; Sudan; Tanzania; United Republic of; Thailand; Togo; Uganda; Venezuela; Bolivarian Republic of; Viet Nam; Zambia; Zimbabwe Native; Possibly","177041","65923458","https://www.iucnredlist.org/species/pdf/65923458","NA"
"Richardsonius balteatus","Canada; United States","202368","18234383","https://www.iucnredlist.org/species/pdf/18234383","NA"
"Richardsonius egregius","United States","202369","18236394","https://www.iucnredlist.org/species/pdf/18236394","NA"
"Rineloricaria parva","Argentina; Bolivia; Plurinational States of; Brazil; Paraguay; Uruguay","49830024","160338835","https://www.iucnredlist.org/species/pdf/160338835","NA"
"Rita rita","Bangladesh; India; Nepal","166602","6245095","https://www.iucnredlist.org/species/pdf/6245095","NA"
"Rocio octofasciata","Belize; Guatemala; Honduras; Mexico; United States (Florida -","192905","2179785","https://www.iucnredlist.org/species/pdf/2179785","Atlantic; Mexico; Central; America."
"Roeboides descalvadensis","Argentina; Bolivia; Plurinational States of; Brazil; Colombia ); Paraguay; Peru","162751290","162751301","https://www.iucnredlist.org/species/pdf/162751301","Amazon; La; Plata; Almirón"
"Roeboides guatemalensis","Panama","150106380","150107017","https://www.iucnredlist.org/species/pdf/150107017","NA"
"Roeboides occidentalis","Colombia ); Ecuador ); Panama","169377","53824553","https://www.iucnredlist.org/species/pdf/53824553","Pacific; Panama; Ecuador.; Central"
"Romanogobio albipinnatus","Belarus; Kazakhstan; Russian Federation","9295","137285171","https://www.iucnredlist.org/species/pdf/137285171","NA"
"Romanogobio belingi","Austria; Belarus; Belgium; Czechia; France ); Germany; Liechtenstein; Luxembourg; Moldova; Netherlands; Poland; Russian Federation; Slovakia; Switzerland; Ukraine","135668","135110020","https://www.iucnredlist.org/species/pdf/135110020","NA"
"Romanogobio benacensis","Croatia; Italy ); Slovenia","61343","137286239","https://www.iucnredlist.org/species/pdf/137286239","NA"
"Romanogobio pentatrichus","Russian Federation","135560","4145537","https://www.iucnredlist.org/species/pdf/4145537","NA"
"Rotala densiflora","Australia; Bangladesh; India; Myanmar; Nepal; Pakistan; Sri Lanka","177126","7373132","https://www.iucnredlist.org/species/pdf/7373132",""
"Rotala mexicana","Angola; Australia; Bangladesh; Benin; Botswana; Burkina Faso; Cameroon; Central African Republic; Chad; China; Guinea; Guinea-Bissau; India; Kenya; Malawi; Mali; Mauritania; Mozambique; Myanmar; Namibia; Nigeria; Papua New Guinea; Senegal; South Africa; South Sudan; Sudan; Taiwan; Province of China; Tanzania; United Republic of; Togo; Uganda; Zambia; Zimbabwe","177120","140423420","https://www.iucnredlist.org/species/pdf/140423420","NA"
"Rotala ramosior","Belize; Bolivia; Plurinational States of; Brazil; Canada; China; Colombia; Costa Rica; Ecuador; El Salvador; Honduras; Japan; Mexico; Nicaragua; Panama; Paraguay; Peru; Taiwan; Province of China; United States; Venezuela; Bolivarian Republic of","64323857","67730707","https://www.iucnredlist.org/species/pdf/67730707","NA"
"Rutilus frisii","Azerbaijan; Bulgaria; Georgia; Iran; Islamic Republic of; Moldova; Romania; Russian Federation; Türkiye; Ukraine Native; Possibly","19782","135091993","https://www.iucnredlist.org/species/pdf/135091993","NA"
"Rutilus rutilus","Austria; Belarus; Belgium; Bosnia and Herzegovina; Bulgaria; Croatia; Czechia; Denmark; Estonia; Finland; France ); Germany; Greece ); Hungary; Latvia; Liechtenstein; Lithuania; Luxembourg; Moldova; Montenegro; Netherlands; North Macedonia; Norway; Poland; Romania; Russian Federation; Serbia; Slovakia; Slovenia; Sweden; Switzerland; Türkiye; Ukraine; United Kingdom","19787","58301083","https://www.iucnredlist.org/species/pdf/58301083","Algeria; Australia; Cyprus; France; Ireland; Isle of
Man; Italy; Jersey; Morocco; Portugal; Spain; Tunisia; United Kingdom; Port; Phillip; Bay; Goulburn; River; The; IUCN; Red; List; Threatened; Species:; Rutilus"
"Sabanejewia larvata","Croatia; Italy )","19794","137328226","https://www.iucnredlist.org/species/pdf/137328226","NA"
"Sagittaria brevirostra","Canada; United States","64324204","67730747","https://www.iucnredlist.org/species/pdf/67730747","NA"
"Sagittaria graminea","Canada; Cuba; United States (Washington -","64324213","67730762","https://www.iucnredlist.org/species/pdf/67730762","NA"
"Sagittaria guayanensis","Afghanistan; Argentina; Bangladesh; Bhutan; Bolivia; Plurinational States of; Brazil; Burkina Faso; Cameroon; Chad; China; Colombia; Costa Rica; Côte d'Ivoire; Dominican Republic; Ecuador; El Salvador; French Guiana; Gambia; Ghana; Guatemala; Guinea; Guinea-Bissau; Guyana; Honduras; India;","168736","140380812","https://www.iucnredlist.org/species/pdf/140380812","NA"
"Sagittaria latifolia","Canada; United States","64324216","67730767","https://www.iucnredlist.org/species/pdf/67730767","NA"
"Sagittaria rigida","Canada; United States","64324226","67730772","https://www.iucnredlist.org/species/pdf/67730772","NA"
"Sagittaria sagittifolia","Åland Islands; Albania; Andorra; Australia; Austria; Belgium; Bosnia and Herzegovina; Bulgaria; Croatia; Czech Republic; Denmark; Estonia; Faroe Islands; Finland; France; Germany; Gibraltar; Greece; Greenland; Guernsey; Holy See; Hungary; Iceland; Ireland; Isle of Man; Italy; Jersey; Latvia; Liechtenstein; Lithuania; Luxembourg; Macedonia; the former Yugoslav Republic of; Malta; Monaco; Montenegro; Netherlands; Norway; Poland; Portugal; Romania; San Marino; Serbia; Slovakia; Slovenia; Spain; Svalbard and Jan Mayen; Sweden; Switzerland; Turkey; United Kingdom; Viet Nam","167821","43126944","https://www.iucnredlist.org/species/pdf/43126944","NA"
"Sagittaria trifolia","Afghanistan; Cambodia; China; Hong Kong; India; Indonesia; Iran; Islamic Republic of; Japan; Kazakhstan; Kyrgyzstan; Lao People's Democratic Republic; Macao; Malaysia; Myanmar; Nepal; Philippines; Russian Federation; Taiwan; Province of China; Thailand; Turkmenistan; Uzbekistan; Viet Nam","168772","6535894","https://www.iucnredlist.org/species/pdf/6535894","NA"
"Salamandra salamandra","Albania; Andorra; Austria; Belgium; Bosnia and Herzegovina; Bulgaria; Croatia; Czechia; France ); Germany; Greece ); Hungary; Italy ); Liechtenstein; Luxembourg; Montenegro; Netherlands; North Macedonia; Poland; Portugal","59467","219148292","https://www.iucnredlist.org/species/pdf/219148292","NA"
"Salminus brasiliensis","Argentina; Bolivia; Plurinational States of; Brazil; Paraguay; Uruguay","186400","1812492","https://www.iucnredlist.org/species/pdf/1812492","Brazil"
"Salminus franciscanus","Brazil","186423","1812837","https://www.iucnredlist.org/species/pdf/1812837","NA"
"Salmo abanticus","Turkey","19515210","19849316","https://www.iucnredlist.org/species/pdf/19849316","NA"
"Salmo dentex","Albania; Bosnia and Herzegovina; Croatia; Montenegro; North Macedonia; Serbia","19857","258087198","https://www.iucnredlist.org/species/pdf/258087198","NA"
"Salmo farioides","Albania; Bosnia and Herzegovina; Croatia; Greece ); Montenegro; North Macedonia; Serbia","146277755","146278833","https://www.iucnredlist.org/species/pdf/146278833","NA"
"Salmo ischchan","Armenia","54923065","54923090","https://www.iucnredlist.org/species/pdf/54923090","NA"
"Salmo labrax","Austria; Belarus; Bosnia and Herzegovina; Bulgaria; Croatia; Czechia; Hungary; Moldova; Montenegro; North Macedonia; Poland; Romania; Russian Federation; Serbia; Slovakia; Slovenia; Ukraine FAO Marine Fishing Areas: Native: Mediterranean and Black Sea","135658","135109488","https://www.iucnredlist.org/species/pdf/135109488","NA"
"Salmo letnica","Albania; North Macedonia","19858","137328386","https://www.iucnredlist.org/species/pdf/137328386","NA"
"Salmo macrostigma","Algeria","61253","12454554","https://www.iucnredlist.org/species/pdf/12454554","NA"
"Salmo marmoratus","Albania; Bosnia and Herzegovina; Croatia; Italy ); Montenegro; Slovenia; Switzerland","19859","275821793","https://www.iucnredlist.org/species/pdf/275821793","NA"
"Salmo salar","Belarus; Canada; Denmark; Estonia; Faroe Islands; Finland; France ); Greenland; Iceland; Ireland; Isle of Man; Latvia; Lithuania; Norway; Portugal ); Russian Federation; Spain ); Sweden; United Kingdom; United States Native; Extinct: Belgium; Czechia; Netherlands; Poland; Slovakia; Switzerland","19855","67373433","https://www.iucnredlist.org/species/pdf/67373433","Argentina; Australia; Chile; China; French Southern Territories; Korea; Democratic People's Republic of"
"Salmo trutta","Andorra; Austria; Belarus; Belgium; Croatia; Czechia; Denmark; Estonia; Faroe Islands; Finland; France ); Germany; Hungary; Iceland; Ireland; Isle of Man; Jersey; Latvia; Liechtenstein; Lithuania; Luxembourg; Netherlands; Norway; Poland; Portugal ); Russian Federation; Slovakia; Slovenia; Spain ); Sweden; Switzerland; Ukraine; United Kingdom","19861","58301467","https://www.iucnredlist.org/species/pdf/58301467","Canada; Chile; Italy; Sardegna; Sicilia; Moldova; Romania; Russian Federation; Serbia; Ukraine; United States"
"Salvelinus alpinus","Austria; Canada; Finland; Germany; Greenland; Iceland; Ireland; Norway; Russian Federation; Sweden; United Kingdom; United States","242222668","242224493","https://www.iucnredlist.org/species/pdf/242224493","Italy; Spain"
"Salvelinus confluentus","Canada; United States","19875","9094983","https://www.iucnredlist.org/species/pdf/9094983","NA"
"Salvelinus fontinalis","Canada; United States FAO Marine Fishing Areas: Native: Atlantic - northwest","61278","18229011","https://www.iucnredlist.org/species/pdf/18229011","NA"
"Salvelinus lepechini","Russian Federation  Native; Presence Uncertain: Finland; Norway; Sweden","135416","135105370","https://www.iucnredlist.org/species/pdf/135105370","NA"
"Salvelinus leucomaenis","China; Japan; Korea; Democratic People's Republic of; Russian Federation","159723084","159723115","https://www.iucnredlist.org/species/pdf/159723115","NA"
"Salvelinus malma","Canada; China; Japan; Korea; Democratic People's Republic of; Russian Federation; United States FAO Marine Fishing Areas: Native: Arctic Sea Native: Pacific - northeast Native: Pacific - northwest","202647","18232551","https://www.iucnredlist.org/species/pdf/18232551","NA"
"Salvelinus namaycush","Canada; United States","13151187","18230195","https://www.iucnredlist.org/species/pdf/18230195","NA"
"Salvinia cucullata","Bangladesh; Cambodia; India; Indonesia; Lao People's Democratic Republic; Myanmar ); Thailand; Viet Nam","168857","6541745","https://www.iucnredlist.org/species/pdf/6541745","NA"
"Salvinia hastata","Kenya; Madagascar; Malawi; Mozambique; Tanzania; United Republic of","185729","120223433","https://www.iucnredlist.org/species/pdf/120223433","NA"
"Salvinia natans","Algeria; Armenia; Azerbaijan; Bangladesh; Belarus; Bosnia and Herzegovina; Bulgaria; China; Croatia; Czech Republic; Georgia; Germany; Greece ); Hong Kong; Hungary; India; Iran; Islamic Republic of; Iraq; Israel; Italy ); Japan; Kazakhstan; Lithuania; Macao; Macedonia; the former Yugoslav Republic of; Moldova; Mongolia; Pakistan; Poland; Romania; Russian Federation; Serbia; Slovakia; Slovenia; Spain ); Syrian Arab Republic; Taiwan; Province of China ); Thailand; Turkey; Ukraine ); Viet Nam Regionally extinct: Netherlands; Switzerland","163996","5688211","https://www.iucnredlist.org/species/pdf/5688211","NA"
"Salvinia nymphellula","Benin; Cameroon; Côte d'Ivoire; Gabon; Gambia; Ghana; Niger; Nigeria; Togo","185676","140515736","https://www.iucnredlist.org/species/pdf/140515736","NA"
"Sandelia capensis","South Africa","19890","99447632","https://www.iucnredlist.org/species/pdf/99447632","NA"
"Sander canadensis","Canada; United States","202604","18235203","https://www.iucnredlist.org/species/pdf/18235203","NA"
"Sander lucioperca","Afghanistan; Armenia; Austria; Azerbaijan; Belarus; Bosnia and Herzegovina; Bulgaria; Croatia; Czechia; Denmark; Estonia; Finland; Georgia; Germany; Greece ); Hungary; Iran; Islamic Republic of; Kazakhstan; Kyrgyzstan; Latvia; Lithuania; Moldova; Montenegro; North Macedonia; Norway; Poland; Romania; Russian Federation; Serbia; Slovakia; Slovenia; Sweden; Switzerland; Tajikistan; Turkmenistan; Türkiye; Ukraine; Uzbekistan","20860","58302439","https://www.iucnredlist.org/species/pdf/58302439","Algeria; Belgium; France; Italy; Morocco; Netherlands; Russian Federation; Spain; Tunisia; Türkiye; United Kingdom"
"Sander vitreus","Canada; United States","202605","18229159","https://www.iucnredlist.org/species/pdf/18229159","NA"
"Sander volgensis","Austria; Belarus; Bosnia and Herzegovina; Bulgaria; Croatia; Czechia; Georgia; Hungary; Kazakhstan; Moldova; Montenegro; North Macedonia; Romania; Russian Federation; Serbia; Slovakia; Slovenia; Ukraine","20862","135092763","https://www.iucnredlist.org/species/pdf/135092763","Germany; Russian Federation"
"Sarcocheilichthys variegatus","Japan; Korea; Republic of Native; Possibly","110464523","110464530","https://www.iucnredlist.org/species/pdf/110464530","Japan; Korean; Han"
"Sarkidiornis melanotos","Angola; Bangladesh; Benin; Botswana; Burkina Faso; Burundi; Cambodia; Cameroon; Central African Republic; Chad; China; Congo; The Democratic Republic of the; Côte d'Ivoire; Eritrea; Eswatini; Ethiopia; Gabon; Gambia; Ghana; Guinea; Guinea-Bissau; India; Kenya; Lao People's Democratic Republic; Lesotho; Liberia; Madagascar; Malawi; Mali; Mauritania; Mozambique; Myanmar; Namibia; Nepal; Niger; Nigeria; Rwanda; Senegal; Sierra Leone; Somalia; South Africa; South Sudan; Sudan; Tanzania; United Republic of; Thailand; Togo; Uganda; Viet Nam; Zambia; Zimbabwe Native; Possibly Extinct: Pakistan; Sri Lanka","45953631","265011614","https://www.iucnredlist.org/species/pdf/265011614","NA"
"Sarmarutilus rubilio","Italy )","19786","137285791","https://www.iucnredlist.org/species/pdf/137285791","Italy"
"Sarotherodon galilaeus","Benin; Burkina Faso; Cameroon; Central African Republic; Chad; Congo;","62220","58310155","https://www.iucnredlist.org/species/pdf/58310155","Chile; Gabon; Iraq; Oman"
"Sarotherodon melanotheron","Benin; Cameroon; Congo; The Democratic Republic of the; Côte d'Ivoire; Gambia; Ghana; Guinea; Guinea-Bissau; Liberia; Mauritania; Nigeria; Senegal; Sierra Leone; Togo","182038","58328597","https://www.iucnredlist.org/species/pdf/58328597","Cambodia; Philippines; Suriname; United States"
"Sarotherodon occidentalis","Guinea; Guinea-Bissau; Liberia; Mali; Mauritania; Senegal","181791","134881729","https://www.iucnredlist.org/species/pdf/134881729","NA"
"Sartoriana spinigera","Bangladesh; India; Pakistan","134949","4040813","https://www.iucnredlist.org/species/pdf/4040813","NA"
"Satanoperca jurupari","Bolivia; Plurinational States of; Brazil; Colombia; Ecuador; French Guiana; Peru","49830178","160406848","https://www.iucnredlist.org/species/pdf/160406848","Singapore; Amazon; Bolivia; Brazil; Colombia; Ecuador; French; Guiana; Peru"
"Satanoperca pappaterra","Bolivia; Plurinational States of; Brazil; Paraguay","49830174","160406981","https://www.iucnredlist.org/species/pdf/160406981","NA"
"Saururus cernuus","Canada; United States","64324394","67730877","https://www.iucnredlist.org/species/pdf/67730877","NA"
"Sauvagesia erecta","Angola; Antigua and Barbuda; Argentina; Belize; Benin; Bolivia; Plurinational States of; Brazil; Burkina Faso; Burundi; Cameroon; Central African Republic; Chad; Colombia; Congo; The Democratic Republic of the; Costa Rica; Côte d'Ivoire; Dominica; Dominican Republic; Ecuador; French Guiana; Gabon; Gambia; Ghana; Grenada; Guadeloupe; Guatemala; Guinea; Guinea-Bissau; Guyana; Haiti; Kenya; Liberia; Madagascar; Mali; Mexico; Mozambique; Nicaragua; Nigeria; Panama; Paraguay; Puerto Rico; Saint Kitts and Nevis; Saint Lucia; Saint Martin; Saint Vincent and the Grenadines; Senegal; Sierra Leone; Sint Maarten; South Sudan; Sudan; Suriname; Tanzania; United Republic of; Togo; Trinidad and Tobago; Uganda; Venezuela; Bolivarian Republic of; Virgin Islands; British; U.S.; Zambia","136663180","136663184","https://www.iucnredlist.org/species/pdf/136663184","NA"
"Sayamia bangkokensis","Thailand","134790","4013990","https://www.iucnredlist.org/species/pdf/4013990","NA"
"Scardinius erythrophthalmus","Afghanistan; Armenia; Austria; Azerbaijan; Belarus; Belgium; Bosnia and Herzegovina; Bulgaria; Croatia; Czechia; Denmark; Estonia; Finland; France ); Georgia; Germany; Greece ); Hungary; Iran; Islamic Republic of; Kazakhstan; Kyrgyzstan; Latvia; Liechtenstein; Lithuania; Luxembourg; Moldova; Montenegro; Netherlands; Norway; Poland; Romania; Russian Federation; Serbia; Slovakia; Slovenia; Sweden; Switzerland; Tajikistan; Turkmenistan; Türkiye; Ukraine; United Kingdom; Uzbekistan","19946","58302044","https://www.iucnredlist.org/species/pdf/58302044","France; Ireland; Italy; Spain"
"Scardinius graecus","Greece )","19947","137328692","https://www.iucnredlist.org/species/pdf/137328692","NA"
"Scardinius hesperidicus","Italy ); Switzerland","135521","201986094","https://www.iucnredlist.org/species/pdf/201986094","France"
"Scatophagus argus","Australia; Bangladesh; Cambodia; China; Fiji; French Polynesia; Hong Kong; India; Indonesia; Iran; Islamic Republic of; Japan; Kuwait; Malaysia; Micronesia; Federated States of; Myanmar; New Caledonia; Oman; Pakistan; Palau; Papua New Guinea; Philippines; Samoa; Singapore; Sri Lanka; Taiwan; Province of China; Thailand; Tonga; Vanuatu; Viet Nam; Yemen FAO Marine Fishing Areas: Native: Indian Ocean - eastern; Indian Ocean - western; Pacific - eastern central; Pacific - northwest; Pacific - southwest; Pacific - western central","155268","4761779","https://www.iucnredlist.org/species/pdf/4761779","NA"
"Schilbe intermedius","Angola; Benin; Botswana; Burkina Faso; Burundi; Cameroon; Central African Republic; Chad; Congo; The Democratic Republic of the; Côte d'Ivoire; Eswatini; Ethiopia; Gambia; Ghana; Guinea; Guinea-Bissau; Kenya; Malawi; Mali; Mauritania; Mozambique; Namibia; Niger; Nigeria; Rwanda; Senegal; South Africa; Sudan; Tanzania; United Republic of; Togo; Uganda; Zambia; Zimbabwe","181729","135029310","https://www.iucnredlist.org/species/pdf/135029310","Pongolo; River; Vos"
"Schilbe mystus","Angola; Benin; Burkina Faso; Cameroon; Central African Republic; Chad; Congo; The Democratic Republic of the; Côte d'Ivoire; Egypt; Egypt ); Ethiopia; Ghana; Guinea; Guinea-Bissau; Liberia; Mali; Mauritania; Nigeria; Senegal; Sierra Leone; Togo; Uganda; Zambia","60385","47186188","https://www.iucnredlist.org/species/pdf/47186188","NA"
"Schizothorax argentatus","China; Kazakhstan","156744412","156744418","https://www.iucnredlist.org/species/pdf/156744418","NA"
"Schizothorax eurystomus","China; Kyrgyzstan; Tajikistan; Uzbekistan","169838369","169838374","https://www.iucnredlist.org/species/pdf/169838374","NA"
"Schoenoplectus lacustris","Albania; Austria; Belarus; Belgium; Bosnia and Herzegovina; Bulgaria; Croatia; Czech Republic; Denmark; Finland; France ); Germany; Greece; Kriti); Hungary; Ireland; Isle of Man; Italy; Sardegna; Sicilia); Liechtenstein; Luxembourg; Macedonia; the former Yugoslav Republic of; Moldova; Montenegro; Netherlands; Norway; Poland; Portugal ); Romania; Russian Federation; Serbia; Slovenia; Spain ); Sweden; Switzerland; Turkey; Ukraine; United Kingdom; Yemen","164207","13552677","https://www.iucnredlist.org/species/pdf/13552677","NA"
"Schoenoplectus tabernaemontani","Afghanistan; Albania; Algeria; Argentina; Australia; Austria; Azerbaijan; Belarus; Belgium; Bermuda; Brazil; Bulgaria; Canada; China; Costa Rica; Croatia; Cuba; Czech Republic; Denmark; Dominica; Finland; France; Germany; Greece; Kriti); Guatemala; Honduras; Hungary; Iran; Islamic Republic of; Ireland; Italy; Sicilia); Jamaica; Japan; Kazakhstan; Korea; Democratic People's Republic of; Kyrgyzstan; Lebanon; Macedonia; the former Yugoslav Republic of; Mexico; Morocco; Nepal; Netherlands; New Caledonia; New Zealand; Nicaragua; Norway; Pakistan; Palestinian Territory; Occupied; Papua New Guinea ); Paraguay; Philippines; Poland; Portugal; Puerto Rico; Romania; Russian Federation; Slovakia; Slovenia; Spain; Sweden; Switzerland; Syrian Arab Republic; Taiwan; Province of China; Tajikistan; Turkey; Turkmenistan; Ukraine; United Kingdom; United States; Uruguay; Uzbekistan; Vanuatu; Viet Nam","175246","1420606","https://www.iucnredlist.org/species/pdf/1420606","NA"
"Sciaenochromis ahli","Malawi; Mozambique; Tanzania; United Republic of","60965","47225751","https://www.iucnredlist.org/species/pdf/47225751","NA"
"Sciaenochromis fryeri","Malawi; Mozambique; Tanzania; United Republic of","60967","47225862","https://www.iucnredlist.org/species/pdf/47225862","NA"
"Scirpus cyperinus","Canada (Alberta; British Columbia -","64324862","67730942","https://www.iucnredlist.org/species/pdf/67730942","NA"
"Scirpus pendulus","Canada; United States","64324889","67730982","https://www.iucnredlist.org/species/pdf/67730982","NA"
"Scleromystax barbatus","Brazil","187109","1823254","https://www.iucnredlist.org/species/pdf/1823254","NA"
"Scleropages formosus","Cambodia; Indonesia; Malaysia; Thailand; Viet Nam","152320185","89797267","https://www.iucnredlist.org/species/pdf/89797267","NA"
"Scleropages jardinii","Australia; Indonesia; Papua New Guinea )","122899850","123382026","https://www.iucnredlist.org/species/pdf/123382026","NA"
"Scleropages leichardti","Australia","20035","123379072","https://www.iucnredlist.org/species/pdf/123379072","NA"
"Sclerophrys gutturalis","Angola; Botswana; Congo; The Democratic Republic of the; Kenya; Lesotho; Malawi; Mozambique; Namibia; Somalia; South Africa; Swaziland; Tanzania; United Republic of; Zambia; Zimbabwe","54659","107346817","https://www.iucnredlist.org/species/pdf/107346817","NA"
"Sclerophrys mauritanica","Algeria; Morocco; Spain; Tunisia Native; Possibly","54703","89699988","https://www.iucnredlist.org/species/pdf/89699988","NA"
"Sclerophrys regularis","Angola; Benin; Burkina Faso; Cameroon; Central African Republic; Chad; Congo; The Democratic Republic of the; Côte d'Ivoire; Egypt; Ethiopia; Gabon; Ghana; Guinea; Guinea-Bissau; Kenya; Liberia; Mali; Niger; Nigeria; Rwanda; Senegal; Sierra Leone; Sudan; Uganda","54747","107349840","https://www.iucnredlist.org/species/pdf/107349840","African; Senegal; Nilotic; Egypt; Sudan; Ethiopia; Democratic; Republic; Congo; Basin; Angola; Uganda; Kenya."
"Scopus umbretta","Angola; Benin; Botswana; Burkina Faso; Burundi; Cameroon; Central African Republic; Chad; Congo; The Democratic Republic of the; Côte d'Ivoire; Djibouti; Eritrea; Eswatini; Ethiopia; Gabon; Gambia; Ghana; Guinea; Guinea-Bissau; Kenya; Lesotho; Liberia; Madagascar; Malawi; Mali; Mauritania; Mozambique; Namibia; Niger; Nigeria; Rwanda; Saudi Arabia; Senegal; Sierra Leone; Somalia; South Africa; South Sudan; Sudan; Tanzania; United Republic of; Togo; Uganda; Yemen; Zambia; Zimbabwe","22697356","265021380","https://www.iucnredlist.org/species/pdf/265021380","NA"
"Scortum barcoo","Australia","122906630","123382331","https://www.iucnredlist.org/species/pdf/123382331","NA"
"Semisulcospira decipiens","Japan","189228","8704130","https://www.iucnredlist.org/species/pdf/8704130","NA"
"Semotilus atromaculatus","Canada; United States","202370","18232361","https://www.iucnredlist.org/species/pdf/18232361","NA"
"Semotilus corporalis","Canada; United States","202371","18231202","https://www.iucnredlist.org/species/pdf/18231202","NA"
"Serranochromis jallae","Angola; Botswana; Congo; The Democratic Republic of the; Namibia; Zambia; Zimbabwe","183121","134828684","https://www.iucnredlist.org/species/pdf/134828684","NA"
"Serranochromis robustus","Malawi; Mozambique; Tanzania; United Republic of","183133","99463210","https://www.iucnredlist.org/species/pdf/99463210","NA"
"Serrasalmus brandtii","Brazil","186780","1818269","https://www.iucnredlist.org/species/pdf/1818269","NA"
"Serrasalmus gibbus","Brazil","141062799","141062804","https://www.iucnredlist.org/species/pdf/141062804","NA"
"Serrasalmus humeralis","Bolivia; Plurinational States of; Brazil; Colombia ); Ecuador ); French Guiana; Guyana; Paraguay; Peru; Suriname","49830345","176236348","https://www.iucnredlist.org/species/pdf/176236348","NA"
"Serrasalmus maculatus","Argentina; Bolivia; Plurinational States of; Brazil; Colombia ); Paraguay; Peru; Uruguay","186889","1819904","https://www.iucnredlist.org/species/pdf/1819904","South; America; Brazil.; Amazon; Paraguay-Paraná; River; Argentina; Bolivia; Brazil; Colombia; Paraguay; Peru; Uruguay; Pauly; Fricke"
"Serrasalmus marginatus","Argentina; Bolivia; Plurinational States of; Brazil; Paraguay; Uruguay","186740","1817669","https://www.iucnredlist.org/species/pdf/1817669","Paraná-Paraguay; Brazil."
"Serrasalmus rhombeus","Bolivia; Plurinational States of; Brazil; Colombia ); Ecuador ); French Guiana; Guyana; Peru; Suriname; Venezuela; Bolivarian Republic of )","187046","1822309","https://www.iucnredlist.org/species/pdf/1822309","Amazon; Orinoco; Brazil."
"Serrasalmus sanchezi","Colombia ); Peru","49830344","53818218","https://www.iucnredlist.org/species/pdf/53818218","NA"
"Serrasalmus serrulatus","Brazil; Colombia ) Native; Presence Uncertain: Guyana; Venezuela; Bolivarian Republic of )","49830026","160410357","https://www.iucnredlist.org/species/pdf/160410357","NA"
"Serrasalmus spilopleura","Bolivia; Plurinational States of; Brazil; Colombia ); Ecuador ); Paraguay; Peru","186734","1817579","https://www.iucnredlist.org/species/pdf/1817579","Argentina; Brazil; French
Guiana; Guyana; Suriname; Uruguay; Venezuela; Bolivarian Republic of; South; America; Brazil."
"Sibirionetta formosa","Russian Federation  Native","22680317","280907776","https://www.iucnredlist.org/species/pdf/280907776","NA"
"Sicydium altum","Costa Rica )","171188889","171198901","https://www.iucnredlist.org/species/pdf/171198901","NA"
"Siebenrockiella crassicollis","Cambodia; Indonesia; Malaysia; Myanmar; Singapore; Thailand; Viet Nam","39616","2930856","https://www.iucnredlist.org/species/pdf/2930856","NA"
"Silurus aristotelis","Greece )","40712","137328905","https://www.iucnredlist.org/species/pdf/137328905","NA"
"Silurus asotus","China; Japan; Korea; Democratic People's Republic of; Republic of; Mongolia; Russian Federation; Taiwan; Province of China; Viet Nam","166951","159753933","https://www.iucnredlist.org/species/pdf/159753933","Russian Federation"
"Silurus glanis","Afghanistan; Armenia; Austria; Azerbaijan; Belarus; Bosnia and Herzegovina; Bulgaria; Croatia; Czechia; Estonia; Finland; France ); Georgia; Germany; Greece ); Hungary; Iran; Islamic Republic of; Kazakhstan; Kyrgyzstan; Latvia; Liechtenstein; Lithuania; Moldova; Montenegro; Netherlands; North Macedonia; Poland; Romania; Russian Federation; Serbia; Slovakia; Slovenia; Sweden; Tajikistan; Turkmenistan; Türkiye; Ukraine; Uzbekistan","40713","58305522","https://www.iucnredlist.org/species/pdf/58305522","Albania; Belgium; Denmark; Italy; Luxembourg"
"Sinanodonta woodiana","China","159995526","152010437","https://www.iucnredlist.org/species/pdf/152010437","Algeria; Austria; Belgium; Bulgaria; Czechia; France; Germany; Greece; Hungary; Italy; Kazakhstan; Morocco; Myanmar; Poland; Romania; Russian Federation; Serbia; Slovenia; Spain; Sweden; Ukraine; Uzbekistan"
"Siniperca chuatsi","China; Korea; Democratic People's Republic of; Republic of; Russian Federation","166918","1152189","https://www.iucnredlist.org/species/pdf/1152189","NA"
"Siniperca scherzeri","China; Korea; Democratic People's Republic of; Republic of","166159","1116001","https://www.iucnredlist.org/species/pdf/1116001","NA"
"Sinotaia quadrata","China; Hong Kong; Japan; Korea; Democratic People's Republic of; Republic of; Taiwan; Province of China )","166310","1129870","https://www.iucnredlist.org/species/pdf/1129870","NA"
"Siphateles bicolor","United States","62200","18229814","https://www.iucnredlist.org/species/pdf/18229814","NA"
"Sorubim lima","Argentina; Brazil; Colombia; Ecuador; Guyana;","187047","1822324","https://www.iucnredlist.org/species/pdf/1822324","NA"
"Sorubimichthys planiceps","Bolivia; Plurinational States of; Brazil; Colombia; Peru; Venezuela; Bolivarian Republic of","49829601","91631044","https://www.iucnredlist.org/species/pdf/91631044","NA"
"Sparganium emersum","Albania; Armenia; Austria; Azerbaijan; Belarus; Belgium; Bulgaria; Canada; China; Croatia; Czech Republic; Denmark; Estonia;","167926","6417775","https://www.iucnredlist.org/species/pdf/6417775","NA"
"Sparganium erectum","Albania; Austria; Belarus; Belgium; Bosnia and Herzegovina; Bulgaria; Canada; China; Croatia; Cyprus; Czech Republic; Denmark; Estonia; Finland; France ); Germany;","164140","42413426","https://www.iucnredlist.org/species/pdf/42413426","NA"
"Spartina alterniflora","Canada; United States","13491788","13491792","https://www.iucnredlist.org/species/pdf/13491792","NA"
"Spartina pectinata","Canada; United States","64325161","67731062","https://www.iucnredlist.org/species/pdf/67731062","NA"
"Spatula cyanoptera","Argentina; Bolivia; Plurinational States of; Brazil; Chile; Colombia; Ecuador; Falkland Islands; Mexico; Paraguay; Peru; United States; Uruguay; Venezuela; Bolivarian Republic of Native","22680233","139370416","https://www.iucnredlist.org/species/pdf/139370416","NA"
"Spatula hottentota","Angola; Burundi; Cameroon; Chad; Congo; The Democratic Republic of the; Djibouti; Eritrea; Ethiopia; Kenya; Madagascar; Malawi; Mozambique; Namibia; Niger; Nigeria; Rwanda; South Africa; Tanzania; United Republic of; Uganda; Zimbabwe Native","22680332","264989381","https://www.iucnredlist.org/species/pdf/264989381","NA"
"Spatula puna","Argentina; Bolivia; Plurinational States of; Chile; Peru","22680326","154877872","https://www.iucnredlist.org/species/pdf/154877872","NA"
"Spatula rhynchotis","Australia; New Zealand","22680243","264994587","https://www.iucnredlist.org/species/pdf/264994587","NA"
"Sphaerium corneum","Austria; Belgium; Bulgaria; Czech Republic; Denmark; Estonia; Finland; France ); Germany; Greece ); Guernsey; Hungary; Ireland; Italy; Sicilia); Jersey; Kazakhstan; Kyrgyzstan; Latvia; Liechtenstein; Lithuania; Luxembourg; Netherlands; Norway; Poland; Portugal ); Russian Federation; Slovakia; Spain ); Sweden; Switzerland; Tajikistan; Turkmenistan; Ukraine; United Kingdom; Uzbekistan","155511","731550","https://www.iucnredlist.org/species/pdf/731550","NA"
"Sphaerium rivicola","Austria; Belarus; Belgium; Bosnia and Herzegovina; Bulgaria; Czech Republic; Estonia; France ); Georgia; Germany; Hungary; Latvia; Liechtenstein; Luxembourg; Moldova; Netherlands; Poland; Romania; Russian Federation; Serbia; Slovakia; Slovenia; Switzerland; Turkey; Ukraine; United Kingdom","155853","4855157","https://www.iucnredlist.org/species/pdf/4855157","NA"
"Sphenoclea zeylanica","Afghanistan; Argentina; Australia; Bangladesh; Benin; Bolivia; Plurinational States of; Botswana; Brazil; Burkina Faso; Burundi; Cambodia; Cameroon; Central African Republic; Chad; China; Colombia; Congo; The Democratic Republic of the; Costa Rica; Cuba; Côte d'Ivoire;","164176","140387426","https://www.iucnredlist.org/species/pdf/140387426","NA"
"Spirodela polyrhiza","Australia; Austria; Belarus; Belgium; Belize; Benin; Bosnia and Herzegovina; Botswana; Bulgaria; Burundi; Cameroon; Canada; Chad; China; Colombia; Congo; The Democratic Republic of the; Costa Rica; Côte d'Ivoire; Croatia; Cuba; Czechia; Denmark; Dominica; Ecuador; Egypt ); El Salvador; Ethiopia; Finland; France ); Germany; Ghana; Greece ); Guatemala; Haiti; Honduras; Hungary; India; Indonesia; Iran; Islamic Republic of; Ireland; Italy; Sardegna; Sicilia); Jamaica; Japan; Kenya; Malawi; Malaysia; Mexico; Montenegro; Morocco; Mozambique; Namibia; Nepal; Netherlands; Nicaragua; Nigeria; North Macedonia; Norway; Palestine; State of; Panama; Papua New Guinea; Peru; Philippines; Poland; Portugal ); Puerto Rico; Romania; Russian Federation; Rwanda; Senegal; Serbia; Slovenia; South Africa; South Sudan; Spain ); Sudan; Taiwan; Province of China; Tanzania; United Republic of; Thailand; Togo; Turkey; Uganda; Ukraine ); United Kingdom; United States; Zambia; Zimbabwe","164229","120208445","https://www.iucnredlist.org/species/pdf/120208445","NA"
"Squalidus chankaensis","China; Mongolia; Russian Federation","166954","1156721","https://www.iucnredlist.org/species/pdf/1156721","NA"
"Squalidus gracilis","Japan; Korea; Republic of","197741544","219317579","https://www.iucnredlist.org/species/pdf/219317579","NA"
"Squalius alburnoides","Portugal ); Spain )","60400","137269351","https://www.iucnredlist.org/species/pdf/137269351","Atlantic; Iberian; Peninsula; Douro"
"Squalius cephalus","Austria; Belarus; Belgium; Bosnia and Herzegovina; Bulgaria; Croatia; Czechia; Denmark; Estonia; Finland; France ); Germany; Hungary; Kazakhstan; Latvia; Liechtenstein; Lithuania; Luxembourg; Moldova; Montenegro; Netherlands; North Macedonia; Norway; Poland; Romania; Russian Federation; Serbia; Slovakia; Slovenia; Sweden; Switzerland; Türkiye; Ukraine; United Kingdom","61205","135101356","https://www.iucnredlist.org/species/pdf/135101356","Ireland"
"Squalius vardarensis","Greece ); North Macedonia Native; Presence Uncertain: Serbia","135493","137333239","https://www.iucnredlist.org/species/pdf/137333239","NA"
"Stagnicola palustris","Albania; Algeria; Austria; Belgium; Bulgaria; Croatia; Czech Republic; Denmark; Estonia; Faroe Islands; Finland; France ); Germany; Greece ); Hungary; Ireland;","155505","14901168","https://www.iucnredlist.org/species/pdf/14901168","NA"
"Stagnicola turricula","Austria; Bulgaria; Czech Republic; Georgia; Germany; Hungary; Poland; Romania; Russian Federation; Slovakia; Turkey","155519","4791559","https://www.iucnredlist.org/species/pdf/4791559","NA"
"Steindachnerina brevipinna","Argentina; Bolivia; Plurinational States of; Brazil; Paraguay; Uruguay","186474","1813602","https://www.iucnredlist.org/species/pdf/1813602","NA"
"Stenodus leucichthys","Russian Federation  Native; Possibly Extinct: Azerbaijan; Iran; Islamic Republic of; Kazakhstan; Extinct: Russian Federation","20745","18231118","https://www.iucnredlist.org/species/pdf/18231118","NA"
"Stenodus nelma","Canada; Russian Federation; United States  FAO Marine Fishing Areas:","135545","135107116","https://www.iucnredlist.org/species/pdf/135107116","Volga; River; Sea"
"Sternotherus carinatus","United States","170492","251779169","https://www.iucnredlist.org/species/pdf/251779169","United States"
"Sternotherus odoratus","Canada; United States  Presence Uncertain & Origin Uncertain: Mexico","163450","161721733","https://www.iucnredlist.org/species/pdf/161721733","United; States; Wisconsin; Texas; Florida; Canada; Ontario; Quebec; Ernst"
"Stolothrissa tanganicae","Burundi; Congo; The Democratic Republic of the; Tanzania; United Republic of; Zambia","60752","47213591","https://www.iucnredlist.org/species/pdf/47213591","NA"
"Stratiotes aloides","Albania; Austria; Belarus; Belgium; Bulgaria; Croatia; Czech Republic; Denmark; Estonia; Finland; Georgia; Germany; Hungary; Kazakhstan; Latvia; Liechtenstein; Lithuania; Luxembourg; Moldova; Netherlands; Poland; Romania; Russian Federation; Serbia; Slovakia; Slovenia; Spain ); Sweden; Turkey; Ukraine ); United Kingdom Regionally extinct: Italy )","167872","42387458","https://www.iucnredlist.org/species/pdf/42387458","NA"
"Strongylopus grayii","Eswatini; Lesotho; South Africa  Native; Possibly","256624100","247844261","https://www.iucnredlist.org/species/pdf/247844261","Saint Helena; Ascension and Tristan da Cunha; Northern; Cape"
"Strongylura krefftii","Australia; Indonesia; Papua New Guinea )","122905606","123382211","https://www.iucnredlist.org/species/pdf/123382211","NA"
"Strongylura marina","Brazil; Colombia; French Guiana; Guyana; Honduras; Mexico; Nicaragua; Panama; Suriname; United States; Venezuela; Bolivarian Republic of FAO Marine Fishing Areas: Native: Atlantic - western central; Atlantic - northwest; Atlantic - southwest","155259","728197","https://www.iucnredlist.org/species/pdf/728197","Atlantic"
"Stuckenia filiformis","Afghanistan; Argentina; Canada; Chile; China; Ecuador; Greenland; Haiti; India; Iran; Islamic Republic of; Mongolia; Nepal; Pakistan; Palestinian Territory; Occupied; Peru; Russian Federation; Spain; Svalbard and Jan Mayen; Tajikistan; Turkey; Turkmenistan; United States","19619916","19620846","https://www.iucnredlist.org/species/pdf/19620846","NA"
"Stuckenia pectinata","Albania; Algeria; Angola; Australia; Austria; Bangladesh; Belgium; Bolivia; Plurinational States of; Botswana; Bulgaria; Burundi; Canada; Chile; China; Congo; The Democratic Republic of the; Croatia; Cuba; Cyprus; Czechia; Denmark; Ecuador ); Egypt; Eritrea; Estonia; Finland; France ); Germany; Greece; Guatemala; Haiti; Hungary; India; Indonesia; Iran; Islamic Republic of; Iraq; Ireland; Italy; Sardegna; Sicilia); Japan; Kazakhstan; Kenya; Korea; Democratic People's Republic of; Republic of; Kyrgyzstan; Latvia; Lebanon; Libya; Lithuania; Madagascar; Malawi; Mauritania; Mauritius; Mexico; Mongolia; Montenegro; Morocco; Mozambique; Myanmar; Namibia ); Nepal; Netherlands; New Zealand; North Macedonia; Norway; Oman; Pakistan; Palestine; State of; Panama; Peru; Philippines; Poland; Portugal ); Réunion; Romania; Russian Federation; Rwanda; Saint Pierre and Miquelon; Saudi Arabia; Serbia; Slovenia; South Africa; South Sudan; Spain ); Sri Lanka; Sudan; Switzerland; Syrian Arab Republic; Taiwan; Province of China; Tajikistan; Tanzania; United Republic of; Tunisia; Turkey; Turkmenistan; Uganda; Ukraine; United Kingdom; United States; Uzbekistan; Venezuela; Bolivarian Republic of; Zambia; Zimbabwe","168962","120220519","https://www.iucnredlist.org/species/pdf/120220519","NA"
"Stuckenia vaginata","Canada; Finland; Kazakhstan; Mongolia; Russian Federation; Sweden; United States","195506","78457197","https://www.iucnredlist.org/species/pdf/78457197","NA"
"Symphysodon aequifasciatus","Brazil","49830657","141105884","https://www.iucnredlist.org/species/pdf/141105884","NA"
"Symphysodon discus","Brazil","141105901","141105905","https://www.iucnredlist.org/species/pdf/141105905","NA"
"Synbranchus marmoratus","Argentina; Belize; Bolivia; Plurinational States of; Brazil; Colombia; Costa Rica; El Salvador; French Guiana; Guatemala; Guyana; Honduras; Mexico; Nicaragua; Panama; Paraguay; Suriname; Trinidad and Tobago; Venezuela; Bolivarian Republic of","186540","1814657","https://www.iucnredlist.org/species/pdf/1814657","NA"
"Syngnathus abaster","Albania; Algeria; Bosnia and Herzegovina; Bulgaria; Croatia; Cyprus; Egypt ); France ); Georgia; Gibraltar; Greece; Kriti); Israel; Italy; Sardegna; Sicilia); Lebanon; Libya; Malta; Moldova; Monaco; Montenegro; Morocco; Palestine; State of; Portugal ); Romania;","21257","135092980","https://www.iucnredlist.org/species/pdf/135092980","NA"
"Synodontis angelicus","Central African Republic; Congo; The Democratic Republic of the","181698","7708398","https://www.iucnredlist.org/species/pdf/7708398","NA"
"Synodontis eupterus","Burkina Faso; Cameroon; Central African Republic; Chad; Guinea; Mali; Nigeria Native; Presence Uncertain: Ethiopia; South Sudan; Sudan","182536","134962704","https://www.iucnredlist.org/species/pdf/134962704","NA"
"Synodontis ocellifer","Benin; Burkina Faso; Cameroon; Côte d'Ivoire; Gambia; Ghana; Guinea; Mali; Niger; Nigeria; Senegal; Togo Native; Presence Uncertain: Kenya","181597","134965071","https://www.iucnredlist.org/species/pdf/134965071","NA"
"Syntripsa matannensis","Indonesia","135110","109683277","https://www.iucnredlist.org/species/pdf/109683277","NA"
"Systomus rubripinnis","Cambodia; Indonesia; Lao People's Democratic Republic; Malaysia; Myanmar; Thailand","188062","1850240","https://www.iucnredlist.org/species/pdf/1850240","NA"
"Tadorna cana","Botswana; Lesotho; Namibia; South Africa","22680007","265009125","https://www.iucnredlist.org/species/pdf/265009125","NA"
"Tadorna ferruginea","Algeria; Armenia; Azerbaijan; Bangladesh; Bulgaria; China; Egypt; Ethiopia; Greece; India; Iran; Islamic Republic of; Iraq; Israel; Korea; Republic of; Kuwait; Lao People's Democratic Republic; Libya; Moldova; Nepal; Oman; Pakistan; Romania; Russian Federation; Saudi Arabia; Spain; Syrian Arab Republic; Thailand; Tunisia; Türkiye; Ukraine; Viet Nam Native","22680003","281866558","https://www.iucnredlist.org/species/pdf/281866558","NA"
"Tadorna tadorna","Afghanistan; Albania; Algeria; Armenia; Austria; Azerbaijan; Bangladesh; Belarus; Belgium; Bhutan; Bosnia and Herzegovina; Bulgaria; China; Croatia; Cyprus; Czechia; Denmark; Egypt; Estonia; Finland; France; Georgia; Germany; Greece; Hong Kong; Hungary; Iceland; India; Iran; Islamic Republic of; Iraq; Ireland; Israel; Italy; Japan; Jordan; Kazakhstan; Korea; Democratic People's Republic of; Republic of; Kuwait; Kyrgyzstan; Latvia; Lebanon; Libya; Lithuania; Malta; Moldova; Mongolia; Montenegro; Morocco; Netherlands; North Macedonia; Norway; Oman; Pakistan; Palestine; State of; Poland; Portugal; Qatar; Romania; Russian Federation; Saudi Arabia; Serbia; Slovakia; Slovenia; Spain; Sweden; Switzerland; Syrian Arab Republic; Tajikistan; Tunisia; Turkey; Turkmenistan; Ukraine; United Arab Emirates; United Kingdom; Uzbekistan; Yemen Vagrant: Bahrain; Ethiopia; Ghana; Gibraltar; Guinea-Bissau; Lao People's Democratic Republic; Liechtenstein; Luxembourg; Mauritania; Myanmar; Nepal; Philippines; Senegal; Sudan; Taiwan; Province of China; Thailand; Viet Nam","22680024","154560262","https://www.iucnredlist.org/species/pdf/154560262","NA"
"Tadorna tadornoides","Australia; New Zealand","22680011","265004964","https://www.iucnredlist.org/species/pdf/265004964","NA"
"Tadorna variegata","New Zealand","22680015","265006165","https://www.iucnredlist.org/species/pdf/265006165","NA"
"Takifugu ocellatus","China; Japan; Korea; Republic of; Philippines; Taiwan; Province of China; Viet Nam FAO Marine Fishing Areas: Native: Pacific - northwest Native: Pacific - western central","167006","174789028","https://www.iucnredlist.org/species/pdf/174789028","NA"
"Tamarix ramosissima","Afghanistan; Azerbaijan; China; Greece; Iran; Islamic Republic of; Iraq; Kazakhstan; Korea; Republic of; Kyrgyzstan; Mongolia; Pakistan; Russian Federation; Tajikistan; Turkey; Turkmenistan; Ukraine; Uzbekistan","21251979","175310011","https://www.iucnredlist.org/species/pdf/175310011","United States"
"Tampichthys ipni","Mexico","191295","1975289","https://www.iucnredlist.org/species/pdf/1975289","NA"
"Tanakia limbata","Japan","114828970","114829018","https://www.iucnredlist.org/species/pdf/114829018","NA"
"Tandanus tandanus","Australia","122902003","123382071","https://www.iucnredlist.org/species/pdf/123382071","NA"
"Tanichthys albonubes","China; Viet Nam Regionally extinct: Hong Kong","166073","6165399","https://www.iucnredlist.org/species/pdf/6165399","NA"
"Tarebia granifera","Bangladesh; Bhutan; Cambodia; China; Hong Kong; India; Indonesia; Japan; Malaysia; Myanmar ); Nepal; Philippines; Singapore; Sri Lanka; Taiwan; Province of China; Thailand; Viet Nam","165813","1102513","https://www.iucnredlist.org/species/pdf/1102513","NA"
"Taxodium distichum","United States","42261","2967873","https://www.iucnredlist.org/species/pdf/2967873","NA"
"Telestes souffia","Austria; Bosnia and Herzegovina; Croatia; Czechia; France ); Germany; Hungary; Italy ); Liechtenstein; Montenegro; Romania; Serbia; Slovenia; Switzerland; Ukraine Native; Presence Uncertain: Albania","61397","137342065","https://www.iucnredlist.org/species/pdf/137342065","NA"
"Telmatherina celebensis","Indonesia","21573","90980085","https://www.iucnredlist.org/species/pdf/90980085","NA"
"Telmatochromis bifrenatus","Burundi; Congo; The Democratic Republic of the; Tanzania; United Republic of; Zambia","60685","12385119","https://www.iucnredlist.org/species/pdf/12385119","NA"
"Tenuipedium palaemonoides","Indonesia","197629","2493800","https://www.iucnredlist.org/species/pdf/2493800","NA"
"Terapon jarbua","Australia; Bahrain; Bangladesh; Cambodia; China; Cyprus; Egypt; Hong Kong; India; Indonesia; Iran; Islamic Republic of; Iraq; Israel; Japan; Kenya; Korea; Democratic People's Republic of; Republic of; Kuwait; Lebanon; Madagascar; Mozambique; Myanmar; Oman; Pakistan; Philippines; Qatar; Saudi Arabia; Singapore; Solomon Islands; South Africa; Sri Lanka; Syrian Arab Republic; Taiwan; Province of China; Tanzania; United Republic of; Thailand; Turkey; United Arab Emirates; Viet Nam; Yemen","166892","46643542","https://www.iucnredlist.org/species/pdf/46643542","NA"
"Terapon theraps","Australia; Bahrain; Bangladesh; Cambodia; Djibouti; Eritrea; Ethiopia; India; Indonesia; Kenya; Madagascar; Malaysia; Myanmar","187935","8639142","https://www.iucnredlist.org/species/pdf/8639142","NA"
"Terrapene ornata","Mexico; United States","21644","97429080","https://www.iucnredlist.org/species/pdf/97429080","NA"
"Tetragonopterus argenteus","Argentina; Bolivia; Plurinational States of; Brazil; Colombia ); Ecuador; Guyana; Paraguay; Peru; Venezuela; Bolivarian Republic of )","186530","1814454","https://www.iucnredlist.org/species/pdf/1814454","NA"
"Tetraodon duboisi","Congo; The Democratic Republic of the","181751","7724702","https://www.iucnredlist.org/species/pdf/7724702","NA"
"Tetraodon lineatus","Benin; Burkina Faso; Cameroon; Central African Republic; Chad; Egypt; Ethiopia; Gambia; Ghana; Guinea; Kenya; Mali; Mauritania; Niger; Nigeria; Senegal; Sudan","181807","135032367","https://www.iucnredlist.org/species/pdf/135032367","NA"
"Tetraodon mbu","Central African Republic; Congo; The Democratic Republic of the; Tanzania; United Republic of","182314","7857179","https://www.iucnredlist.org/species/pdf/7857179","Congo; River; Lower; Mweru-Luapula-Bangweulu"
"Tetraodon miurus","Central African Republic; Congo; The Democratic Republic of the","181608","7688963","https://www.iucnredlist.org/species/pdf/7688963","NA"
"Thalia geniculata","Angola; Argentina; Belize; Benin; Bolivia; Plurinational States of; Brazil; Burkina Faso; Cameroon; Central African Republic; Chad; Colombia; Congo; The Democratic Republic of the; Costa Rica; Cuba; Côte d'Ivoire; Dominican Republic; Ecuador; Equatorial Guinea; Ethiopia; French Guiana; Gabon; Gambia; Ghana; Guinea; Guinea-Bissau; Guyana; Haiti; Honduras; Liberia; Malaysia; Mali; Mexico; Nicaragua; Nigeria; Paraguay; Senegal; Sierra Leone; Sudan; Suriname; Togo; United States; Zambia; Zimbabwe","58087826","58087830","https://www.iucnredlist.org/species/pdf/58087830","NA"
"Thayeria boehlkei","Brazil","49830510","141158690","https://www.iucnredlist.org/species/pdf/141158690","NA"
"Theodoxus danubialis","Bosnia and Herzegovina; Bulgaria; Croatia; Czechia; Germany; Italy ); Montenegro; Slovakia; Slovenia; Ukraine Native; Possibly Extinct: Austria; Romania","165349","200950076","https://www.iucnredlist.org/species/pdf/200950076","NA"
"Theodoxus fluviatilis","Albania; Austria; Belarus; Belgium; Bosnia and Herzegovina; Bulgaria; Croatia; Denmark; Estonia; Finland; France ); Germany; Greece; Kriti); Hungary; Ireland; Italy ); Latvia; Liechtenstein; Lithuania; Luxembourg; Moldova; Monaco; Montenegro; Netherlands; Poland; Portugal ); Romania; Russian Federation; Serbia; Slovakia; Slovenia; Spain ); Sweden; Switzerland; Ukraine; United Kingdom","165352","113400624","https://www.iucnredlist.org/species/pdf/113400624","Theodoxus"
"Theodoxus transversalis","Bulgaria; Croatia; Germany; Hungary; Serbia  Possibly extinct: Romania; Slovakia","21726","9314252","https://www.iucnredlist.org/species/pdf/9314252","NA"
"Thiara kauaiensis",NA,"189652","8759844","https://www.iucnredlist.org/species/pdf/8759844","NA"
"Thoburnia rhothoeca","United States","202374","18236520","https://www.iucnredlist.org/species/pdf/18236520","NA"
"Thorichthys callolepis","Mexico","192911","2179827","https://www.iucnredlist.org/species/pdf/2179827","NA"
"Thorichthys maculipinnis","Mexico (Guerrero -","138885345","2179834","https://www.iucnredlist.org/species/pdf/2179834","NA"
"Thorichthys meeki","Belize; Guatemala; Mexico; United States (Arizona -","192914","2179848","https://www.iucnredlist.org/species/pdf/2179848","NA"
"Threskiornis aethiopicus","Angola; Benin; Botswana; Burkina Faso; Burundi; Cameroon; Central African Republic; Chad; Comoros; Congo; The Democratic Republic of the; Côte d'Ivoire; Djibouti; Equatorial Guinea; Eritrea; Eswatini; Ethiopia; Gabon; Gambia; Ghana; Guinea; Guinea-Bissau; Iran; Islamic Republic of; Iraq; Kenya; Lesotho; Malawi; Mali; Mauritania; Mozambique; Namibia; Niger; Nigeria; Rwanda; Senegal; Sierra Leone; Somalia; South Africa; South Sudan; Sudan; Tanzania; United Republic of; Togo; Uganda; Yemen; Zambia; Zimbabwe Regionally extinct: Egypt","22697510","132068562","https://www.iucnredlist.org/species/pdf/132068562","NA"
"Threskiornis melanocephalus","Bangladesh; Bhutan; Cambodia; India; Indonesia; Myanmar; Nepal; Pakistan; Sri Lanka; Thailand; Viet Nam","22697516","252063963","https://www.iucnredlist.org/species/pdf/252063963","NA"
"Threskiornis spinicollis","Australia; Indonesia; Papua New Guinea Vagrant: New Zealand; Norfolk Island","22697525","129656213","https://www.iucnredlist.org/species/pdf/129656213","NA"
"Thymallus arcticus","Canada; China; Kazakhstan; Korea; Democratic People's Republic of; Mongolia; Russian Federation; United States","135593","4155692","https://www.iucnredlist.org/species/pdf/4155692","NA"
"Thymallus thymallus","Austria; Belarus; Belgium; Bosnia and Herzegovina; Croatia; Czechia; Denmark; Finland; France ); Germany; Hungary; Latvia; Liechtenstein; Lithuania; Luxembourg; Montenegro; Netherlands; Norway; Poland; Romania; Russian Federation; Serbia; Slovakia; Slovenia; Sweden; Switzerland; Ukraine; United Kingdom","266178365","135093349","https://www.iucnredlist.org/species/pdf/135093349","Italy"
"Tilapia baloni","Zambia","181659","7699878","https://www.iucnredlist.org/species/pdf/7699878","NA"
"Tilapia sparrmanii","Angola; Botswana; Congo; The Democratic Republic of the; Eswatini; Malawi; Mozambique; Namibia; South Africa; Tanzania; United Republic of; Zambia; Zimbabwe","181777","126095899","https://www.iucnredlist.org/species/pdf/126095899","NA"
"Tinca tinca","Armenia; Austria; Azerbaijan; Belarus; Belgium; Bosnia and Herzegovina; Bulgaria; China; Croatia; Czechia; Denmark; Estonia; Finland; France ); Georgia; Germany; Greece ); Hungary; Iran; Islamic Republic of; Kazakhstan; Latvia; Lithuania; Luxembourg; Moldova; Mongolia; Montenegro; Netherlands; North Macedonia; Poland; Romania; Russian Federation; Serbia; Slovakia; Slovenia; Sweden; Switzerland; Turkmenistan; Türkiye; Ukraine; United States","21912","2780110","https://www.iucnredlist.org/species/pdf/2780110","Albania; Algeria; Australia; Chile; China; India; Ireland; Italy; Morocco; New Zealand; Norway; Portugal; South
Africa; Spain; Tunisia; United States; Uzbekistan; Zimbabwe"
"Tor putitora","Bangladesh; Bhutan; India (Arunachal Pradesh; Assam; Darjiling; Haryana; Himachal Pradesh; Jammu-Kashmir; Maharashtra -","126319882","126322226","https://www.iucnredlist.org/species/pdf/126322226","Asia"
"Tor tambra","Cambodia; China; Indonesia; Lao People's Democratic Republic; Malaysia; Thailand; Viet Nam","188012","89801879","https://www.iucnredlist.org/species/pdf/89801879","NA"
"Toxotes chatareus","Australia; Bangladesh; Cambodia; India; Indonesia; Malaysia; Myanmar; Papua New Guinea; Sri Lanka; Thailand; Viet Nam","166566","1137243","https://www.iucnredlist.org/species/pdf/1137243","NA"
"Toxotes jaculatrix","Australia; India; Palau; Papua New Guinea; Solomon Islands; Vanuatu","196451","2458352","https://www.iucnredlist.org/species/pdf/2458352","NA"
"Trachelyopterus galeatus","Argentina; Bolivia; Plurinational States of; Brazil; Colombia; Ecuador; French Guiana; Guyana; Paraguay; Peru; Suriname; Uruguay; Venezuela; Bolivarian Republic of","186938","1820639","https://www.iucnredlist.org/species/pdf/1820639","South; America"
"Trachelyopterus lucenai","Brazil","187118","1823389","https://www.iucnredlist.org/species/pdf/1823389","NA"
"Trachemys ornata","Mexico","63661","97430544","https://www.iucnredlist.org/species/pdf/97430544","NA"
"Trachemys scripta","Mexico; United States (Alabama; Arizona -","22028","97429935","https://www.iucnredlist.org/species/pdf/97429935","NA"
"Trachydoras paraguayensis","Argentina; Bolivia; Plurinational States of; Brazil; Paraguay","49829937","160418498","https://www.iucnredlist.org/species/pdf/160418498","Brazil"
"Tramea abdominalis","Argentina; Bahamas; Barbados; Belize; Bermuda; Brazil; Cayman Islands; Colombia; Costa Rica; Cuba; Curaçao; Dominica; Dominican Republic; El Salvador; Grenada; Guadeloupe; Guatemala; Honduras; Jamaica; Martinique; Mexico; Nicaragua; Panama; Paraguay; Peru; Puerto Rico; Saint Lucia; Suriname; Trinidad and Tobago; United States (Florida; Hawaiian Is. -","49254723","49256181","https://www.iucnredlist.org/species/pdf/49256181","NA"
"Tramea lacerata","Bahamas; Canada; Cuba; Mexico; United States","51292820","65836629","https://www.iucnredlist.org/species/pdf/65836629","NA"
"Trapa natans","Afghanistan; Albania; Algeria; Angola; Austria; Bangladesh; Belarus; Botswana; Bulgaria; Cameroon; Central African Republic; Chad; China; Congo; The Democratic Republic of the; Croatia; Czechia; France ); Gabon; Germany; Ghana; Greece ); Guinea-Bissau; Hong Kong; Hungary; India; Indonesia; Italy ); Japan; Kazakhstan; Kenya; Kyrgyzstan; Lao People's Democratic Republic; Latvia; Liechtenstein; Malawi; Malaysia; Moldova; Mongolia; Montenegro; Mozambique; Myanmar ); Namibia; Nepal; Nigeria; Pakistan; Philippines; Poland; Romania; Russian Federation; Serbia; Slovakia; Slovenia; South Africa; South Sudan; Spain  - Regionally Extinct); Sudan; Sweden; Switzerland; Taiwan; Province of China; Tajikistan; Tanzania; United Republic of; Thailand; Tunisia; Turkey; Uganda; Ukraine ); Uzbekistan; Viet Nam;","164153","120228484","https://www.iucnredlist.org/species/pdf/120228484","NA"
"Trichogaster chuna","Bangladesh; India; Nepal","166450","6211667","https://www.iucnredlist.org/species/pdf/6211667","Least; Concern."
"Trichogaster fasciata","Bangladesh; India; Myanmar; Nepal; Pakistan","166485","6219165","https://www.iucnredlist.org/species/pdf/6219165","Least; Concern."
"Trichogaster labiosa","India; Myanmar )","168580","6519153","https://www.iucnredlist.org/species/pdf/6519153","NA"
"Trichogaster lalius","Bangladesh; India; Nepal; Pakistan","166445","6210533","https://www.iucnredlist.org/species/pdf/6210533","India; Ganges; Brahmaputra; Pakistan; Bangladesh; Nepal."
"Trichopodus leerii","Indonesia; Malaysia; Thailand","187958","91316190","https://www.iucnredlist.org/species/pdf/91316190","NA"
"Trichopodus microlepis","Cambodia; Lao People's Democratic Republic; Thailand; Viet Nam","187925","1835632","https://www.iucnredlist.org/species/pdf/1835632","NA"
"Trichopodus pectoralis","Cambodia; Malaysia; Singapore; Thailand; Viet Nam","188087","1852593","https://www.iucnredlist.org/species/pdf/1852593","Asia; Mekong; Chao; Phraya"
"Trichopodus trichopterus","Brunei Darussalam; Cambodia; China; Indonesia (Bali -","187981","89805622","https://www.iucnredlist.org/species/pdf/89805622","NA"
"Trichopsis schalleri","Cambodia; Lao People's Democratic Republic; Thailand; Viet Nam","188058","1849712","https://www.iucnredlist.org/species/pdf/1849712","NA"
"Trichopsis vittata","Cambodia; Indonesia; Lao People's Democratic Republic; Malaysia; Singapore; Thailand; Viet Nam","187906","89805994","https://www.iucnredlist.org/species/pdf/89805994","NA"
"Trichromis salvini","Belize; Guatemala; Mexico","192886","2179647","https://www.iucnredlist.org/species/pdf/2179647","NA"
"Tridentiger bifasciatus","China; Japan; Russian Federation","169646","159668704","https://www.iucnredlist.org/species/pdf/159668704","United States"
"Tridentiger brevispinis","China; Japan; Korea; Democratic People's","159668848","159668852","https://www.iucnredlist.org/species/pdf/159668852","NA"
"Tridentiger trigonocephalus","Bulgaria; Canada; China; Egypt; Hong Kong; Japan; Jordan; Korea; Democratic People's Republic of; Republic of; Macao; Romania; Russian Federation; Saudi Arabia; Taiwan; Province of China; United States; Viet Nam","166989","1160489","https://www.iucnredlist.org/species/pdf/1160489","Australia; Israel; Mexico; Ukraine; United States"
"Triglochin bulbosa","Albania; Angola; Croatia; Cyprus; France ); Greece; Kriti); Italy; Sardegna; Sicilia); Macedonia; the former Yugoslav Republic of; Malawi; Malta; Montenegro; Portugal ); Slovenia; South Africa; Spain ); Turkey; Zambia","164298","42327409","https://www.iucnredlist.org/species/pdf/42327409","NA"
"Trigonostigma heteromorpha","Indonesia; Malaysia; Singapore; Thailand","188098","89802084","https://www.iucnredlist.org/species/pdf/89802084","NA"
"Trinectes maculatus","Belize; Colombia ); Costa Rica ); Guatemala; Honduras ); Mexico; Nicaragua ); Panama; Trinidad and Tobago; United States; Venezuela; Bolivarian Republic of ) FAO Marine Fishing Areas: Native: Atlantic - western central; Atlantic - northeast","190082","128688186","https://www.iucnredlist.org/species/pdf/128688186","NA"
"Triplophysa labiata","China; Kazakhstan; Kyrgyzstan","156722567","156722639","https://www.iucnredlist.org/species/pdf/156722639","NA"
"Triportheus angulatus","Bolivia; Plurinational States of; Brazil; Colombia ); Ecuador ); Guyana; Peru; Venezuela; Bolivarian Republic of )","49830618","85567334","https://www.iucnredlist.org/species/pdf/85567334","NA"
"Triportheus nematurus","Argentina; Bolivia; Plurinational States of; Brazil; Paraguay","164541394","164541473","https://www.iucnredlist.org/species/pdf/164541473","NA"
"Triportheus signatus","Brazil","186471","1813557","https://www.iucnredlist.org/species/pdf/1813557","Brazil"
"Triturus carnifex","Austria; Bosnia and Herzegovina; Croatia; Czechia; Germany; Hungary; Italy ); Slovenia; Switzerland","214696589","264468745","https://www.iucnredlist.org/species/pdf/264468745","France; Netherlands; Portugal; United
Kingdom"
"Triturus cristatus","Austria; Belarus; Belgium; Czechia; Denmark; Estonia; France ); Germany; Hungary; Latvia; Liechtenstein; Lithuania; Luxembourg; Moldova; Netherlands; Norway; Poland; Romania; Russian Federation; Serbia; Slovakia; Sweden; Switzerland; Ukraine; United Kingdom","22212","89706893","https://www.iucnredlist.org/species/pdf/89706893","United; Kingdom; France; Scandinavia; Europe; Balkans; West; Siberia; Russia; Province; Sverdlovskaya"
"Triturus marmoratus","France ); Portugal ); Spain ) Possibly Extinct &","59477","270778119","https://www.iucnredlist.org/species/pdf/270778119","Turin; Italy"
"Tropheops tropheops","Malawi","61160","47237944","https://www.iucnredlist.org/species/pdf/47237944","NA"
"Tropheus moorii","Burundi; Congo; The Democratic Republic of the; Tanzania; United Republic of; Zambia","60702","47210237","https://www.iucnredlist.org/species/pdf/47210237","NA"
"Typha angustifolia","Algeria; Austria; Belarus; Belgium; Bosnia and Herzegovina; Bulgaria; Canada; China; Croatia; Czech Republic; Denmark; Finland; France ); Germany; Greece; Hong Kong; Hungary; India; Ireland; Italy; Sardegna; Sicilia); Japan; Kazakhstan; Kyrgyzstan; Lebanon; Macedonia; the former Yugoslav Republic of; Mexico; Montenegro; Morocco; Nepal; Netherlands; Norway; Pakistan; Palestinian Territory; Occupied; Poland; Romania; Russian Federation; Serbia; Slovakia; Slovenia; Spain ); Sweden; Switzerland; Syrian Arab Republic; Taiwan; Province of China; Thailand; Turkey; Turkmenistan; Ukraine ); United Kingdom; United States; Uzbekistan; Viet Nam","164199","5772487","https://www.iucnredlist.org/species/pdf/5772487","NA"
"Typha domingensis","Albania; Algeria; Angola; Australia; Bangladesh; Benin; Bhutan; Botswana; Bulgaria; Burkina Faso; Burundi; Cameroon; Central African Republic; Chad; China; Congo; The Democratic Republic of the; Côte d'Ivoire; Croatia; Cyprus; Djibouti; Egypt; Eritrea; Eswatini; Ethiopia; France ); Gabon; Gambia; Ghana; Greece; Kriti); Guinea; Guinea-Bissau; India; Indonesia; Israel; Italy; Sardegna; Sicilia); Japan; Jordan; Kazakhstan; Kenya; Korea; Democratic People's Republic of; Republic of; Kuwait; Lebanon; Lesotho; Liberia; Libya; Madagascar; Malawi; Malaysia; Mali; Malta; Mauritania; Mauritius; Mexico; Mongolia; Morocco; Mozambique; Myanmar; Namibia; Nepal; New Zealand; Niger; Nigeria; Oman; Pakistan; Palestine; State of; Papua New Guinea; Philippines; Portugal ); Qatar; Romania; Russian Federation; Rwanda; Saudi Arabia; Senegal; Sierra Leone; Slovenia; Somalia; South Africa; South Sudan; Spain ); Sri Lanka; Sudan; Syrian Arab Republic; Taiwan; Province of China; Tanzania; United Republic of; Thailand; Togo; Tunisia; Turkey; Uganda; Ukraine ); United Arab Emirates; United States (Alabama; Arizona; California; Colorado; Delaware; Florida; Georgia; Hawaiian Is. -","164208","120229199","https://www.iucnredlist.org/species/pdf/120229199","NA"
"Typha latifolia","Afghanistan; Algeria; Argentina; Austria; Belarus; Belgium; Bosnia and Herzegovina; Bulgaria; Canada; China; Croatia; Czech Republic; Denmark; Finland; France; Germany; Greece; Hungary; Iran; Islamic Republic of; Ireland; Italy; Sicilia); Japan; Kazakhstan; Kenya; Korea; Democratic People's Republic of; Kyrgyzstan; Lebanon; Macedonia; the former Yugoslav Republic of; Mexico; Montenegro; Morocco; Netherlands; Nigeria; Norway; Pakistan; Palestinian Territory; Occupied; Paraguay; Poland; Portugal; Romania; Russian Federation; Rwanda; Slovakia; Slovenia; Spain; Sweden; Switzerland; Syrian Arab Republic; Tajikistan; Turkey; Turkmenistan; Uganda; Ukraine ); United Kingdom; Uzbekistan","164165","84300723","https://www.iucnredlist.org/species/pdf/84300723","NA"
"Typha laxmannii","Bulgaria; China; Japan; Kazakhstan; Moldova; Mongolia; Pakistan; Romania; Russian Federation; Ukraine )","167931","42322999","https://www.iucnredlist.org/species/pdf/42322999","NA"
"Typha minima","Afghanistan; Albania; Austria; China; Croatia; France ); Germany; Greece ); Iran; Islamic Republic of; Iraq; Italy ); Kazakhstan; Mongolia; Pakistan; Romania; Russian Federation; Serbia; Slovakia; Slovenia; Switzerland; Turkey; Ukraine ) Regionally extinct: Czech Republic; Hungary; Liechtenstein","165165","42331535","https://www.iucnredlist.org/species/pdf/42331535","NA"
"Typhlichthys subterraneus","United States","22599","18236225","https://www.iucnredlist.org/species/pdf/18236225","Mississippi; River:; Ozark; Plateau; Missouri; Arkansas; Cumberland; Interior; Low; Alabama; Coosa; River; Georgia; Tennessee; Kentucky; Indiana; Lewis; Alabama."
"Uaru amphiacanthoides","Brazil","141224026","141224090","https://www.iucnredlist.org/species/pdf/141224090","NA"
"Umbra krameri","Austria; Bosnia and Herzegovina; Bulgaria; Croatia; Hungary; Moldova; Romania; Serbia; Slovakia; Slovenia; Ukraine","22730","135094072","https://www.iucnredlist.org/species/pdf/135094072","Germany"
"Umbra limi","Canada; United States","202403","18235925","https://www.iucnredlist.org/species/pdf/18235925","NA"
"Umbra pygmaea","United States","202404","18232658","https://www.iucnredlist.org/species/pdf/18232658","NA"
"Unio mancus","France ); Italy; Sardegna; Sicilia); Spain )","212975237","212995429","https://www.iucnredlist.org/species/pdf/212995429","NA"
"Utricularia aurea","Australia; Bangladesh; Cambodia; China; Hong Kong; India; Indonesia; Japan; Lao People's Democratic Republic; Malaysia; Myanmar; Nepal; Philippines; Sri Lanka; Taiwan; Province of China; Thailand; Viet Nam","168719","6529326","https://www.iucnredlist.org/species/pdf/6529326","NA"
"Utricularia breviscapa","Argentina; Bolivia; Plurinational States of; Brazil; Colombia ); Cuba; Ecuador ); Guyana; Paraguay; Venezuela; Bolivarian Republic of )","107250104","144002179","https://www.iucnredlist.org/species/pdf/144002179","NA"
"Utricularia geminiscapa","Canada; United States","64326181","67731167","https://www.iucnredlist.org/species/pdf/67731167","NA"
"Utricularia gibba","Algeria; Angola; Antigua and Barbuda; Argentina; Australia; Bahamas; Bangladesh; Belize; Bolivia; Plurinational States of; Botswana; Brazil; Burkina Faso; Cameroon; Canada; Central African Republic; Chad; China; Colombia; Colombian Caribbean Is.); Congo; Costa Rica; Côte d'Ivoire; Cuba; Dominica; Dominican Republic; Ecuador; Egypt; El Salvador; Ethiopia; French Guiana; Gabon; Ghana; Guadeloupe; Guatemala; Guinea; Guinea-Bissau; Guyana; Haiti; Honduras; India; Israel; Jamaica; Japan; Kenya; Liberia; Madagascar; Malawi; Mali; Martinique; Mauritius; Mexico; Morocco; Mozambique; Myanmar; Namibia; Nepal; New Caledonia; New Zealand; Nicaragua; Niger; Nigeria; Panama; Paraguay; Peru; Portugal ); Puerto Rico ); Rwanda; Senegal; Sierra Leone; South Africa; Spain ); Sri Lanka; Sudan; Suriname; Taiwan; Province of China; Tanzania; United Republic of; Trinidad and Tobago; Uganda; United States; Uruguay; Venezuela; Bolivarian Republic of; Venezuelan Antilles); Zambia; Zimbabwe","164362","65920094","https://www.iucnredlist.org/species/pdf/65920094","NA"
"Utricularia subulata","Angola; Australia; Belize; Benin; Bolivia; Plurinational States of; Brazil; Burkina Faso; Canada; Colombia; Congo; Costa Rica; El Salvador; French Guiana; Gabon; Ghana; Guatemala; Guyana; Honduras; India; Liberia; Madagascar; Namibia; Nicaragua; Nigeria; Panama; Peru; South Africa; Suriname; United States; Uruguay; Venezuela; Bolivarian Republic of; Zimbabwe","64326215","67731187","https://www.iucnredlist.org/species/pdf/67731187","NA"
"Vallisneria americana","Canada; Cuba; Dominican Republic; Guatemala; Haiti; Honduras; Jamaica; Mexico; United States","64326246","67731212","https://www.iucnredlist.org/species/pdf/67731212","NA"
"Vallisneria spiralis","Afghanistan; Algeria; Bangladesh; Botswana; Bulgaria; Cambodia; Central African Republic; Chad; Congo; The Democratic Republic of the; Croatia; Egypt; Equatorial Guinea ); Ethiopia; France ); Ghana; Greece ); India; Iran; Islamic Republic of; Iraq; Israel; Italy ); Kazakhstan; Kenya; Lao People's Democratic Republic; Lebanon; Malawi; Mali; Montenegro; Mozambique; Myanmar ); Namibia ); Nigeria; North Macedonia; Pakistan; Palestine; State of; Papua New Guinea; Philippines; Portugal ); Romania; Russian Federation; Rwanda; Senegal; Serbia; Sierra Leone; South Africa; South Sudan; Spain ); Sri Lanka; Sudan; Syrian Arab Republic; Taiwan; Province of China; Tajikistan; Tanzania; United Republic of; Thailand; Turkey; Turkmenistan; Uganda; Ukraine ); Uzbekistan; Zambia; Zimbabwe","164121","120206775","https://www.iucnredlist.org/species/pdf/120206775","NA"
"Valvata piscinalis","Albania; Armenia; Austria; Azerbaijan; Belgium; Bosnia and Herzegovina; Bulgaria; China; Croatia; Czech Republic; Denmark; Estonia; Finland; France ); Georgia; Germany; Greece ); Hungary; Iran; Islamic Republic of; Ireland; Italy; Sardegna; Sicilia); Kazakhstan; Kyrgyzstan; Latvia; Liechtenstein; Lithuania; Luxembourg; Macedonia; the former Yugoslav Republic of; Netherlands; Norway; Poland; Portugal ); Romania; Russian Federation; Slovakia; Slovenia; Spain ); Sweden; Switzerland; Tajikistan; Turkey; Turkmenistan; Ukraine ); United Kingdom; Uzbekistan","156186","42435636","https://www.iucnredlist.org/species/pdf/42435636","North; America; Euro-Siberian"
"Vandellia beccarii","Colombia ); Guyana Native; Possibly","176044995","176045014","https://www.iucnredlist.org/species/pdf/176045014",""
"Vandellia cirrhosa","Bolivia; Plurinational States of; Brazil; Colombia ); Ecuador ); Guyana; Paraguay; Peru; Suriname; Venezuela; Bolivarian Republic of )","49830470","160427716","https://www.iucnredlist.org/species/pdf/160427716","NA"
"Vandellia sanguinea","Brazil; Colombia ); Guyana; Peru; Venezuela; Bolivarian Republic of )","164541519","164541528","https://www.iucnredlist.org/species/pdf/164541528","NA"
"Vanellus chilensis","Argentina; Bolivia; Plurinational States of; Bonaire; Sint Eustatius and Saba; Brazil; Chile; Colombia; Costa Rica; Ecuador; French Guiana; Guyana; Nicaragua; Panama; Paraguay; Peru; Suriname; Trinidad and Tobago; Uruguay; Venezuela; Bolivarian Republic of","22694075","163620949","https://www.iucnredlist.org/species/pdf/163620949","NA"
"Vanellus miles","Australia; Indonesia; Papua New Guinea Native","22725229","281035548","https://www.iucnredlist.org/species/pdf/281035548","NA"
"Vanellus spinosus","Benin; Burkina Faso; Burundi; Cameroon; Central African Republic; Chad; Congo; The Democratic Republic of the; Côte d'Ivoire; Djibouti; Eritrea; Ethiopia; Gambia; Ghana; Guinea; Guinea-Bissau; Iraq; Jordan; Kenya; Mali; Mauritania; Niger; Nigeria; Palestine; State of; Rwanda; Saudi Arabia; Senegal; Sierra Leone; Somalia; South Sudan; Sudan; Syrian Arab Republic; Tanzania; United Republic of; Togo; Türkiye; Uganda; Yemen Native","22693983","157424014","https://www.iucnredlist.org/species/pdf/157424014","NA"
"Varanus indicus","Australia; Indonesia; Kiribati; Micronesia; Federated States of; Papua New Guinea; Solomon Islands","200972722","1533318","https://www.iucnredlist.org/species/pdf/1533318","Marshall Islands; Northern Mariana Islands"
"Vieja bifasciata","Guatemala; Mexico","192918","2179876","https://www.iucnredlist.org/species/pdf/2179876","NA"
"Vieja maculicauda","Belize; Costa Rica; Guatemala; Honduras ); Mexico; Nicaragua ); Panama","192924","2179918","https://www.iucnredlist.org/species/pdf/2179918","Atlantic; Central; America"
"Vieja zonata","Mexico","192927","2179939","https://www.iucnredlist.org/species/pdf/2179939","NA"
"Vigna luteola","Angola; Antigua and Barbuda; Argentina; Australia; Bangladesh; Barbados; Belize; Benin; Botswana; Brazil; Burundi; Cameroon; Central African Republic; Chad; Colombia; Congo; The Democratic Republic of the; Costa Rica; Côte d'Ivoire; Cuba; Dominica; Dominican Republic; Ecuador; Egypt; El Salvador; Equatorial Guinea; Ethiopia; French Guiana; Gabon; Ghana; Grenada; Guadeloupe; Guatemala; Guinea; Guinea-Bissau; Guyana; Haiti; Honduras; India; Indonesia; Israel; Jamaica; Japan; Kenya; Lao People's Democratic Republic; Liberia; Madagascar; Malawi; Malaysia; Martinique; Mexico; Mozambique; Myanmar; Namibia; Nicaragua; Niger; Nigeria; Panama; Papua New Guinea; Peru; Philippines; Puerto Rico; Rwanda; Saint Kitts and Nevis; Saint Lucia; Saint Vincent and the Grenadines; Senegal; Sierra Leone; Somalia; South Africa; Sri Lanka; Sudan; Suriname; Taiwan; Province of China; Tanzania; United Republic of; Thailand; Togo; Uganda; United States; Uruguay; Venezuela; Bolivarian Republic of; Viet Nam; Virgin Islands; British; U.S.; Yemen; Zambia; Zimbabwe","170450","1314034","https://www.iucnredlist.org/species/pdf/1314034",""
"Vimba vimba","Austria; Belarus; Bosnia and Herzegovina; Bulgaria; Croatia; Czechia; Estonia; Finland; Georgia; Germany; Hungary; Latvia; Lithuania; Moldova; Montenegro; North Macedonia; Poland; Romania; Russian Federation; Serbia; Slovakia; Slovenia; Sweden; Türkiye; Ukraine Native; Extinct: Ukraine","254508616","135094309","https://www.iucnredlist.org/species/pdf/135094309","Belgium; France; Netherlands"
"Viviparus acerosus","Austria; Bosnia and Herzegovina; Bulgaria; Croatia; Czech Republic; Germany; Greece; Hungary; Romania; Serbia; Slovakia; Ukraine","23040","9408473","https://www.iucnredlist.org/species/pdf/9408473","NA"
"Viviparus ater","Croatia; France ); Germany; Greece ); Italy ); Slovenia; Switzerland","155859","4856421","https://www.iucnredlist.org/species/pdf/4856421","NA"
"Viviparus viviparus","Albania; Azerbaijan; Belgium; Bosnia and Herzegovina; Bulgaria; Croatia; Czech Republic; Denmark; Estonia; France ); Georgia; Germany; Iran; Islamic Republic of; Ireland; Latvia; Lithuania; Luxembourg; Macedonia; the former Yugoslav Republic of; Montenegro; Netherlands; Norway; Poland; Portugal ); Romania; Russian Federation; Slovenia; Sweden; Turkey; Ukraine; United Kingdom; Yemen","155517","42429254","https://www.iucnredlist.org/species/pdf/42429254","NA"
"Wolffia arrhiza","Albania; Algeria; Angola; Austria; Bangladesh; Belarus; Belgium; Benin; Bhutan; Bosnia and Herzegovina; Botswana; Bulgaria; Burundi; Congo; The Democratic Republic of the; Côte d'Ivoire; Croatia; Czechia; France; Germany; Ghana; Guinea-Bissau; Hungary; India; Iran; Islamic Republic of; Italy; Sicilia); Kenya; Korea; Democratic People's Republic of; Republic of; Lebanon; Liechtenstein; Luxembourg; Madagascar; Malawi; Moldova; Montenegro; Morocco; Mozambique; Netherlands; Nigeria; North Macedonia; Palestine; State of; Philippines; Poland; Portugal; Russian Federation; Rwanda; Senegal; Serbia; Slovenia; South Africa; Spain; Syrian Arab Republic; Taiwan; Province of China ); Tanzania; United Republic of; Togo; Uganda; Ukraine; United Kingdom","164241","120209232","https://www.iucnredlist.org/species/pdf/120209232","NA"
"Wolffia brasiliensis","Argentina; Bolivia; Plurinational States of; Brazil; Canada; Chile; Colombia; Dominican Republic; El Salvador; Guatemala; Haiti; Jamaica; Mexico; Paraguay; Puerto Rico; United States; Uruguay; Venezuela; Bolivarian Republic of","64326304","67731257","https://www.iucnredlist.org/species/pdf/67731257","NA"
"Wolffia columbiana","Canada; United States","64326308","67731262","https://www.iucnredlist.org/species/pdf/67731262","NA"
"Wolffia globosa","Bangladesh; Cambodia; China; India; Japan; Lao People's Democratic Republic; Malaysia; Myanmar; Nepal; Pakistan; Philippines; Singapore; Sri Lanka; Taiwan; Province of China ); Thailand; Viet Nam Present - origin uncertain: South Africa","177384","7426184","https://www.iucnredlist.org/species/pdf/7426184","NA"
"Xanthocephalus xanthocephalus","United States Native","22724169","136670222","https://www.iucnredlist.org/species/pdf/136670222","NA"
"Xenentodon cancila","Sri Lanka","166522","60589667","https://www.iucnredlist.org/species/pdf/60589667","NA"
"Xenopus laevis","Botswana; Eswatini; Lesotho; Malawi; Mozambique; Namibia; South Africa;","110466172","248905894","https://www.iucnredlist.org/species/pdf/248905894","Chile; China; France; Indonesia; Italy; Japan; Mexico; Portugal; United States"
"Xenotilapia longispinis","Burundi; Congo; The Democratic Republic of the; Tanzania; United Republic of; Zambia","60713","12397051","https://www.iucnredlist.org/species/pdf/12397051","NA"
"Xenotoca eiseni","Mexico","191717","2000040","https://www.iucnredlist.org/species/pdf/2000040","NA"
"Xiphocaris elongata","Barbados; Cuba; Dominica; Dominican Republic; Haiti; Jamaica; Puerto Rico ); Saint Lucia; Trinidad and Tobago; Venezuela; Bolivarian Republic of ); Virgin Islands; U.S.","197701","2496628","https://www.iucnredlist.org/species/pdf/2496628","NA"
"Xiphophorus cortezi","Mexico","191778","2002897","https://www.iucnredlist.org/species/pdf/2002897","NA"
"Xiphophorus hellerii","Belize; Guatemala; Honduras ); Mexico","191780","2002911","https://www.iucnredlist.org/species/pdf/2002911","NA"
"Xiphophorus maculatus","Mexico","191784","2003232","https://www.iucnredlist.org/species/pdf/2003232","NA"
"Xiphophorus nigrensis","Mexico","191790","2003276","https://www.iucnredlist.org/species/pdf/2003276","NA"
"Xiphophorus variatus","Mexico","191792","2003290","https://www.iucnredlist.org/species/pdf/2003290","NA"
"Xiphophorus xiphidium","Mexico","191793","2003297","https://www.iucnredlist.org/species/pdf/2003297","NA"
"Yasuhikotakia morleti","Cambodia; Thailand","187878","8637898","https://www.iucnredlist.org/species/pdf/8637898","NA"
"Yuriria alta","Mexico","191297","1975303","https://www.iucnredlist.org/species/pdf/1975303","NA"
"Zacco platypus","China; Japan; Korea; Republic of Native; Possibly","166949","1155994","https://www.iucnredlist.org/species/pdf/1155994","Korean; Peninsula; Japanese; Archipelago; China."
"Zannichellia palustris","Afghanistan; Åland Islands; Albania; Algeria; Argentina; Australia; Austria; Bangladesh; Belarus; Belgium; Bolivia; Plurinational States of; Bosnia and Herzegovina; Botswana; Brazil; Bulgaria; Canada; Chile; Colombia; Croatia; Cyprus; Czech Republic; Denmark; Ecuador; Egypt; Sinai); Estonia; Finland; France ); French Guiana; Germany; Greece; Kriti); Guernsey; Guinea-Bissau; Guyana; Hungary; Iceland; India; Indonesia; Iran; Islamic Republic of; Iraq; Ireland; Isle of Man; Italy; Sardegna; Sicilia); Japan; Jersey; Kazakhstan; Korea; Democratic People's Republic of; Republic of; Kyrgyzstan; Latvia; Lebanon; Libya; Liechtenstein; Lithuania; Luxembourg; Macedonia; the former Yugoslav Republic of; Madagascar; Moldova; Montenegro; Morocco; Myanmar ); Namibia; Netherlands; New Zealand; Norway; Palestinian Territory; Occupied; Paraguay; Peru; Poland; Portugal ); Romania; Russian Federation; Saudi Arabia; Serbia; Slovakia; Slovenia; South Africa; Spain ); Suriname; Svalbard and Jan Mayen; Sweden; Switzerland; Syrian Arab Republic; Taiwan; Province of China; Tajikistan; Tanzania; United Republic of; Tunisia; Turkey; Turkmenistan; Ukraine ); United Arab Emirates; United Kingdom; United States; Uruguay; Uzbekistan; Venezuela; Bolivarian Republic of; Yemen","164133","96575438","https://www.iucnredlist.org/species/pdf/96575438","NA"
"Zantedeschia aethiopica","Lesotho; South Africa; Swaziland","164507","5896429","https://www.iucnredlist.org/species/pdf/5896429","NA"
"Zhangixalus arboreus","Japan","58973","177226592","https://www.iucnredlist.org/species/pdf/177226592","Honshu; Ibaragi; Prefecture; Sado; Island; Japan."
"Zizania aquatica","Canada (Alberta -","64326324","67731287","https://www.iucnredlist.org/species/pdf/67731287","NA"
"Zizania palustris","Canada; United States","64326333","67731294","https://www.iucnredlist.org/species/pdf/67731294","NA"
