kingdom,phyllum,class,oorder,family,genus,scientific_name,author
Plantae,Magnoliophyta,Magnoliopsida,Malvales,Malvaceae,Abutilon,Abutilon grandifolium,(Willd.) Sweet
Plantae,Magnoliophyta,Magnoliopsida,Fabales,Fabaceae,Acacia,Acacia aroma,ex Hook. & Arn.
Plantae,Magnoliophyta,Magnoliopsida,Fabales,Fabaceae,Acacia,Acacia dealbata,Link
Plantae,Magnoliophyta,Magnoliopsida,Fabales,Fabaceae,Acacia,Acacia horrida,(L.) Willd.
Plantae,Magnoliophyta,Magnoliopsida,Fabales,Fabaceae,Acacia,Acacia karroo,Hayne
Plantae,Magnoliophyta,Magnoliopsida,Fabales,Fabaceae,Acacia,Acacia melanoxylon ,R. Br.
Plantae,Magnoliophyta,Magnoliopsida,Fabales,Fabaceae,Acacia,Acacia paradoxa ,DC.
Plantae,Magnoliophyta,Magnoliopsida,Rosales,Rosaceae,Acaena,Acaena ovalifolia ,Ruiz & Pav.
Plantae,Magnoliophyta,Magnoliopsida,Asterales,Asteraceae,Achillea,Achillea millefolium,L.
Plantae,Magnoliophyta,Magnoliopsida,Asterales,Asteraceae,Achillea,Achillea ptarmica ,L.
Animalia,Chordata,Actinopterygios,Acipenseriformes,Acipenseridae,Acipenser,Acipenser baerii,"Brandt, 1869"
Animalia,Chordata,Actinopterygios,Acipenseriformes,Acipenseridae,Acipenser,Acipenser transmontanus ,"Richardson, 1836"
Plantae,Magnoliophyta,Magnoliopsida,Asterales,Asteraceae,Achillea,Acmella glaberrima ,(Hassl.) R.K. Jansen
Animalia,Arthropoda,Insecta,Coleoptera,Coccinellidae,Adalia,Adalia bipunctata  ,"(Linnaeus, 1758)"
Animalia,Arthropoda,Insecta,Lepidoptera,Depressariidae,Agonopterix,Agonopterix umbellana,"(Fabricius, 1794)"
Plantae,Magnoliophyta,Liliopsida,Poales,Poaceae,Agropyron,Agropyron cristatum,(L.) Gaertn.
Plantae,Magnoliophyta,Magnoliopsida,Caryophyllales,Caryophyllaceae,Agrostemma,Agrostemma githago ,L.
Plantae,Magnoliophyta,Liliopsida,Poales,Poaceae,Agrostis,Agrostis capillaris ,L.
Plantae,Magnoliophyta,Liliopsida,Poales,Poaceae,Agrostis,Agrostis castellana ,Boiss. & Reut.
Plantae,Magnoliophyta,Liliopsida,Poales,Poaceae,Agrostis,Agrostis gigantea ,Roth
Plantae,Magnoliophyta,Liliopsida,Poales,Poaceae,Agrostis,Agrostis scabra ,Willd.
Plantae,Magnoliophyta,Liliopsida,Poales,Poaceae,Agrostis,Agrostis stolonifera, L. 
Plantae,Magnoliophyta,Liliopsida,Poales,Poaceae,Agrostis,Agrostis stolonifera ,L.
Plantae,Magnoliophyta,Liliopsida,Poales,Poaceae,Agrostis,Agrostis vinealis ,Schreb.
Animalia,Arthropoda,Insecta,Lepidoptera,Noctuidae,Agrotis,Agrotis ipsilon ,"(Hüfnagel, 1766)"
Plantae,Magnoliophyta,Magnoliopsida,Sapindales,Simaroubaceae,Ailanthus,Ailanthus altissima ,(Mill.) Swingle
Plantae,Magnoliophyta,Liliopsida,Poales,Poaceae,Aira,Aira caryophyllea ,L.
Plantae,Magnoliophyta,Liliopsida,Poales,Poaceae,Aira,Aira elegantissima ,Schur
Plantae,Magnoliophyta,Liliopsida,Poales,Poaceae,Aira,Aira praecox ,L.
Plantae,Magnoliophyta,Magnoliopsida,Fabales,Fabaceae,Albizia,Albizia lophantha, (Willd.) Benth.
Protista,Dinoflagellata,Dinophyceae,Gonyaulacales,Goniodomaceae,Alexandrium,Alexandrium catenella ,(Whedon & Kofoid) Balech (M)
Plantae,Magnoliophyta,Liliopsida,Alismatales,Alismataceae,Alisma,Alisma plantago-aquatica ,L.
Plantae,Magnoliophyta,Liliopsida,Asparagales,Amaryllidaceae,Allium,Allium vineale,L. 
Plantae,Magnoliophyta,Liliopsida,Asparagales,Amaryllidaceae,Allium,Allium vineale  ,L.
Plantae,Magnoliophyta,Magnoliopsida,Fagales,Betulaceae,Alnus,Alnus glutinosa ,(L.) Gaertn.
Plantae,Magnoliophyta,Liliopsida,Poales,Poaceae,Alopecurus ,Alopecurus geniculatus ,L. 
Plantae,Magnoliophyta,Liliopsida,Poales,Poaceae,Alopecurus ,Alopecurus myosuroides ,Huds.
Plantae,Magnoliophyta,Liliopsida,Poales,Poaceae,Alopecurus ,Alopecurus pratensis ,L.
Plantae,Magnoliophyta,Magnoliopsida,Caryophyllales,Amaranthaceae,Alternanthera,Alternanthera philoxeroides ,(Mart.) Griseb.
Plantae,Magnoliophyta,Magnoliopsida,Brassicales,Brassicaceae,Alyssum ,Alyssum alyssoides ,(L.) L.
Fungi,Basidiomycota,Agaricomycetes,Agaricales,Amanitaceae,Amanita,Amanita gemmata ,(Fr.) Bertill.
Fungi,Basidiomycota,Agaricomycetes,Agaricales,Amanitaceae,Amanita,Amanita muscaria ,(L.) Lam.
Fungi,Basidiomycota,Agaricomycetes,Agaricales,Amanitaceae,Amanita,Amanita phalloides ,(Vall. Ex Fr.) Link.
Fungi,Basidiomycota,Agaricomycetes,Agaricales,Amanitaceae,Amanita,Amanita rubescens ,Pers.
Plantae,Magnoliophyta,Magnoliopsida,Caryophyllales,Amaranthaceae,Amaranthus,Amaranthus albus ,L.
Plantae,Magnoliophyta,Magnoliopsida,Caryophyllales,Amaranthaceae,Amaranthus,Amaranthus blitum ,L. 
Plantae,Magnoliophyta,Magnoliopsida,Caryophyllales,Amaranthaceae,Amaranthus,Amaranthus deflexus ,L.
Plantae,Magnoliophyta,Magnoliopsida,Caryophyllales,Amaranthaceae,Amaranthus,Amaranthus hybridus ,L. 
Plantae,Magnoliophyta,Magnoliopsida,Caryophyllales,Amaranthaceae,Amaranthus,Amaranthus hybridus ,L. 
Plantae,Magnoliophyta,Magnoliopsida,Caryophyllales,Amaranthaceae,Amaranthus,Amaranthus retroflexus ,L.
Plantae,Magnoliophyta,Magnoliopsida,Caryophyllales,Amaranthaceae,Amaranthus,Amaranthus viridis ,L.
Plantae,Magnoliophyta,Liliopsida,Asparagales,Amaryllidaceae,Amaryllis,Amaryllis belladonna,L.
Plantae,Magnoliophyta,Magnoliopsida,Asterales,Asteraceae,Amblyopappus,Amblyopappus pusillus ,Hook. & Arn.
Plantae,Magnoliophyta,Magnoliopsida,Asterales,Asteraceae,Ambrosia,Ambrosia arborescens,Mill.
Plantae,Magnoliophyta,Magnoliopsida,Asterales,Asteraceae,Ambrosia,Ambrosia chamissonis ,(Less.) Greene
Plantae,Magnoliophyta,Magnoliopsida,Asterales,Asteraceae,Ambrosia,Ambrosia elatior ,L.
Plantae,Magnoliophyta,Magnoliopsida,Asterales,Asteraceae,Ambrosia,Ambrosia peruviana ,Willd.
Plantae,Magnoliophyta,Magnoliopsida,Asterales,Asteraceae,Ambrosia,Ambrosia tenuifolia ,Spreng.
Animalia,Chordata,Actinopterygii,Siluriformes,Ictaluridae,Ameiurus,Ameiurus melas ,"(Rafinesque, 1820) "
Animalia,Chordata,Actinopterygii,Siluriformes,Ictaluridae,Ameiurus,Ameiurus nebulosus ,"(Lesueur, 1819) "
Animalia,Arthropoda,Insecta,Hymenoptera,Tenthredinidae,Ametastegia,Ametastegia glabrata ,"Fallén, 1808"
Plantae,Magnoliophyta,Magnoliopsida,Myrtales,Lythraceae,Ammannia,Ammannia coccinea ,Rottb.
Plantae,Magnoliophyta,Magnoliopsida,Myrtales,Lythraceae,Ammannia,Ammannia latifolia ,L.
Plantae,Magnoliophyta,Magnoliopsida,Apiales,Apiaceae,Ammi,Ammi majus ,L.
Plantae,Magnoliophyta,Magnoliopsida,Apiales,Apiaceae,Ammi,Ammi visnaga ,(L.) Lam.
Plantae,Magnoliophyta,Liliopsida,Poales,Poaceae,Ammophila,Ammophila arenaria ,(L.) Link
Animalia,Arthropoda,Insecta,Lepidoptera,Gelechiidae,Anacampsis,Anacampsis humilis,"Hodges, 1970"
Plantae,Magnoliophyta,Magnoliopsida,Ericales,Primulaceae,Anagallis ,Anagallis arvensis ,L.
Animalia,Arthropoda,Insecta,Hymenoptera,Mymaridae,Anaphes ,Anaphes nitens,(Girault 1928)
Plantae,Magnoliophyta,Magnoliopsida,Ranunculales,Ranunculaceae,Anemone,Anemone decapetala,Ard.
Plantae,Magnoliophyta,Magnoliopsida,Malvales,Malvaceae,Anoda,Anoda cristata ,(L.) Schltdl.
Plantae,Magnoliophyta,Magnoliopsida,Caryophyllales,Basellaceae,Anredera,Anredera cordifolia,(Ten.) Steenis
Plantae,Magnoliophyta,Magnoliopsida,Asterales,Asteraceae,Anthemis,Anthemis arvensis ,L.
Plantae,Magnoliophyta,Magnoliopsida,Asterales,Asteraceae,Anthemis,Anthemis cotula ,L.
Plantae,Magnoliophyta,Liliopsida,Poales,Poaceae,Anthoxanthum,Anthoxanthum odoratum ,L.
Plantae,Magnoliophyta,Magnoliopsida,Apiales,Apiaceae,Anthriscus,Anthriscus caucalis,M. Bieb.
Plantae,Magnoliophyta,Magnoliopsida,Apiales,Apiaceae,Anthriscus,Anthriscus sylvestris ,(L.) Hoffm.
Plantae,Magnoliophyta,Liliopsida,Poales,Poaceae,Apera,Apera interrupta,(L.) P. Beauv.
Plantae,Magnoliophyta,Magnoliopsida,Rosales,Rosaceae,Aphanes,Aphanes arvensis ,L.
Animalia,Arthropoda,Insecta,Hymenoptera,Aphelinidae,Aphelinus,Aphelinus mali,"(Haldemann, 1851)"
Animalia,Arthropoda,Insecta,Hymenoptera,Apidae,Apis,Apis mellifera ,"Linnaeus, 1758"
Plantae,Magnoliophyta,Magnoliopsida,Apiales,Apiaceae,Apium,Apium graveolens,L.
Plantae,Magnoliophyta,Magnoliopsida,Apiales,Apiaceae,Apium,Apium nodiflorum ,(L.) Lag.
Animalia,Mollusca,Gastropoda,Aplysiida,Aplysiidae,Aplysia,Aplysia juliana,"Quoy & Gaimard, 1832"
Plantae,Magnoliophyta,Magnoliopsida,Ranunculales,Ranunculaceae,Aquilegia,Aquilegia vulgaris ,L.
Plantae,Magnoliophyta,Magnoliopsida,Brassicales,Brassicaceae,Arabidopsis,Arabidopsis thaliana ,(L.) Heynh.
Plantae,Magnoliophyta,Magnoliopsida,Gentianales,Apocynaceae,Araujia,Araujia sericifera,Brot.
Plantae,Magnoliophyta,Magnoliopsida,Asterales,Asteraceae,Arctium,Arctium minus ,(Hill) Bernh.
Plantae,Magnoliophyta,Magnoliopsida,Asterales,Asteraceae,Arctotheca,Arctotheca calendula ,(L.) Levyns
Plantae,Magnoliophyta,Magnoliopsida,Caryophyllales,Caryophyllaceae,Arenaria,Arenaria serpyllifolia ,L.
Plantae,Magnoliophyta,Magnoliopsida,Asterales,Asteraceae,Argyranthemum,Argyranthemum frutescens ,(L.) Sch. Bip.
Animalia,Mollusca,Gastropoda,Stylommatophora,Arionidae,Arion,Arion intermedius,"(Normand, 1852)"
Plantae,Magnoliophyta,Magnoliopsida,Asterales,Asteraceae,Arnica,Arnica angustifolia ,Vahl
Plantae,Magnoliophyta,Liliopsida,Poales,Poaceae,Arrhenatherum,Arrhenatherum elatius ,(L.) P.Beauv. ex J.Presl & C.Presl 
Plantae,Magnoliophyta,Liliopsida,Poales,Poaceae,Arrhenatherum,Arrhenatherum elatius ,(L.) P.Beauv. ex J.Presl & C.Presl
Plantae,Magnoliophyta,Magnoliopsida,Asterales,Asteraceae,Artemisia,Artemisia absinthium ,L.
Plantae,Magnoliophyta,Magnoliopsida,Asterales,Asteraceae,Artemisia,Artemisia verlotorum ,Lamotte
Plantae,Magnoliophyta,Liliopsida,Poales,Poaceae,Arundo,Arundo donax ,L.
Plantae,Magnoliophyta,Magnoliopsida,Gentianales,Apocynaceae,Asclepias,Asclepias curassavica ,L.
Plantae,Rhodophyta,Florideophyceae,Bonnemaisoniales,Bonnemaisoniaceae,Asparagopsis,Asparagopsis armata,Harvey
Plantae,Magnoliophyta,Magnoliopsida,Boraginales,Boraginaceae,Asperugo,Asperugo procumbens,L.
Plantae,Magnoliophyta,Liliopsida,Asparagales,Asphodelaceae,Asphodelus,Asphodelus fistulosus ,L.
Plantae,Magnoliophyta,Magnoliopsida,Caryophyllales,Chenopodiaceae,Atriplex,Atriplex hortensis ,L.
Plantae,Magnoliophyta,Magnoliopsida,Caryophyllales,Chenopodiaceae,Atriplex,Atriplex nummularia ,Lindl.
Plantae,Magnoliophyta,Magnoliopsida,Caryophyllales,Chenopodiaceae,Atriplex,Atriplex patula,L.
Plantae,Magnoliophyta,Magnoliopsida,Caryophyllales,Chenopodiaceae,Atriplex,Atriplex prostrata ,Boucher ex DC.
Plantae,Magnoliophyta,Magnoliopsida,Caryophyllales,Chenopodiaceae,Atriplex,Atriplex rosea ,L.
Plantae,Magnoliophyta,Magnoliopsida,Caryophyllales,Chenopodiaceae,Atriplex,Atriplex semibaccata ,R. Br.
Plantae,Magnoliophyta,Magnoliopsida,Caryophyllales,Chenopodiaceae,Atriplex,Atriplex suberecta ,I. Verd.
Plantae,Magnoliophyta,Magnoliopsida,Caryophyllales,Chenopodiaceae,Atriplex,Atriplex tatarica ,L.
Animalia,Arthropoda,Insecta,Hemiptera,Aphididae,Aulacorthum ,Aulacorthum circumflexum ,"(Buckton, 1876)"
Animalia,Arthropoda,Insecta,Hemiptera,Aphididae,Aulacorthum ,Aulacorthum solani ,"Kaltenbach, 1843"
Animalia,Chordata,Actinopterygii,Cichliformes,Cichlidae,Australoheros,Australoheros facetus,"(Jenyns, 1842)"
Plantae,Magnoliophyta,Liliopsida,Poales,Poaceae,Avena,Avena barbata ,Pott ex Link
Plantae,Magnoliophyta,Liliopsida,Poales,Poaceae,Avena,Avena fatua ,L.
Plantae,Magnoliophyta,Liliopsida,Poales,Poaceae,Avena,Avena sativa ,L.
Plantae,Magnoliophyta,Liliopsida,Poales,Poaceae,Avena,Avena sterilis ,L.
Plantae,Magnoliophyta,Liliopsida,Poales,Poaceae,Avena,Avena strigosa ,Schreb.
Animalia,Arthropoda,Insecta,Hymenoptera,Encyrtidae,Avetianella,Avetianella longoi,"Siscaro, 1992"
Animalia,Chordata,Mammalia,Artiodactyla,Cervidae,Axis,Axis axis,"(Erxleben, 1777)"
Plantae,Magnoliophyta,Magnoliopsida,Asterales,Asteraceae,Bahia ,Bahia ambrosioides,Lag.
Plantae,Magnoliophyta,Magnoliopsida,Brassicales,Brassicaceae,Barbarea ,Barbarea verna ,(Mill.) Asch.
Plantae,Bryophyta,Bryopsida,Pottiales,Pottiaceae,Barbula,Barbula convoluta ,Hedw.
Plantae,Bryophyta,Bryopsida,Pottiales,Pottiaceae,Barbula,Barbula unguiculata ,Hedw.
Plantae,Magnoliophyta,Magnoliopsida,Caryophyllales,Chenopodiaceae,Bassia,Bassia hyssopifolia ,(Pall.) Kuntze
Plantae,Magnoliophyta,Magnoliopsida,Lamiales,Orobanchaceae,Bellardia ,Bellardia trixago,(L.) All.
Plantae,Magnoliophyta,Magnoliopsida,Lamiales,Orobanchaceae,Bellardia ,Bellardia viscosa ,(L.) Fisch. & C.A. Mey
Plantae,Magnoliophyta,Magnoliopsida,Asterales,Asteraceae,Bellis ,Bellis perennis ,L.
Plantae,Magnoliophyta,Magnoliopsida,Caryophyllales,Chenopodiaceae,Beta ,Beta vulgaris ,L. 
Plantae,Magnoliophyta,Magnoliopsida,Caryophyllales,Chenopodiaceae,Beta ,Beta vulgaris,L.
Plantae,Magnoliophyta,Magnoliopsida,Asterales,Asteraceae,Bidens,Bidens aurea ,(Aiton) Sherff
Plantae,Magnoliophyta,Magnoliopsida,Asterales,Asteraceae,Bidens,Bidens laevis,"(L.) Britton, Sterns & Poggenb"
Plantae,Magnoliophyta,Magnoliopsida,Asterales,Asteraceae,Bidens,Bidens pilosa ,L. 
Animalia,Arthropoda,Insecta,Hemiptera,Aphalaridae,Blasptopsylla,Blasptopsylla occidentalis,Taylor 1985
Animalia,Annelida,Polychaeta,Spionida,Spionidae,Boccardia,Boccardia tricuspa,"(Hartman, 1939)"
Plantae,Magnoliophyta,Magnoliopsida,Caryophyllales,Nyctaginaceae,Boerhavia,Boerhavia diffusa ,L.
Plantae,Magnoliophyta,Liliopsida,Poales,Cyperaceae,Bolboschoenus,Bolboschoenus maritimus ,(L.) Palla
Animalia,Arthropoda,Insecta,Hymenoptera,Apidae,Bombus,Bombus ruderatus  ,"(Fabricius, 1775)"
Animalia,Arthropoda,Insecta,Hymenoptera,Apidae,Bombus,Bombus terrestris  ,"(Linnaeus, 1758)"
Plantae,Magnoliophyta,Magnoliopsida,Boraginales,Boraginaceae,Borago ,Borago officinalis ,L.
Animalia,Chordata,Mammalia,Artiodactyla,Bovidae,Bos,Bos taurus ,"Linnaeus, 1758"
Plantae,Magnoliophyta,Liliopsida,Poales,Poaceae,Bothriochloa ,Bothriochloa laguroides,(DC.) Herter
Plantae,Magnoliophyta,Liliopsida,Poales,Poaceae,Brachypodium ,Brachypodium distachyon,(L.) P. Beauv.
Plantae,Bryophyta,Bryopsida,Pottiales,Brachytheciaceae,Brachythecium,Brachythecium albicans ,Hedw.
Plantae,Magnoliophyta,Magnoliopsida,Brassicales,Brassicaceae,Brassica ,Brassica napus,L.
Plantae,Magnoliophyta,Magnoliopsida,Brassicales,Brassicaceae,Brassica ,Brassica nigra ,(L.) W.D.J. Koch
Plantae,Magnoliophyta,Magnoliopsida,Brassicales,Brassicaceae,Brassica ,Brassica oleracea ,L.
Plantae,Magnoliophyta,Magnoliopsida,Brassicales,Brassicaceae,Brassica ,Brassica rapa,L.
Plantae,Magnoliophyta,Magnoliopsida,Brassicales,Brassicaceae,Brassica ,Brassica tournefortii ,Gouan
Animalia,Arthropoda,Insecta,Hemiptera,Aphididae,Brevicoryne,Brevicoryne brassicae ,"(Linnaeus, 1758)"
Plantae,Magnoliophyta,Liliopsida,Poales,Poaceae,Briza,Briza maxima ,L.
Plantae,Magnoliophyta,Liliopsida,Poales,Poaceae,Briza,Briza minor ,L.
Plantae,Magnoliophyta,Liliopsida,Poales,Poaceae,Bromus,Bromus erectus ,Huds.
Plantae,Magnoliophyta,Liliopsida,Poales,Poaceae,Bromus,Bromus hordeaceus ,L.
Plantae,Magnoliophyta,Liliopsida,Poales,Poaceae,Bromus,Bromus lanceolatus ,Roth
Plantae,Magnoliophyta,Liliopsida,Poales,Poaceae,Bromus,Bromus lithobius ,Trin.
Plantae,Magnoliophyta,Liliopsida,Poales,Poaceae,Bromus,Bromus madritensis ,L.
Plantae,Magnoliophyta,Liliopsida,Poales,Poaceae,Bromus,Bromus racemosus ,L.
Plantae,Magnoliophyta,Liliopsida,Poales,Poaceae,Bromus,Bromus rigidus ,Roth
Plantae,Magnoliophyta,Liliopsida,Poales,Poaceae,Bromus,Bromus scoparius ,L.
Plantae,Magnoliophyta,Liliopsida,Poales,Poaceae,Bromus,Bromus secalinus ,L.
Plantae,Magnoliophyta,Liliopsida,Poales,Poaceae,Bromus,Bromus squarrosus ,L.
Plantae,Magnoliophyta,Liliopsida,Poales,Poaceae,Bromus,Bromus stamineus ,E.Desv.
Plantae,Magnoliophyta,Liliopsida,Poales,Poaceae,Bromus,Bromus sterilis ,L.
Plantae,Magnoliophyta,Liliopsida,Poales,Poaceae,Bromus,Bromus tectorum ,L.
Fungi,Basidiomycota,Agaricomycetes,Boletales,Boletaceae,Buchwaldoboletus,Buchwaldoboletus hemichrysus ,(Berk. & M.A. Curtis) Singer
Plantae,Magnoliophyta,Magnoliopsida,Boraginales,Boraginaceae,Buglossoides ,Buglossoides arvensis,(L.) I.M. Johnst.
Animalia,Arthropoda,Insecta,Coleoptera,Buprestidae,Buprestis ,Buprestis novemmaculata ,Linnaeus 1757
Animalia,Chordata,Aves,Anseriformes,Anatidae,Cairina,Cairina moschata,"(Linneo, 1758)"
Plantae,Magnoliophyta,Magnoliopsida,Caryophyllales,Montiaceae,Calandrinia ,Calandrinia monandra ,(Ruiz & Pav.) DC.
Plantae,Magnoliophyta,Magnoliopsida,Lamiales,Calceolariaceae,Calceolaria ,Calceolaria chelidonioides ,Kunth
Plantae,Magnoliophyta,Magnoliopsida,Asterales,Asteraceae,Calendula ,Calendula arvensis ,L.
Plantae,Magnoliophyta,Magnoliopsida,Asterales,Asteraceae,Calendula ,Calendula officinalis ,L.
Plantae,Magnoliophyta,Magnoliopsida,Asterales,Asteraceae,Calendula ,Calendula tripterocarpa ,Rupr.
Plantae,Bryophyta,Bryopsida,Hypnales,Hypnaceae,Calliergonella,Calliergonella cuspidata ,(Hedw.) Loeske
Animalia,Chordata,Aves,Galliformes,Odontophoridae,Callipepla,Callipepla californica,"(Shaw, 1798)"
Fungi,Basidiomycota,Agaricomycetes,Agaricales,Callistosporiaceae,Callistosporium,Callistosporium luteo-olivaceum,(Berk. & M.A. Curtis) Singer
Plantae,Magnoliophyta,Magnoliopsida,Lamiales,Plantaginaceae,Callitriche,Callitriche lechleri ,(Hegelm.) Fassett
Plantae,Magnoliophyta,Magnoliopsida,Lamiales,Plantaginaceae,Callitriche,Callitriche truncata ,Guss.
Plantae,Magnoliophyta,Magnoliopsida,Solanales,Convolvulaceae,Calystegia ,Calystegia sepium ,(L.) R.Br.
Plantae,Magnoliophyta,Magnoliopsida,Solanales,Convolvulaceae,Calystegia ,Calystegia soldanella ,(L.) Roem. & Schult.
Plantae,Magnoliophyta,Magnoliopsida,Brassicales,Brassicaceae,Camelina,Camelina microcarpa ,Andrz. ex DC.
Animalia,Chordata,Mammalia,Carnivora,Canidae,Canis,Canis lupus familiaris ,"Linnaeus, 1758"
Animalia,Chordata,Mammalia,Artiodactyla,Bovidae,Capra,Capra hircus,"Linnaeus, 1758"
Plantae,Magnoliophyta,Magnoliopsida,Brassicales,Brassicaceae,Capsella ,Capsella bursa-pastoris ,(L.) Medik.
Animalia,Chordata,Actinopterygii,Cypriniformes,Cyprinidae,Carassius,Carassius auratus ,"(Linnaeus, 1758) "
Animalia,Chordata,Actinopterygii,Cypriniformes,Cyprinidae,Carassius,Carassius carassius ,"(Linnaeus, 1758)"
Plantae,Magnoliophyta,Magnoliopsida,Brassicales,Brassicaceae,Cardamine,Cardamine africana ,L.
Plantae,Magnoliophyta,Magnoliopsida,Brassicales,Brassicaceae,Cardamine,Cardamine hirsuta,L.
Plantae,Magnoliophyta,Magnoliopsida,Asterales,Asteraceae,Carduus ,Carduus nutans ,L.
Plantae,Magnoliophyta,Magnoliopsida,Asterales,Asteraceae,Carduus ,Carduus pycnocephalus ,L.
Plantae,Magnoliophyta,Magnoliopsida,Asterales,Asteraceae,Carduus ,Carduus tenuiflorus ,Curtis
Plantae,Magnoliophyta,Magnoliopsida,Asterales,Asteraceae,Carduus ,Carduus thoermeri ,Weinm.
Plantae,Magnoliophyta,Liliopsida,Poales,Cyperaceae,Carex ,Carex canescens ,L.
Plantae,Magnoliophyta,Liliopsida,Poales,Cyperaceae,Carex ,Carex pumila, Thunb.
Plantae,Magnoliophyta,Magnoliopsida,Caryophyllales,Aizoaceae,Carpobrotus,Carpobrotus edulis ,(L.) N.E. Br.
Plantae,Magnoliophyta,Magnoliopsida,Asterales,Asteraceae,Carthamus ,Carthamus lanatus,L.
Plantae,Magnoliophyta,Magnoliopsida,Asterales,Asteraceae,Carthamus ,Carthamus tinctorius ,L.
Plantae,Magnoliophyta,Magnoliopsida,Lamiales,Orobanchaceae,Castilleja,Castilleja attenuata, (A. Gray) T.I. Chuang & Heckard
Animalia,Chordata,Mammalia,Rodentia,Castoridae,Castor,Castor canadensis,"Kuhl, 1820"
Plantae,Magnoliophyta,Liliopsida,Poales,Poaceae,Catabrosa,Catabrosa aquatica,(L.) P. Beauv.
Plantae,Magnoliophyta,Liliopsida,Poales,Poaceae,Catapodium,Catapodium rigidum ,(L.) C.E. Hubb.
Plantae,Magnoliophyta,Liliopsida,Poales,Poaceae,Cenchrus,Cenchrus clandestinus ,(Hochst. ex Chiov.) Morrone
Plantae,Magnoliophyta,Liliopsida,Poales,Poaceae,Cenchrus,Cenchrus echinatus ,L.
Plantae,Magnoliophyta,Liliopsida,Poales,Poaceae,Cenchrus,Cenchrus longisetus ,M.C. Johnst.
Plantae,Magnoliophyta,Liliopsida,Poales,Poaceae,Cenchrus,Cenchrus myosuroides ,Kunth
Plantae,Magnoliophyta,Magnoliopsida,Asterales,Asteraceae,Centaurea,Centaurea benedicta ,(L.) L.
Plantae,Magnoliophyta,Magnoliopsida,Asterales,Asteraceae,Centaurea,Centaurea calcitrapa ,L.
Plantae,Magnoliophyta,Magnoliopsida,Asterales,Asteraceae,Centaurea,Centaurea cyanus ,L.
Plantae,Magnoliophyta,Magnoliopsida,Asterales,Asteraceae,Centaurea,Centaurea jacea ,L.
Plantae,Magnoliophyta,Magnoliopsida,Asterales,Asteraceae,Centaurea,Centaurea melitensis ,L.
Plantae,Magnoliophyta,Magnoliopsida,Asterales,Asteraceae,Centaurea,Centaurea nigra ,L.
Plantae,Magnoliophyta,Magnoliopsida,Asterales,Asteraceae,Centaurea,Centaurea solstitialis ,L.
Plantae,Magnoliophyta,Magnoliopsida,Gentianales,Gentianaceae,Centaurium ,Centaurium cachanlahuen ,(Molina) B.L. Rob.
Plantae,Magnoliophyta,Magnoliopsida,Gentianales,Gentianaceae,Centaurium ,Centaurium erythraea ,Rafn
Plantae,Magnoliophyta,Magnoliopsida,Gentianales,Gentianaceae,Centaurium ,Centaurium littorale ,(Turner) Gilmour
Plantae,Magnoliophyta,Magnoliopsida,Gentianales,Gentianaceae,Centaurium ,Centaurium pulchellum ,(Sw.) Druce
Plantae,Magnoliophyta,Magnoliopsida,Gentianales,Gentianaceae,Centaurium ,Centunculus minimus ,L.
Plantae,Magnoliophyta,Magnoliopsida,Caryophyllales,Caryophyllaceae,Cerastium,Cerastium arvense ,L.
Plantae,Magnoliophyta,Magnoliopsida,Caryophyllales,Caryophyllaceae,Cerastium,Cerastium fontanum   ,Baumg.
Plantae,Magnoliophyta,Magnoliopsida,Caryophyllales,Caryophyllaceae,Cerastium,Cerastium glomeratum ,Thuill.
Protista,Dinoflagellata,Dinophyceae,Peridiniales,Ceratiaceae,Ceratium,Ceratium hirundinella ,(O.F. Müller) Dujardin (FW) 
Animalia,Chordata,Mammalia,Artiodactyla,Cervidae,Cervus,Cervus elaphus ,"Linnaeus, 1758"
Plantae,Magnoliophyta,Magnoliopsida,Solanales,Solanaceae,Cestrum ,Cestrum parqui ,L'Hér.
Animalia,Arthropoda,Insecta,Hemiptera,Aphididae,Chaitophorus ,Chaitophorus leucomelas,"Koch, 1854"
Fungi,Basidiomycota,Agaricomycetes,Boletales,Boletaceae,Chalciporus,Chalciporus piperatus ,(Bull.) Bataille
Fungi,Ascomycota,Pezizomycetes,Pezizales,Pyronemataceae,Cheilymenia,Cheilymenia fimicola,(Bagl.) Dennis
Animalia,Chordata,Actinopterygii,Characiformes,Characidae,Cheirodon,Cheirodon interruptus ,"(Jenyns, 1842)"
Plantae,Magnoliophyta,Magnoliopsida,Caryophyllales,Chenopodiaceae,Chenopodiastrum,Chenopodiastrum murale ,"(L.) S. Fuentes, Uotila & Borsch"
Plantae,Magnoliophyta,Magnoliopsida,Caryophyllales,Chenopodiaceae,Chenopodium,Chenopodium album ,L.
Plantae,Magnoliophyta,Magnoliopsida,Caryophyllales,Chenopodiaceae,Chenopodium,Chenopodium carnosulum ,Moq.
Plantae,Magnoliophyta,Magnoliopsida,Caryophyllales,Chenopodiaceae,Chenopodium,Chenopodium ficifolium ,Sm.
Plantae,Magnoliophyta,Magnoliopsida,Caryophyllales,Chenopodiaceae,Chenopodium,Chenopodium giganteum ,D. Don
Plantae,Magnoliophyta,Magnoliopsida,Caryophyllales,Chenopodiaceae,Chenopodium,Chenopodium vulvaria ,L.
Plantae,Magnoliophyta,Liliopsida,Poales,Poaceae,Chloris,Chloris radiata ,(L.) Sw.
Plantae,Magnoliophyta,Liliopsida,Poales,Poaceae,Chloris,Chloris virgata ,Sw.
Fungi,Basidiomycota,Agaricomycetes,Agaricales,Agaricaceae,Chlorophyllum,Chlorophyllum rachodes ,(Vittad.) Vellinga
Plantae,Magnoliophyta,Magnoliopsida,Brassicales,Brassicaceae,Chorispora ,Chorispora tenella ,(Pall.) DC.
Plantae,Magnoliophyta,Magnoliopsida,Asterales,Asteraceae,Chrysanthemoides ,Chrysanthemoides monilifera ,(L.) Norl.
Plantae,Magnoliophyta,Magnoliopsida,Asterales,Asteraceae,Chrysanthemum,Chrysanthemum coronarium ,L.
Plantae,Magnoliophyta,Magnoliopsida,Asterales,Asteraceae,Chrysanthemum,Chrysanthemum segetum ,L.
Animalia,Arthropoda,Insecta,Coleoptera,Chrysomelidae,Chrysolina,Chrysolina hyperici ,"Forster, 1771"
Animalia,Arthropoda,Insecta,Coleoptera,Chrysomelidae,Chrysolina,Chrysolina quadrigemina ,"(Suffrian, 1851)"
Plantae,Magnoliophyta,Magnoliopsida,Asterales,Asteraceae,Cichorium,Cichorium intybus ,L.
Animalia,Arthropoda,Insecta,Hemiptera,Aphididae,Cinara,Cinara cupressi ,"(Buckton, 1881)"
Plantae,Magnoliophyta,Magnoliopsida,Asterales,Asteraceae,Cirsium,Cirsium arvense ,(L.) Scop.
Plantae,Magnoliophyta,Magnoliopsida,Asterales,Asteraceae,Cirsium,Cirsium vulgare ,(Savi) Ten.
Plantae,Magnoliophyta,Magnoliopsida,Asterales,Asteraceae,Cladanthus,Cladanthus mixtus ,(L.) Chevall.
Plantae,Magnoliophyta,Magnoliopsida,Ranunculales,Ranunculaceae,Clematis ,Clematis bonariensis ,Juss. ex DC.
Plantae,Magnoliophyta,Magnoliopsida,Ranunculales,Ranunculaceae,Clematis ,Clematis montevidensis ,Spreng.
Fungi,Basidiomycota,Agaricomycetes,Agaricales,Tricholomataceae,Clitocybe,Clitocybe suaveolens,(Schumach.) P. Kumm.
Animalia,Arthropoda,Insecta,Hymenoptera,Eulophidae,Closterocerus,Closterocerus chamaeleon ,"(Girault, 1922)"
Animalia,Chordata,Actinopterygii,Cyprinodontiformes,Poeciliidae,Cnesterodon ,Cnesterodon decemmaculatus ,"(Jenyns, 1842)"
Animalia,Arthropoda,Insecta,Hymenoptera,Aphelinidae,Coccophagus,Coccophagus gurneyi,Compere 1929
Plantae,Chlorophyta,Ulvophyceae,Bryopsidales,Codiaceae,Codium,Codium fragile,
Animalia,Arthropoda,Insecta,Lepidoptera,Coleophoridae,Coleophora,Coleophora versurella,"Zeller, 1849"
Plantae,Magnoliophyta,Magnoliopsida,Asterales,Asteraceae,Coleostephus,Coleostephus myconis ,(L.) Cass.
Animalia,Chordata,Aves,Columbiformes,Columbidae,Columba,Columba livia ,"Gmelin, 1789"
Plantae,Magnoliophyta,Liliopsida,Commelinales,Commelinaceae,Commelina,Commelina erecta ,L.
Plantae,Magnoliophyta,Magnoliopsida,Apiales,Apiaceae,Conium,Conium maculatum ,L.
Plantae,Magnoliophyta,Magnoliopsida,Solanales,Convolvulaceae,Convolvulus,Convolvulus arvensis ,L.
Animalia,Chordata,Actinopterygii,Salmoniformes,Salmonidae,Coregonus,Coregonus clupeaformis ,"(Mitchill, 1818)"
Plantae,Magnoliophyta,Magnoliopsida,Apiales,Apiaceae,Coriandrum ,Coriandrum sativum ,L.
Animalia,Mollusca,Gastropoda,Stylommatophora,Helicidae,Cornu ,Cornu aspersum,"(Muller, 1774)"
Plantae,Marchantiophyta,Marchantiopsida,Marchantiales,Corsiniaceae,Corsinia,Corsinia coriandrina ,(Spreng.) Lindb.
Fungi,Basidiomycota,Agaricomycetes,Agaricales,Cortinariaceae,Cortinarius,Cortinarius brunneus,
Fungi,Basidiomycota,Agaricomycetes,Agaricales,Cortinariaceae,Cortinarius,Cortinarius erythrinus ,(Fr.) Fr.
Fungi,Basidiomycota,Agaricomycetes,Agaricales,Cortinariaceae,Cortinarius,Cortinarius saturninus ,
Fungi,Basidiomycota,Agaricomycetes,Agaricales,Cortinariaceae,Cortinarius,Cortinarius violilamellatus ,(A. Pearson) P.D. Orton
Plantae,Magnoliophyta,Liliopsida,Poales,Poaceae,Corynephorus ,Corynephorus divaricatus ,(Pourr.) Breistr.
Plantae,Magnoliophyta,Magnoliopsida,Rosales,Rosaceae,Cotoneaster,Cotoneaster franchetii ,Bois.
Plantae,Magnoliophyta,Magnoliopsida,Asterales,Asteraceae,Cotula,Cotula australis ,(Sieber ex Spreng.) Hook. f.
Plantae,Magnoliophyta,Magnoliopsida,Asterales,Asteraceae,Cotula,Cotula coronopifolia ,L.
Plantae,Magnoliophyta,Magnoliopsida,Saxifragales,Crassulaceae,Crassula,Crassula tillaea ,Lest.-Garl.
Plantae,Magnoliophyta,Magnoliopsida,Rosales,Rosaceae,Crataegus,Crataegus monogyna ,Jacq.
Plantae,Magnoliophyta,Magnoliopsida,Asterales,Asteraceae,Crepis,Crepis capillaris ,(L.) Wallr.
Plantae,Magnoliophyta,Magnoliopsida,Asterales,Asteraceae,Crepis,Crepis pulchra ,L.
Plantae,Magnoliophyta,Magnoliopsida,Asterales,Asteraceae,Crepis,Crepis setosa ,Haller f.
Plantae,Magnoliophyta,Magnoliopsida,Asterales,Asteraceae,Crepis,Crepis vesicaria ,L.
Plantae,Magnoliophyta,Liliopsida,Asparagales,Iridaceae,Crocosmia,Crocosmia crocosmiiflora ,(Lemoine ex Burbidge & Dean) N.E. Br.
Plantae,Magnoliophyta,Magnoliopsida,Fabales,Fabaceae,Crotalaria,Crotalaria incana,L.
Plantae,Magnoliophyta,Magnoliopsida,Malpighiales,Euphorbiaceae,Croton,Croton setiger ,Hook
Animalia,Arthropoda,Insecta,Coleoptera,Coccinellidae,Cryptolaemus,Cryptolaemus montrouzieri,"Mulsant, 1853"
Animalia,Arthropoda,Insecta,Hemiptera,Aphalaridae,Ctenarytaina,Ctenarytaina eucalypti,"(Maskell, 1890)"
Animalia,Chordata,Actinopterygii,Cypriniformes,Cyprinidae,Ctenopharyngodon,Ctenopharyngodon idella ,"(Valenciennes, 1844)"
Plantae,Magnoliophyta,Magnoliopsida,Solanales,Convolvulaceae,Cuscuta,Cuscuta campestris,Yunck
Plantae,Magnoliophyta,Magnoliopsida,Solanales,Convolvulaceae,Cuscuta,Cuscuta epithymum ,(L.) Murray ex L.  
Fungi,Basidiomycota,Agaricomycetes,Agaricales,Agaricaceae,Cyathus,Cyathus stercoreus,(Schwein.) De Toni
Plantae,Magnoliophyta,Magnoliopsida,Apiales,Apiaceae,Cyclospermum,Cyclospermum leptophyllum,(Pers.) Sprague
Plantae,Magnoliophyta,Magnoliopsida,Caryophyllales,Cactaceae,Cylindropuntia,Cylindropuntia tunicata ,(Lehm.) F.M. Knuth
Plantae,Magnoliophyta,Magnoliopsida,Lamiales,Scrophulariaceae,Cymbalaria,Cymbalaria muralis ,"P. Gaertn., B. Mey. & Scherb."
Plantae,Magnoliophyta,Liliopsida,Poales,Poaceae,Cymbopogon,Cymbopogon citratus ,(DC.) Stapf
Plantae,Magnoliophyta,Magnoliopsida,Asterales,Asteraceae,Cynara,Cynara cardunculus,L.
Plantae,Magnoliophyta,Liliopsida,Poales,Poaceae,Cynodon,Cynodon dactylon ,(L.) Pers.
Plantae,Magnoliophyta,Magnoliopsida,Boraginales,Boraginaceae,Cynoglossum,Cynoglossum creticum ,Mill.
Plantae,Magnoliophyta,Magnoliopsida,Boraginales,Boraginaceae,Cynoglossum,Cynoglossum zeylanicum ,(Vahl ex Hornem.) Thunb. ex Lehm.
Plantae,Magnoliophyta,Liliopsida,Poales,Poaceae,Cynosurus,Cynosurus cristatus,L.
Plantae,Magnoliophyta,Liliopsida,Poales,Poaceae,Cynosurus,Cynosurus echinatus ,L.
Plantae,Magnoliophyta,Liliopsida,Poales,Cyperaceae,Cyperus,Cyperus difformis ,L.
Plantae,Magnoliophyta,Liliopsida,Poales,Cyperaceae,Cyperus,Cyperus eragrostis ,Lam. 
Plantae,Magnoliophyta,Liliopsida,Poales,Cyperaceae,Cyperus,Cyperus involucratus ,Rott.
Plantae,Magnoliophyta,Liliopsida,Poales,Cyperaceae,Cyperus,Cyperus laevigatus ,L. 
Plantae,Magnoliophyta,Liliopsida,Poales,Cyperaceae,Cyperus,Cyperus odoratus ,L.
Plantae,Magnoliophyta,Liliopsida,Poales,Cyperaceae,Cyperus,Cyperus rotundus ,L.
Plantae,Magnoliophyta,Liliopsida,Poales,Cyperaceae,Cyperus,Cyperus squarrosus ,L.
Animalia,Chordata,Actinopterygii,Cypriniformes,Cyprinidae,Cyprinus,Cyprinus carpio ,"Linnaeus, 1758"
Plantae,Magnoliophyta,Magnoliopsida,Fabales,Fabaceae,Cytisus,Cytisus scoparius ,(L.) Link
Plantae,Magnoliophyta,Magnoliopsida,Fabales,Fabaceae,Cytisus,Cytisus striatus,Rothm.
Plantae,Magnoliophyta,Liliopsida,Poales,Poaceae,Dactylis,Dactylis glomerata ,L.
Animalia,Chordata,Mammalia,Artiodactyla,Cervidae,Dama,Dama dama ,"(Linnaeus, 1758)"
Plantae,Magnoliophyta,Liliopsida,Poales,Poaceae,Danthonia,Danthonia californica ,Bol.
Plantae,Magnoliophyta,Liliopsida,Poales,Poaceae,Danthonia,Danthonia decumbens,(L.) DC.
Plantae,Magnoliophyta,Magnoliopsida,Solanales,Solanaceae,Datura,Datura ferox,L.
Plantae,Magnoliophyta,Magnoliopsida,Solanales,Solanaceae,Datura,Datura inoxia ,Mill.
Plantae,Magnoliophyta,Magnoliopsida,Solanales,Solanaceae,Datura,Datura stramonium ,L.
Plantae,Magnoliophyta,Magnoliopsida,Apiales,Apiaceae,Daucus,Daucus carota ,L.
Plantae,Magnoliophyta,Magnoliopsida,Apiales,Apiaceae,Daucus,Daucus montanus,Humb. & Bonpl. ex Spreng.
Plantae,Magnoliophyta,Magnoliopsida,Apiales,Apiaceae,Daucus,Daucus pusillus ,Michx.
Plantae,Magnoliophyta,Magnoliopsida,Asterales,Asteraceae,Delairea,Delairea odorata ,Lem.
Animalia,Mollusca,Gastropoda,Stylommatophora,Limacidae,Deroceras,Deroceras invadens ,(Reise et al. 2011)
Animalia,Mollusca,Gastropoda,Stylommatophora,Limacidae,Deroceras,Deroceras laeve ,"(O.F. Müller, 1774)"
Animalia,Mollusca,Gastropoda,Stylommatophora,Limacidae,Deroceras,Deroceras panormitanum ,"(Lessona & Polloneras, 1882)"
Plantae,Magnoliophyta,Liliopsida,Poales,Poaceae,Deschampsia,Deschampsia setacea ,(Huds.) Hack.
Fungi,Basidiomycota,Agaricomycetes,Agaricales,Bolbitiaceae,Descomyces,Descomyces albus ,(Klotzsch) Bougher & Castellano
Fungi,Basidiomycota,Agaricomycetes,Agaricales,Bolbitiaceae,Descomyces,Descomyces varians ,Trappe & Claridge
Plantae,Magnoliophyta,Magnoliopsida,Brassicales,Brassicaceae,Descurainia,Descurainia sophia,(L.) Webb ex Prantl
Plantae,Magnoliophyta,Magnoliopsida,Fabales,Fabaceae,Desmanthus,Desmanthus virgatus,(L.) Willd.
Plantae,Magnoliophyta,Magnoliopsida,Caryophyllales,Caryophyllaceae,Dianthus,Dianthus armeria ,L.
Chromista,Ochrophyta,Bacillariophyceae,Cymbellales,Cymbellaceae,Didymosphenia,Didymosphenia geminata ,(Lyngbye) M.Schmidt (FW)
Plantae,Magnoliophyta,Liliopsida,Alismatales,Araceae,Dieffenbachia,Dieffenbachia seguine,
Plantae,Magnoliophyta,Magnoliopsida,Lamiales,Plantaginaceae,Digitalis,Digitalis purpurea ,L.
Plantae,Magnoliophyta,Liliopsida,Poales,Poaceae,Digitaria,Digitaria aequiglumis ,(Hack. & Arechav.) Parodi
Plantae,Magnoliophyta,Liliopsida,Poales,Poaceae,Digitaria,Digitaria ischaemum ,(Schreb.) Muhl.
Plantae,Magnoliophyta,Liliopsida,Poales,Poaceae,Digitaria,Digitaria sanguinalis ,(L.) Scop.
Plantae,Magnoliophyta,Liliopsida,Poales,Poaceae,Digitaria,Digitaria violascens ,Link
Plantae,Magnoliophyta,Magnoliopsida,Brassicales,Brassicaceae,Diplotaxis,Diplotaxis muralis ,(L.) DC.
Plantae,Magnoliophyta,Magnoliopsida,Fabales,Fabaceae,Dipogon,Dipogon lignosus ,(L.) Verdc.
Animalia,Annelida,Polychaeta,Spionida,Spionidae,Dipolydora,Dipolydora giardi,"(Mesnil, 1896)"
Plantae,Magnoliophyta,Magnoliopsida,Dipsacales,Caprifoliaceae,Dipsacus,Dipsacus sativus ,(L.) Honck.
Plantae,Magnoliophyta,Magnoliopsida,Asterales,Asteraceae,Dittrichia,Dittrichia viscosa ,(L.) Greuter
Animalia,Arthropoda,Insecta,Hemiptera,Aphididae,Diuraphis,Diuraphis noxia,"(Kurdjumov, 1913)"
Plantae,Magnoliophyta,Magnoliopsida,Sapindales,Sapindaceae,Dodonaea,Dodonaea viscosa ,Jacq.
Plantae,Magnoliophyta,Magnoliopsida,Brassicales,Brassicaceae,Draba,Draba verna,L.
Plantae,Bryophyta,Bryopsida,Hypnales,Amblystegiaceae,Drepanocladus,Drepanocladus polygamus ,(Schimp.) Hedenäs
Plantae,Pteridophyta,Filicopsida,Polypodiales,Dryopteridaceae,Dryopteris,Dryopteris filix-mas,(L.) Schott
Plantae,Magnoliophyta,Magnoliopsida,Rosales,Rosaceae,Duchesnea,Duchesnea indica ,(Andrews) Focke
Plantae,Marchantiophyta,Marchantiopsida,Marchantiales,Dumortieraceae,Dumortiera ,Dumortiera hirsuta,(Sw.) Nees
Plantae,Magnoliophyta,Magnoliopsida,Caryophyllales,Chenopodiaceae,Dysphania,Dysphania ambrosioides ,(L.) Mosyakin & Clemants
Plantae,Magnoliophyta,Magnoliopsida,Caryophyllales,Chenopodiaceae,Dysphania,Dysphania multifida ,L.
Plantae,Magnoliophyta,Liliopsida,Poales,Poaceae,Echinochloa,Echinochloa colona ,(L.) Link
Plantae,Magnoliophyta,Liliopsida,Poales,Poaceae,Echinochloa,Echinochloa crus-pavonis ,(Kunth) Schult.
Plantae,Magnoliophyta,Liliopsida,Poales,Poaceae,Echinochloa,Echinochloa crusgalli ,(L.) P.Beauv. 
Plantae,Magnoliophyta,Liliopsida,Poales,Poaceae,Echinochloa,Echinochloa crusgalli ,(L.) P.Beauv. 
Plantae,Magnoliophyta,Liliopsida,Poales,Poaceae,Echinochloa,Echinochloa crusgalli ,(L.) P.Beauv. 
Plantae,Magnoliophyta,Magnoliopsida,Boraginales,Boraginaceae,Echium,Echium plantagineum ,L.
Plantae,Magnoliophyta,Magnoliopsida,Boraginales,Boraginaceae,Echium,Echium vulgare ,L.
Plantae,Magnoliophyta,Magnoliopsida,Asterales,Asteraceae,Eclipta,Eclipta prostrata ,(L.) L.
Plantae,Magnoliophyta,Liliopsida,Alismatales,Hydrocharitaceae,Egeria,Egeria densa ,Planch.
Plantae,Magnoliophyta,Liliopsida,Poales,Poaceae,Ehrharta,Ehrharta longiflora ,Sm.
Plantae,Magnoliophyta,Liliopsida,Commelinales,Pontederiaceae,Eichhornia,Eichhornia crassipes ,(Mart.) Solms
Plantae,Magnoliophyta,Liliopsida,Poales,Poaceae,Eleusine,Eleusine tristachya,(Lam.) Lam.
Plantae,Magnoliophyta,Liliopsida,Poales,Poaceae,Elymus,Elymus repens ,(L.) Gould
Plantae,Magnoliophyta,Liliopsida,Poales,Poaceae,Elytrigia,Elytrigia repens,(L.) Nevski
Plantae,Magnoliophyta,Magnoliopsida,Caryophyllales,Polygonaceae,Emex,Emex spinosa,(L.) Campd.
Fungi,Basidiomycota,Agaricomycetes,Agaricales,Entolomataceae,Entoloma,Entoloma strictius ,(Peck) Sacc.
Plantae,Magnoliophyta,Magnoliopsida,Myrtales,Onagraceae,Epilobium,Epilobium brachycarpum ,C. Presl
Plantae,Magnoliophyta,Magnoliopsida,Myrtales,Onagraceae,Epilobium,Epilobium campestre ,(Jeps.) Hoch & W.L. Wagner
Plantae,Magnoliophyta,Magnoliopsida,Myrtales,Onagraceae,Epilobium,Epilobium obscurum ,Schreb.
Plantae,Magnoliophyta,Magnoliopsida,Myrtales,Onagraceae,Epilobium,Epilobium tetragonum,L.
Animalia,Chordata,Mammalia,Perissodactyla,Equidae,Equus,Equus asinus ,"Linnaeus, 1758"
Animalia,Chordata,Mammalia,Perissodactyla,Equidae,Equus,Equus caballus ,"Linnaeus, 1758"
Plantae,Magnoliophyta,Liliopsida,Poales,Poaceae,Eragrostis,Eragrostis curvula ,(Schrad.) Nees
Plantae,Magnoliophyta,Liliopsida,Poales,Poaceae,Eragrostis,Eragrostis pilosa ,(L.) P. Beauv.
Plantae,Magnoliophyta,Magnoliopsida,Asterales,Asteraceae,Erigeron,Erigeron karvinskianus ,DC.
Animalia,Arthropoda,Insecta,Diptera,Syrphidae,Eristalis,Eristalis tenax,"(Linnaeus, 1758)"
Animalia,Arthropoda,Insecta,Coleoptera,Anobiidae,Ernobius,Ernobius mollis,"Linnaeus, 1758"
Plantae,Magnoliophyta,Magnoliopsida,Geraniales,Geraniaceae,Erodium,Erodium botrys ,(Cav.) Bertol.
Plantae,Magnoliophyta,Magnoliopsida,Geraniales,Geraniaceae,Erodium,Erodium cicutarium ,(L.) L'Hér. ex Aiton
Plantae,Magnoliophyta,Magnoliopsida,Geraniales,Geraniaceae,Erodium,Erodium geoides ,A. St.-Hil.
Plantae,Magnoliophyta,Magnoliopsida,Geraniales,Geraniaceae,Erodium,Erodium malacoides ,(L.) L'Hér. ex Aiton 
Plantae,Magnoliophyta,Magnoliopsida,Geraniales,Geraniaceae,Erodium,Erodium malacoides ,(L.) L'Hér. ex Aiton 
Plantae,Magnoliophyta,Magnoliopsida,Geraniales,Geraniaceae,Erodium,Erodium moschatum ,(L.) L'Hér. ex Aiton
Plantae,Magnoliophyta,Magnoliopsida,Brassicales,Brassicaceae,Eruca,Eruca vesicaria,(L.) Cav.
Plantae,Magnoliophyta,Magnoliopsida,Ranunculales,Pappaveraceae,Eschscholzia,Eschscholzia californica,Cham.
Animalia,Arthropoda,Insecta,Hemiptera,Aphididae,Essigella,Essigella californica,"Essig, 1909"
Plantae,Magnoliophyta,Magnoliopsida,Myrtales,Myrtaceae ,Eucalyptus,Eucalyptus camaldulensis ,Dehnh.
Plantae,Magnoliophyta,Magnoliopsida,Myrtales,Myrtaceae ,Eucalyptus,Eucalyptus globulus ,Labill.
Animalia,Arthropoda,Insecta,Hemiptera,Aphididae,Eulachnus,Eulachnus rileyi ,"Williams, 1910"
Plantae,Magnoliophyta,Magnoliopsida,Malpighiales,Euphorbiaceae,Euphorbia,Euphorbia cyathophora ,Murray
Plantae,Magnoliophyta,Magnoliopsida,Malpighiales,Euphorbiaceae,Euphorbia,Euphorbia falcata ,L.
Plantae,Magnoliophyta,Magnoliopsida,Malpighiales,Euphorbiaceae,Euphorbia,Euphorbia helioscopia ,L.
Plantae,Magnoliophyta,Magnoliopsida,Malpighiales,Euphorbiaceae,Euphorbia,Euphorbia hirta ,L.
Plantae,Magnoliophyta,Magnoliopsida,Malpighiales,Euphorbiaceae,Euphorbia,Euphorbia hypericifolia ,L.
Plantae,Magnoliophyta,Magnoliopsida,Malpighiales,Euphorbiaceae,Euphorbia,Euphorbia lathyris ,L.
Plantae,Magnoliophyta,Magnoliopsida,Malpighiales,Euphorbiaceae,Euphorbia,Euphorbia maculata ,L.
Plantae,Magnoliophyta,Magnoliopsida,Malpighiales,Euphorbiaceae,Euphorbia,Euphorbia peplus ,L.
Plantae,Magnoliophyta,Magnoliopsida,Malpighiales,Euphorbiaceae,Euphorbia,Euphorbia platyphyllos,L.
Plantae,Magnoliophyta,Magnoliopsida,Malpighiales,Euphorbiaceae,Euphorbia,Euphorbia terracina ,L.
Animalia,Arthropoda,Insecta,Coleoptera,Brentidae,Exapion ,Exapion ulicis,Forster 1771
Plantae,Magnoliophyta,Magnoliopsida,Caryophyllales,Polygonaceae,Fallopia,Fallopia japonica ,(Houtt.) Ronse Decr.
Plantae,Magnoliophyta,Magnoliopsida,Caryophyllales,Polygonaceae,Fallopia,Fallopia sachalinensis ,(F. Schmidt) 
Animalia,Chordata,Mammalia,Carnivora,Felidae,Felis,Felis catus ,"Linnaeus, 1758"
Plantae,Magnoliophyta,Liliopsida,Poales,Poaceae,Festuca,Festuca arundinacea,Schreb.
Plantae,Magnoliophyta,Liliopsida,Poales,Poaceae,Festuca,Festuca juncifolia ,St.-Amans
Plantae,Magnoliophyta,Liliopsida,Poales,Poaceae,Festuca,Festuca ovina,L.
Plantae,Magnoliophyta,Liliopsida,Poales,Poaceae,Festuca,Festuca rubra ,L.
Plantae,Magnoliophyta,Magnoliopsida,Urticales,Moraceae,Ficus,Ficus carica,L.
Plantae,Bryophyta,Bryopsida,Dicranales,Fissidentaceae,Fissidens,Fissidens bryoides ,
Plantae,Bryophyta,Bryopsida,Dicranales,Fissidentaceae,Fissidens,Fissidens taxifolius ,Hedw.
Plantae,Magnoliophyta,Magnoliopsida,Apiales,Apiaceae,Foeniculum,Foeniculum vulgare ,Mill.
Animalia,Arthropoda,Insecta,Dermaptera,Forficulidae,Forficula ,Forficula auricularia,"Linnaeus, 1758"
Animalia,Arthropoda,Insecta,Thysanoptera,Thripidae,Frankliniella,Frankliniella occidentalis,"(Pergande, 1895)"
Plantae,Magnoliophyta,Magnoliopsida,Scrophulariales,Oleaceae,Fraxinus,Fraxinus excelsior ,L.
Plantae,Magnoliophyta,Magnoliopsida,Ranunculales,Papaveraceae,Fumaria,Fumaria agraria ,Lag.
Plantae,Magnoliophyta,Magnoliopsida,Ranunculales,Papaveraceae,Fumaria,Fumaria capreolata ,L.
Plantae,Magnoliophyta,Magnoliopsida,Ranunculales,Papaveraceae,Fumaria,Fumaria officinalis ,L.
Plantae,Magnoliophyta,Magnoliopsida,Ranunculales,Papaveraceae,Fumaria,Fumaria parviflora ,Lam. 
Plantae,Bryophyta,Bryopsida,Funariales,Funariaceae,Funaria,Funaria hygrometrica ,Hedw.
Plantae,Magnoliophyta,Magnoliopsida,Asterales,Asteraceae,Gaillardia,Gaillardia aristata ,Pursh
Plantae,Magnoliophyta,Magnoliopsida,Fabales,Fabaceae,Galega,Galega officinalis ,L.
Plantae,Magnoliophyta,Magnoliopsida,Caryophyllales,Aizoaceae,Galenia,Galenia pubescens ,(Eckl. & Zeyh.) Druce
Plantae,Magnoliophyta,Magnoliopsida,Lamiales,Lamiaceae,Galeopsis,Galeopsis tetrahit ,L.
Plantae,Magnoliophyta,Magnoliopsida,Rubiales,Rubiaceae,Galium,Galium aparine,L.
Plantae,Magnoliophyta,Magnoliopsida,Rubiales,Rubiaceae,Galium,Galium divaricatum,Pourr. ex Lam.
Plantae,Magnoliophyta,Magnoliopsida,Rubiales,Rubiaceae,Galium,Galium murale ,(L.) All.
Plantae,Magnoliophyta,Magnoliopsida,Rubiales,Rubiaceae,Galium,Galium parisiense ,L.
Plantae,Magnoliophyta,Magnoliopsida,Rubiales,Rubiaceae,Galium,Galium tricornutum ,Dandy
Animalia,Arthropoda,Insecta,Lepidoptera,Pyralidae,Galleria,Galleria mellonella,"(Linnaeus, 1758)"
Animalia,Chordata,Actinopterygii,Cyprinodontiformes,Poeciliidae,Gambusia,Gambusia holbrooki ,"Girard, 1859"
Plantae,Magnoliophyta,Magnoliopsida,Asterales,Asteraceae,Gamochaeta,Gamochaeta stachydifolia ,(Lam.) Cabrera
Plantae,Magnoliophyta,Liliopsida,Poales,Poaceae,Gastridium,Gastridium phleoides ,(Nees & Meyen) C.E. Hubb.
Plantae,Magnoliophyta,Magnoliopsida,Geraniales,Geraniaceae,Geranium,Geranium dissectum ,L.
Plantae,Magnoliophyta,Magnoliopsida,Geraniales,Geraniaceae,Geranium,Geranium molle ,L.
Plantae,Magnoliophyta,Magnoliopsida,Geraniales,Geraniaceae,Geranium,Geranium purpureum ,Vill.
Plantae,Magnoliophyta,Magnoliopsida,Geraniales,Geraniaceae,Geranium,Geranium pusillum ,L.
Plantae,Magnoliophyta,Magnoliopsida,Geraniales,Geraniaceae,Geranium,Geranium robertianum ,L.
Plantae,Magnoliophyta,Magnoliopsida,Ericales,Polemoniaceae,Gilia,Gilia valdiviensis ,Griseb.
Plantae,Magnoliophyta,Magnoliopsida,Lamiales,Lamiaceae,Glechoma,Glechoma hederacea,L.
Animalia,Arthropoda,Insecta,Hemiptera,Aphalaridae,Glycaspis,Glycaspis brimblecombei ,"Moore, 1964"
Plantae,Magnoliophyta,Liliopsida,Poales,Poaceae,Glyceria,Glyceria fluitans ,(L.) R. Br.
Animalia,Arthropoda,Insecta,Hemiptera,Aphalaridae,Goniozus,Goniozus legneri,"Moore, 1964"
Animalia,Arthropoda,Insecta,Coleoptera,Curculionidae,Gonipterus ,Gonipterus platensis,"(Marelli, 1926)"
Animalia,Arthropoda,Insecta,Coleoptera,Curculionidae,Gonipterus ,Gonipterus scutellatus ,"Gyllenhal, 1833"
Plantae,Magnoliophyta,Magnoliopsida,Malvales,Malvaceae,Gossypium,Gossypium barbadense,L.
Animalia,Arthropoda,Insecta,Lepidoptera,Tortricidae,Grapholita,Grapholita molesta ,"(Busck, 1916)"
Fungi,Basidiomycota,Agaricomycetes,Agaricales,Hymenogastraceae,Gymnopilus,Gymnopilus junionius,(Fr.) P.D. Orton
Fungi,Basidiomycota,Agaricomycetes,Agaricales,Hymenogastraceae,Gymnopilus,Gymnopilus sapineus  ,(Fr.) Murrill
Fungi,Basidiomycota,Agaricomycetes,Agaricales,Omphalotaceae,Gymnopus,Gymnopus semihirtipes,(Peck) Halling
Fungi,Basidiomycota,Agaricomycetes,Agaricales,Omphalotaceae,Gymnopus,Gymnopus villosipes ,"(Cleland) Desjardin, Halling, B.A. Perry"
Plantae,Magnoliophyta,Liliopsida,Poales,Poaceae,Gynerium,Gynerium sagittatum ,(Aubl.) P. Beauv.
Plantae,Magnoliophyta,Liliopsida,Poales,Poaceae,Hainardia,Hainardia cylindrica,(Willd.) Greuter
Animalia,Mollusca,Gastropoda,Basommatophora,Physidae,Haitia,Haitia venustula ,"(Gould, 1847)"
Animalia,Arthropoda,Insecta,Coleoptera,Coccinellidae,Harmonia,Harmonia axyridis ,(Pallas 1773)
Fungi,Basidiomycota,Agaricomycetes,Agaricales,Hymenogastraceae,Hebeloma,Hebeloma crustuliniforme  ,(Bull.) Quél.
Fungi,Basidiomycota,Agaricomycetes,Agaricales,Hymenogastraceae,Hebeloma,Hebeloma mesophaeum ,(Pers.) Quél.
Plantae,Magnoliophyta,Magnoliopsida,Apiales,Araliaceae,Hedera,Hedera helix ,L.
Plantae,Magnoliophyta,Magnoliopsida,Asterales,Asteraceae,Hedypnois,Hedypnois cretica,(L.) Dum. Cours.
Plantae,Magnoliophyta,Magnoliopsida,Asterales,Asteraceae,Helianthus,Helianthus tuberosus,L.
Animalia,Arthropoda,Insecta,Thysanoptera,Thripidae,Heliothrips,Heliothrips haemorrhoidalis,"Bouche, 1833"
Plantae,Magnoliophyta,Magnoliopsida,Boraginales,Heliotropiaceae,Heliotropium,Heliotropium amplexicaule,Vahl
Plantae,Magnoliophyta,Magnoliopsida,Boraginales,Heliotropiaceae,Heliotropium,Heliotropium angiospermum ,Murray
Plantae,Magnoliophyta,Magnoliopsida,Asterales,Asteraceae,Helminthotheca,Helminthotheca echioides ,(L.) Holub
Plantae,Magnoliophyta,Magnoliopsida,Caryophyllales,Caryophyllaceae,Herniaria,Herniaria cinerea ,DC.
Plantae,Magnoliophyta,Magnoliopsida,Brassicales,Brassicaceae,Hesperis,Hesperis matronalis,L.
Chromista,Ochrophyta,Raphidophyceae,Chattonellales,Chattonellaceae,Heterosigma,Heterosigma akashiwo ,(Y.Hada) Y.Hada ex Y.hara & M.Chihara
Plantae,Magnoliophyta,Magnoliopsida,Malvales,Malvaceae,Hibiscus,Hibiscus trionum ,L.
Plantae,Magnoliophyta,Magnoliopsida,Asterales,Asteraceae,Hieracium,Hieracium aurantiacum ,L.
Plantae,Magnoliophyta,Magnoliopsida,Asterales,Asteraceae,Hieracium,Hieracium pilosella ,L. 
Plantae,Magnoliophyta,Magnoliopsida,Asterales,Asteraceae,Hieracium,Hieracium praealtum ,Vill. ex Gochnat
Animalia,Arthropoda,Insecta,Coleoptera,Coccinellidae,Hippodamia,Hippodamia convergens,"Guerin Meneville, 1842"
Animalia,Arthropoda,Insecta,Coleoptera,Coccinellidae,Hippodamia,Hippodamia variegata  ,"(Goeze, 1777) "
Plantae,Magnoliophyta,Magnoliopsida,Brassicales,Brassicaceae,Hirschfeldia,Hirschfeldia incana ,(L.) Lagr.-Fossat
Plantae,Magnoliophyta,Liliopsida,Poales,Poaceae,Holcus,Holcus lanatus ,L.
Animalia,Arthropoda,Insecta,Hemiptera,Cicadellidae,Homalodisca,Homalodisca vitriprennis ,"(Germar, 1821)"
Plantae,Magnoliophyta,Liliopsida,Poales,Poaceae,Hordeum,Hordeum hystrix,Roth
Plantae,Magnoliophyta,Liliopsida,Poales,Poaceae,Hordeum,Hordeum jubatum,L.
Plantae,Magnoliophyta,Liliopsida,Poales,Poaceae,Hordeum,Hordeum marinum ,Huds. 
Plantae,Magnoliophyta,Liliopsida,Poales,Poaceae,Hordeum,Hordeum marinum ,Huds. 
Plantae,Magnoliophyta,Liliopsida,Poales,Poaceae,Hordeum,Hordeum murinum ,L.
Plantae,Magnoliophyta,Liliopsida,Poales,Poaceae,Hordeum,Hordeum murinum ,L.
Plantae,Magnoliophyta,Liliopsida,Poales,Poaceae,Hordeum,Hordeum vulgare ,L.
Plantae,Magnoliophyta,Magnoliopsida,Brassicales,Brassicaceae,Hornungia,Hornungia procumbens ,(L.) Hayek
Fungi,Basidiomycota,Agaricomycetes,Agaricales,Hydnangiaceae,Hydnangium,Hydnangium carneum ,Wallr.
Plantae,Magnoliophyta,Liliopsida,Alismatales,Butomaceae,Hydrocleys,Hydrocleys nymphoides ,(Willd.) Buchenau
Animalia,Arthropoda,Insecta,Coleoptera,Curculionidae,Hylastes,Hylastes ater ,"Paykull, 1800"
Animalia,Arthropoda,Insecta,Coleoptera,Curculionidae,Hylastes,Hylastes linearis ,Erichson 1836
Animalia,Arthropoda,Insecta,Coleoptera,Curculionidae,Hylastinus,Hylastinus obscurus,"(Marsham, 1803)"
Animalia,Arthropoda,Insecta,Coleoptera,Curculionidae,Hylurgus,Hylurgus ligniperda ,"(Fabricius, 1787)"
Plantae,Magnoliophyta,Magnoliopsida,Malpighiales,Hypericaceae,Hypericum,Hypericum androsaemum,L.
Plantae,Magnoliophyta,Magnoliopsida,Malpighiales,Hypericaceae,Hypericum,Hypericum perforatum,L.
Plantae,Magnoliophyta,Magnoliopsida,Malpighiales,Hypericaceae,Hypericum,Hypericum x inodorum ,L.
Plantae,Rhodophyta,Florideophyceae,Gigartinales,Cystocloniaceae,Hypnea,Hypnea spicifera,(Bory de Sain-Vicent
Plantae,Magnoliophyta,Magnoliopsida,Asterales,Asteraceae,Hypochaeris,Hypochaeris glabra ,L.
Plantae,Magnoliophyta,Magnoliopsida,Asterales,Asteraceae,Hypochaeris,Hypochaeris radicata ,L.
Fungi,Basidiomycota,Agaricomycetes,Hysterangiales,Hysterangiaceae,Hysterangium ,Hysterangium pterosporum,Donadini & G Riousset
Animalia,Arthropoda,Insecta,Hymenoptera,Ibaliidae,Ibalia ,Ibalia leucospoides,"(Hochenwarth, 1785)"
Animalia,Arthropoda,Insecta,Hemiptera,Margarodidae,Icerya,Icerya purchasi ,"Maskell, 1878"
Animalia,Chordata,Actinopterygii,Siluriformes,Ictaluridae,Ictalurus,Ictalurus punctatus ,"(Rafinesque, 1818)"
Animalia,Arthropoda,Insecta,Hemiptera,Aphididae,Illinoia,Illinoia morrisoni,"(Swain, 1918)"
Fungi,Basidiomycota,Agaricomycetes,Agaricales,Inocybaceae,Inocybe,Inocybe amethystina ,Kuyper
Fungi,Basidiomycota,Agaricomycetes,Agaricales,Inocybaceae,Inocybe,Inocybe sindonia ,(Fr.) P. Karst.
Plantae,Magnoliophyta,Magnoliopsida,Solanales,Convolvulaceae,Ipomoea,Ipomoea purpurea ,(L.) Roth
Plantae,Magnoliophyta,Liliopsida,Asparagales,Iridaceae,Iris,Iris pseudacorus,L.
Plantae,Magnoliophyta,Magnoliopsida,Brassicales,Brassicaceae,Isatis,Isatis tinctoria ,L.
Animalia,Chordata,Actinopterygii,Cyprinodontiformes,Anablepidae,Jenynsia ,Jenynsia multidentata ,"(Jenyns, 1842)"
Plantae,Magnoliophyta,Liliopsida,Poales,Juncaceae,Juncus,Juncus bufonius,L.
Plantae,Magnoliophyta,Liliopsida,Poales,Juncaceae,Juncus,Juncus bulbosus ,L.
Plantae,Magnoliophyta,Liliopsida,Poales,Juncaceae,Juncus,Juncus capitatus ,Weigel
Plantae,Magnoliophyta,Liliopsida,Poales,Juncaceae,Juncus,Juncus filiformis ,L.
Plantae,Magnoliophyta,Liliopsida,Poales,Juncaceae,Juncus,Juncus planifolius ,R. Br.
Plantae,Magnoliophyta,Magnoliopsida,Lamiales,Plantaginaceae,Kickxia,Kickxia elatine ,(L.) Dumort.
Plantae,Bryophyta,Bryopsida,Pottiales,Brachytheciaceae,Kindbergia,Kindbergia praelonga,(Hedw.) Ochyra
Plantae,Magnoliophyta,Magnoliopsida,Dipsacales,Caprifoliaceae,Knautia,Knautia integrifolia ,Bertol.
Plantae,Magnoliophyta,Magnoliopsida,Caryophyllales,Polygonaceae,Koenigia,Koenigia islandica ,L.
Plantae,Magnoliophyta,Liliopsida,Poales,Poaceae,Lachnagrostis,Lachnagrostis filiformis,(G. Forst.) Trin.
Fungi,Basidiomycota,Agaricomycetes,Russulales,Russulaceae,Lactarius,Lactarius controversus ,Pers.
Fungi,Basidiomycota,Agaricomycetes,Russulales,Russulaceae,Lactarius,Lactarius pubescens,Fr.
Fungi,Basidiomycota,Agaricomycetes,Russulales,Russulaceae,Lactarius,Lactarius quieticolor ,Romagn.
Plantae,Magnoliophyta,Magnoliopsida,Asterales,Asteraceae,Lactuca,Lactuca sativa,L.
Plantae,Magnoliophyta,Magnoliopsida,Asterales,Asteraceae,Lactuca,Lactuca serriola ,L.
Plantae,Magnoliophyta,Magnoliopsida,Asterales,Asteraceae,Lactuca,Lactuca virosa ,L.
Fungi,Basidiomycota,Agaricomycetes,Corticiales,Corticiaceae,Laetisaria,Laetisaria fuciformis,(Berk.) Burds.
Animalia,Arthropoda,Insecta,Coleoptera,Cerambycidae,Lagocheirus,Lagocheirus undatus ,"(Voet, 1778)"
Plantae,Magnoliophyta,Liliopsida,Poales,Poaceae,Lagurus,Lagurus ovatus,L.
Plantae,Magnoliophyta,Liliopsida,Poales,Poaceae,Lamarckia,Lamarckia aurea ,(L.) Moench
Plantae,Magnoliophyta,Magnoliopsida,Lamiales,Lamiaceae,Lamium,Lamium amplexicaule ,L.
Plantae,Magnoliophyta,Magnoliopsida,Lamiales,Lamiaceae,Lamium,Lamium purpureum,L.
Plantae,Magnoliophyta,Liliopsida,Alismatales,Araceae,Landoltia,Landoltia punctata ,(G. Mey.) Les & D.J. Crawford
Plantae,Magnoliophyta,Magnoliopsida,Lamiales,Verbenaceae,Lantana,Lantana camara,L.
Plantae,Magnoliophyta,Magnoliopsida,Asterales,Asteraceae,Lapsana,Lapsana communis,L.
Plantae,Magnoliophyta,Magnoliopsida,Fabales,Fabaceae,Lathyrus,Lathyrus cicera,L.
Plantae,Magnoliophyta,Magnoliopsida,Fabales,Fabaceae,Lathyrus,Lathyrus japonicus ,Willd. 
Plantae,Magnoliophyta,Magnoliopsida,Fabales,Fabaceae,Lathyrus,Lathyrus japonicus ,Willd. 
Plantae,Magnoliophyta,Magnoliopsida,Fabales,Fabaceae,Lathyrus,Lathyrus sativus,L.
Animalia,Mollusca,Gastropoda,Stylommatophora,Limacidae,Lehmannia,Lehmannia valentiana ,"Férussac, 1821"
Plantae,Magnoliophyta,Magnoliopsida,Asterales,Asteraceae,Leontodon,Leontodon autumnalis ,L.
Plantae,Magnoliophyta,Magnoliopsida,Asterales,Asteraceae,Leontodon,Leontodon hirtus ,L.
Plantae,Magnoliophyta,Magnoliopsida,Asterales,Asteraceae,Leontodon,Leontodon saxatilis ,Lam. 
Plantae,Magnoliophyta,Magnoliopsida,Brassicales,Brassicaceae,Lepidium,Lepidium campestre ,(L.) W.T. Aiton
Plantae,Magnoliophyta,Magnoliopsida,Brassicales,Brassicaceae,Lepidium,Lepidium coronopus ,(L.) Al-Shehbaz
Plantae,Magnoliophyta,Magnoliopsida,Brassicales,Brassicaceae,Lepidium,Lepidium draba ,L.
Plantae,Magnoliophyta,Magnoliopsida,Brassicales,Brassicaceae,Lepidium,Lepidium heterophyllum ,Benth.
Plantae,Magnoliophyta,Magnoliopsida,Brassicales,Brassicaceae,Lepidium,Lepidium latifolium ,L.
Plantae,Magnoliophyta,Magnoliopsida,Brassicales,Brassicaceae,Lepidium,Lepidium sativum ,L.
Plantae,Bryophyta,Bryopsida,Splachnales,Meesiaceae,Leptobryum,Leptobryum pyriforme ,(Hedw.) Wilson
Animalia,Chordata,Mammalia,Lagomorfa,Leporidae,Lepus,Lepus capensis ,"Linnaeus, 1758"
Plantae,Magnoliophyta,Magnoliopsida,Asterales,Asteraceae,Leucanthemum,Leucanthemum vulgare ,Lam. 
Plantae,Magnoliophyta,Magnoliopsida,Apiales,Apiaceae,Levisticum,Levisticum officinale,W.D.J. Koch
Plantae,Magnoliophyta,Liliopsida,Poales,Poaceae,Leymus,Leymus arenarius,(L.) Hochst.
Animalia,Mollusca,Gastropoda,Stylommatophora,Limacidae,Limacus ,Limacus flavus,"Linnaeus, 1758"
Plantae,Magnoliophyta,Liliopsida,Alismatales,Hydrocharitaceae,Limnobium,Limnobium laevigatum ,(Humb. & Bonpl. ex Willd.) Heine
Plantae,Magnoliophyta,Magnoliopsida,Lamiales,Plantaginaceae,Linaria,Linaria canadensis ,(L.) Dum. Cours.
Plantae,Magnoliophyta,Magnoliopsida,Lamiales,Plantaginaceae,Linaria,Linaria vulgaris ,Mill.
Animalia,Mollusca,Gastropoda,Littorinimorpha,Cymatiidae,Linatella,Linatella wiegmanni ,"Anton, 1838"
Animalia,Arthropoda,Insecta,Hymenoptera,Formicidae,Linepithema,Linepithema humile ,"Mayr, 1868"
Plantae,Magnoliophyta,Magnoliopsida,Malpighiales,Linaceae,Linum,Linum bienne,Mill.
Plantae,Magnoliophyta,Magnoliopsida,Malpighiales,Linaceae,Linum,Linum catharticum,L.
Plantae,Magnoliophyta,Magnoliopsida,Malpighiales,Linaceae,Linum,Linum usitatissimum ,L.
Animalia,Arthropoda,Insecta,Coleoptera,Curculionidae,Listronotus ,Listronotus bonariensis,"(Kuschel, 1955)"
Animalia,Chordata,Amphibia,Anura,Ranidae,Lithobates,Lithobates catesbeianus,
Plantae,Magnoliophyta,Magnoliopsida,Cornales,Loasaceae,Loasa,Loasa nitida ,Desr.
Plantae,Magnoliophyta,Magnoliopsida,Campanulales,Campanulaceae,Lobelia,Lobelia anceps,L.f.
Plantae,Magnoliophyta,Magnoliopsida,Brassicales,Brassicaceae,Lobularia,Lobularia maritima ,(L.)
Plantae,Magnoliophyta,Magnoliopsida,Asterales,Asteraceae,Logfia,Logfia gallica ,(L.) Coss. & Germ.
Plantae,Magnoliophyta,Liliopsida,Poales,Poaceae,Lolium,Lolium multiflorum,Lam. 
Plantae,Magnoliophyta,Liliopsida,Poales,Poaceae,Lolium,Lolium perenne ,L.
Plantae,Magnoliophyta,Liliopsida,Poales,Poaceae,Lolium,Lolium rigidum ,Gaudin
Plantae,Magnoliophyta,Liliopsida,Poales,Poaceae,Lolium,Lolium temulentum ,L.
Plantae,Magnoliophyta,Magnoliopsida,Fabales,Fabaceae,Lotus,Lotus corniculatus ,L.
Plantae,Magnoliophyta,Magnoliopsida,Fabales,Fabaceae,Lotus,Lotus pedunculatus ,Cav.
Plantae,Magnoliophyta,Magnoliopsida,Fabales,Fabaceae,Lotus,Lotus tenuis ,Waldst. & Kit. ex Willd.
Plantae,Magnoliophyta,Magnoliopsida,Myrtales,Onagraceae,Ludwigia,Ludwigia octovalvis ,(Jacq.) P.H. Raven
Plantae,Magnoliophyta,Magnoliopsida,Myrtales,Onagraceae,Ludwigia,Ludwigia peruviana ,(L.) H. Hara
Plantae,Marchantiophyta,Marchantiopsida,Lunulariales,Lunulariaceae,Lunularia ,Lunularia cruciata,(L.) Dumort. ex Lindb.
Plantae,Magnoliophyta,Magnoliopsida,Fabales,Fabaceae,Lupinus,Lupinus albus ,L.
Plantae,Magnoliophyta,Magnoliopsida,Fabales,Fabaceae,Lupinus,Lupinus angustifolius ,L.
Plantae,Magnoliophyta,Magnoliopsida,Fabales,Fabaceae,Lupinus,Lupinus arboreus ,Sims
Plantae,Magnoliophyta,Magnoliopsida,Fabales,Fabaceae,Lupinus,Lupinus luteus ,L.
Plantae,Magnoliophyta,Magnoliopsida,Fabales,Fabaceae,Lupinus,Lupinus polyphyllus ,Lindl.
Plantae,Magnoliophyta,Liliopsida,Poales,Juncaceae,Luzula,Luzula campestris ,(L.) DC.
Animalia,Chordata,Mammalia,Carnivora,Canidae,Lycalopex ,Lycalopex griseus ,"(Gray, 1837)"
Plantae,Magnoliophyta,Magnoliopsida,Caryophyllales,Caryophyllaceae,Lychnis,Lychnis coronaria,(L.) Desr.
Plantae,Magnoliophyta,Magnoliopsida,Lamiales,Lamiaceae,Lycopus,Lycopus europaeus ,L.
Fungi,Basidiomycota,Agaricomycetes,Agaricales,Lyophyllaceae,Lyophyllum,Lyophyllum decastes,(Fr.) Singer
Plantae,Magnoliophyta,Magnoliopsida,Myrtales,Lythraceae,Lythrum,Lythrum hyssopifolia ,L.
Plantae,Magnoliophyta,Magnoliopsida,Myrtales,Lythraceae,Lythrum,Lythrum portula ,(L.) D.A. Webb
Plantae,Magnoliophyta,Magnoliopsida,Myrtales,Lythraceae,Lythrum,Lythrum salicaria ,L.
Fungi,Basidiomycota,Agaricomycetes,Agaricales,Typhulaceae,Macrotyphula,Macrotyphula juncea ,(Alb. & Schwein.) Berthier
Plantae,Magnoliophyta,Magnoliopsida,Asterales,Asteraceae,Malacothrix,Malacothrix clevelandii,A. Gray
Plantae,Magnoliophyta,Magnoliopsida,Asterales,Asteraceae,Malacothrix,Malacothrix coulteri ,A. Gray
Plantae,Magnoliophyta,Magnoliopsida,Malvales,Malvaceae,Malva,Malva assurgentiflora ,(Kellogg) M.F. Ray
Plantae,Magnoliophyta,Magnoliopsida,Malvales,Malvaceae,Malva,Malva dendromorpha ,M.F. Ray
Plantae,Magnoliophyta,Magnoliopsida,Malvales,Malvaceae,Malva,Malva moschata ,L.
Plantae,Magnoliophyta,Magnoliopsida,Malvales,Malvaceae,Malva,Malva neglecta ,Wallr.
Plantae,Magnoliophyta,Magnoliopsida,Malvales,Malvaceae,Malva,Malva nicaeensis ,All.
Plantae,Magnoliophyta,Magnoliopsida,Malvales,Malvaceae,Malva,Malva parviflora ,L.
Plantae,Magnoliophyta,Magnoliopsida,Malvales,Malvaceae,Malva,Malva sylvestris ,L.
Plantae,Magnoliophyta,Magnoliopsida,Malvales,Malvaceae,Malva,Malva verticillata,L.
Plantae,Magnoliophyta,Magnoliopsida,Malvales,Malvaceae,Malvastrum,Malvastrum coromandelianum ,(L.) Garcke
Plantae,Marchantiophyta,Marchantiopsida,Marchantiales,Marchantiaceae,Marchantia,Marchantia polymorpha ,L.
Plantae,Magnoliophyta,Magnoliopsida,Lamiales,Lamiaceae,Marrubium,Marrubium vulgare ,L.
Plantae,Rhodophyta,Florideophyceae,Gigartinales,Phyllophoraceae,Mastocarpus,Mastocarpus latissimus,"(Harvey) S.C.Lindstrom, Hughey & Martone"
Animalia,Arthropoda,Insecta,Hymenoptera,Ichneumonidae,Mastrus,Mastrus ridibundus ,"(Gravenhorst, 1829)"
Plantae,Magnoliophyta,Magnoliopsida,Asterales,Asteraceae,Matricaria,Matricaria chamomilla ,L.
Plantae,Magnoliophyta,Magnoliopsida,Asterales,Asteraceae,Matricaria,Matricaria discoidea ,DC.
Plantae,Magnoliophyta,Magnoliopsida,Brassicales,Brassicaceae,Matthiola,Matthiola incana ,(L.) R.Br.
Plantae,Magnoliophyta,Magnoliopsida,Brassicales,Brassicaceae,Matthiola,Matthiola longipetala ,(Vent.) DC.
Plantae,Magnoliophyta,Magnoliopsida,Fabales,Fabaceae,Medicago,Medicago arabica ,(L.) Huds.
Plantae,Magnoliophyta,Magnoliopsida,Fabales,Fabaceae,Medicago,Medicago arborea ,L.
Plantae,Magnoliophyta,Magnoliopsida,Fabales,Fabaceae,Medicago,Medicago lupulina ,L.
Plantae,Magnoliophyta,Magnoliopsida,Fabales,Fabaceae,Medicago,Medicago minima ,(L.) Bartal.
Plantae,Magnoliophyta,Magnoliopsida,Fabales,Fabaceae,Medicago,Medicago polymorpha ,L. 
Plantae,Magnoliophyta,Magnoliopsida,Fabales,Fabaceae,Medicago,Medicago polymorpha ,L. 
Plantae,Magnoliophyta,Magnoliopsida,Fabales,Fabaceae,Medicago,Medicago polymorpha,L. 
Plantae,Magnoliophyta,Magnoliopsida,Fabales,Fabaceae,Medicago,Medicago sativa ,L.
Animalia,Arthropoda,Insecta,Hymenoptera,Megachilidae,Megachile,Megachile rotundata ,"(Fabricius, 1787)"
Animalia,Arthropoda,Insecta,Hymenoptera,Ichneumonidae,Megarhyssa,Megarhyssa nortoni ,"(Cresson, 1864)"
Animalia,Arthropoda,Insecta,Hymenoptera,Ichneumonidae,Megarhyssa,Megarhyssa praecellens ,(Tosquinet 1889)
Animalia,Arthropoda,Insecta,Hymenoptera,Torymidae,Megastigmus,Megastigmus transvaalensis ,"(Hussey, 1956)"
Fungi,Basidiomycota,Pucciniomycetes,Pucciniales,Melampsoraceae,Melampsora,Melampsora allii-populina ,Kleb.
Fungi,Basidiomycota,Pucciniomycetes,Pucciniales,Melampsoraceae,Melampsora,Melampsora larici-populina  ,Kleb.
Fungi,Basidiomycota,Pucciniomycetes,Pucciniales,Melampsoraceae,Melampsora,Melampsora medusae ,Thüm. 1878
Animalia,Mollusca,Gastropoda,Neotaenioglossa,Thiaridae,Melanoides,Melanoides maculata ,"Born, 1780"
Animalia,Mollusca,Gastropoda,Neotaenioglossa,Thiaridae,Melanoides,Melanoides tuberculata ,"(Muller, 1774)"
Animalia,Arthropoda,Insecta,Coleoptera,Buprestidae,Melanophila,Melanophila picta ,"(Fabricius, 1787 )"
Plantae,Magnoliophyta,Magnoliopsida,Fabales,Fabaceae,Melilotus,Melilotus albus ,Medik.
Plantae,Magnoliophyta,Magnoliopsida,Fabales,Fabaceae,Melilotus,Melilotus indicus ,(L.) All.
Plantae,Magnoliophyta,Magnoliopsida,Fabales,Fabaceae,Melilotus,Melilotus officinalis ,(L.) Lam.
Plantae,Magnoliophyta,Magnoliopsida,Lamiales,Lamiaceae,Melissa,Melissa officinalis,L.
Plantae,Magnoliophyta,Magnoliopsida,Lamiales,Lamiaceae,Mentha,Mentha aquatica ,L.
Plantae,Magnoliophyta,Magnoliopsida,Lamiales,Lamiaceae,Mentha,Mentha pulegium ,L.
Plantae,Magnoliophyta,Magnoliopsida,Lamiales,Lamiaceae,Mentha,Mentha suaveolens ,Ehrh.
Plantae,Magnoliophyta,Magnoliopsida,Lamiales,Lamiaceae,Mentha,Mentha x piperita ,L.
Plantae,Magnoliophyta,Magnoliopsida,Malpighiales,Euphorbiaceae,Mercurialis,Mercurialis annua,L.
Plantae,Magnoliophyta,Magnoliopsida,Caryophyllales,Aizoaceae,Mesembryanthemum,Mesembryanthemum crystallinum ,L.
Plantae,Magnoliophyta,Magnoliopsida,Caryophyllales,Aizoaceae,Mesembryanthemum,Mesembryanthemum nodiflorum,L.
Plantae,Magnoliophyta,Liliopsida,Poales,Poaceae,Microchloa,Microchloa indica ,(L. f.) P. Beauv.
Plantae,Magnoliophyta,Magnoliopsida,Asterales,Asteraceae,Micropsis,Micropsis nana ,DC.
Plantae,Magnoliophyta,Magnoliopsida,Asterales,Asteraceae,Microseris,Microseris pygmaea  ,D. Don
Plantae,Magnoliophyta,Magnoliopsida,Ericales,Polemoniaceae,Microsteris,Microsteris gracilis ,(Hook.) Greene
Animalia,Chordata,Aves,Falconiformes,Falconidae,Milvago,Milvago chimango ,"(Vieillot, 1816)"
Plantae,Magnoliophyta,Magnoliopsida,Caryophyllales,Nyctaginaceae,Mirabilis,Mirabilis jalapa ,L.
Plantae,Magnoliophyta,Liliopsida,Poales,Poaceae,Miscanthus,Miscanthus sinensis ,Andersson
Plantae,Magnoliophyta,Magnoliopsida,Malvales,Malvaceae,Modiola,Modiola caroliniana ,(L.) G. Don
Animalia,Chordata,Aves,Passeriformes,Icteridae,Molothrus,Molothrus bonariensis,"(Gmelin, 1789)"
Plantae,Magnoliophyta,Magnoliopsida,Lamiales,Lamiaceae,Molucella,Molucella laevis,L.
Animalia,Mollusca,Gastropoda,Littorinimorpha,Cymatiidae,Monoplex,Monoplex keenae ,"(Beu, 1970)"
Animalia,Mollusca,Gastropoda,Littorinimorpha,Cymatiidae,Monoplex,Monoplex wiegmanni ,"(Anton, 1838)"
Animalia,Chordata,Mammalia,Rodentia,Muridae,Mus,Mus musculus,"Linnaeus, 1758"
Fungi,Ascomycota,Dothideomycetes,Mycosphaerellales,Mycosphaerellaceae,Mycosphaerella,Mycosphaerella africana,Crous & M.J. Wingf.
Fungi,Ascomycota,Dothideomycetes,Mycosphaerellales,Mycosphaerellaceae,Mycosphaerella,Mycosphaerella cryptica  ,(Cooke) Hansf.
Fungi,Ascomycota,Dothideomycetes,Mycosphaerellales,Mycosphaerellaceae,Mycosphaerella,Mycosphaerella grandis ,Carnegie & Keane
Fungi,Ascomycota,Dothideomycetes,Mycosphaerellales,Mycosphaerellaceae,Mycosphaerella,Mycosphaerella lateralis ,Crous & M.J. Wingf.
Fungi,Ascomycota,Dothideomycetes,Mycosphaerellales,Mycosphaerellaceae,Mycosphaerella,Mycosphaerella molleriana ,(Thüm.) Lindau
Fungi,Ascomycota,Dothideomycetes,Mycosphaerellales,Mycosphaerellaceae,Mycosphaerella,Mycosphaerella parkii ,"Crous, M.J. Wingf., F.A. Ferreira & Alfenas"
Fungi,Ascomycota,Dothideomycetes,Mycosphaerellales,Mycosphaerellaceae,Mycosphaerella,Mycosphaerella walkeri ,R.F. Park & Keane
Animalia,Chordata,Aves,Psittaciformes,Psittacidae,Myiopsitta,Myiopsitta monachus ,"(Boddaert, 1783)"
Plantae,Magnoliophyta,Magnoliopsida,Lamiales,Scrophulariaceae,Myoporum,Myoporum laetum ,G. Forst.
Plantae,Magnoliophyta,Magnoliopsida,Boraginales,Boraginaceae,Myosotis,Myosotis arvensis ,(L.) Hill
Plantae,Magnoliophyta,Magnoliopsida,Boraginales,Boraginaceae,Myosotis,Myosotis azorica ,H.C. Watson ex Hook.
Plantae,Magnoliophyta,Magnoliopsida,Boraginales,Boraginaceae,Myosotis,Myosotis discolor ,Pers. 
Plantae,Magnoliophyta,Magnoliopsida,Boraginales,Boraginaceae,Myosotis,Myosotis discolor ,Pers. 
Plantae,Magnoliophyta,Magnoliopsida,Boraginales,Boraginaceae,Myosotis,Myosotis latifolia ,Poir.
Plantae,Magnoliophyta,Magnoliopsida,Boraginales,Boraginaceae,Myosotis,Myosotis laxa ,Lehm.
Plantae,Magnoliophyta,Magnoliopsida,Boraginales,Boraginaceae,Myosotis,Myosotis ramosissima ,Rochel
Plantae,Magnoliophyta,Magnoliopsida,Boraginales,Boraginaceae,Myosotis,Myosotis scorpioides ,L.
Plantae,Magnoliophyta,Magnoliopsida,Boraginales,Boraginaceae,Myosotis,Myosotis stricta ,Link ex Roem. & Schult.
Animalia,Mollusca,Bivalvia,Mytiloida,Mytilidae,Mytilus,Mytilus galloprovincialis ,"Lamarck, 1819"
Animalia,Arthropoda,Insecta,Hemiptera,Aphididae,Myzocallis ,Myzocallis boerneri  ,"Stroyan, 1957"
Animalia,Arthropoda,Insecta,Hemiptera,Aphididae,Myzus,Myzus persicae,Sulzer (1776)
Plantae,Magnoliophyta,Magnoliopsida,Brassicales,Brassicaceae,Nasturtium,Nasturtium microphyllum ,Boenn. ex Rchb.
Plantae,Magnoliophyta,Magnoliopsida,Brassicales,Brassicaceae,Nasturtium,Nasturtium officinale ,R. Br.
Animalia,Chordata,Mammalia,Carnivora,Procyonidae,Nasua,Nasua nasua ,"(Linnaeus, 1766)"
Fungi,Basidiomycota,Agaricomycetes,Agaricales,Hymenogastraceae,Naucoria,Naucoria escharioides,(Fr.) P. Kumm.
Animalia,Arthropoda,Insecta,Coleoptera,Curculionidae,Naupactus,Naupactus cervinus,"Boheman, 1840"
Animalia,Arthropoda,Insecta,Coleoptera,Curculionidae,Nematus,Nematus oligospilus ,"Boheman, 1840"
Plantae,Rhodophyta,Florideophyceae,Ceramiales,Rhodomelaceae,Neosiphonia,Neosiphonia harveyi ,"((Bailey) M.-S. Kim, H.-G. Choi, Guiry & G.W. Saunders"
Animalia,Chordata,Mammalia,Carnivora,Mustelidae,Neovison,Neovison vison ,"(Schreber, 1777)"
Animalia,Arthropoda,Insecta,Hemiptera,Pentatomidae,Nezara,Nezara viridula,(Linneo 1758)
Animalia,Chordata,Aves,Tinamiformes,Tinamidae,Nothoprocta,Nothoprocta perdicaria,"(Klittlitz, 1830)"
Plantae,Magnoliophyta,Magnoliopsida,Nympheales,Nymphaeaceae,Nymphaea,Nymphaea alba,L.
Animalia,Chordata,Actinopterygii,Atheriniformes,Atherinopsidae,Odonthestes,Odonthestes bonariensis,"(Valenciennes, 1835)"
Plantae,Magnoliophyta,Liliopsida,Asparagales,Orchidaceae,Oeceoclades,Oeceoclades maculata,(Lindl.) Lindl.
Plantae,Magnoliophyta,Magnoliopsida,Myrtales,Onagraceae,Oenothera,Oenothera affinis ,Cambess.
Plantae,Magnoliophyta,Magnoliopsida,Myrtales,Onagraceae,Oenothera,Oenothera biennis ,L.
Plantae,Magnoliophyta,Magnoliopsida,Myrtales,Onagraceae,Oenothera,Oenothera glazioviana ,Micheli
Plantae,Magnoliophyta,Magnoliopsida,Myrtales,Onagraceae,Oenothera,Oenothera rosea ,L'Hér. ex Aiton
Animalia,Arthropoda,Insecta,Coleoptera,Coccinellidae,Olla ,Olla v-nigrum ,"Timberlake, 1943"
Plantae,Magnoliophyta,Magnoliopsida,Boraginales,Boraginaceae,Omphalodes,Omphalodes linifolia ,(L.) Moench
Animalia,Chordata,Actinopterygii,Salmoniformes,Salmonidae,Oncorhynchus,Oncorhynchus gorbuscha ,"(Walbaum, 1792) "
Animalia,Chordata,Actinopterygii,Salmoniformes,Salmonidae,Oncorhynchus,Oncorhynchus keta ,"(Walbaum, 1792) "
Animalia,Chordata,Actinopterygii,Salmoniformes,Salmonidae,Oncorhynchus,Oncorhynchus kisutch ,"(Walbaum, 1792)"
Animalia,Chordata,Actinopterygii,Salmoniformes,Salmonidae,Oncorhynchus,Oncorhynchus masou masou,"(Brevoort, 1856)"
Animalia,Chordata,Actinopterygii,Salmoniformes,Salmonidae,Oncorhynchus,Oncorhynchus mykiss ,"(Walbaum, 1792) "
Animalia,Chordata,Actinopterygii,Salmoniformes,Salmonidae,Oncorhynchus,Oncorhynchus nerka ,"(Walbaum, 1792) "
Animalia,Chordata,Actinopterygii,Salmoniformes,Salmonidae,Oncorhynchus,Oncorhynchus tshawytscha ,"(Walbaum, 1792)"
Animalia,Chordata,Mammalia,Rodentia,Cricetidae,Ondatra,Ondatra zibethicus ,(Linnaeus 1766)
Plantae,Magnoliophyta,Magnoliopsida,Asterales,Asteraceae,Onopordum,Onopordum acanthium ,L.
Animalia,Mollusca,Gastropoda,Stylommatophora,Achatinidae,Opeas ,Opeas hannense ,"(Rang, 1831)"
Animalia,Chordata,Actinopterygii,Cichliformes,Cichlidae,Oreochromis,Oreochromis niloticus,
Animalia,Arthropoda,Insecta,Hymenoptera,Braconidae,Orgilus,Orgilus obscurator,"Ness, 1814"
Animalia,Arthropoda,Insecta,Lepidoptera,Erebidae,Orgyia,Orgyia antiqua ,"(Linnaeus, 1758)"
Plantae,Magnoliophyta,Magnoliopsida,Fabales,Fabaceae,Ornithopus,Ornithopus pinnatus ,(Mill.) Druce
Plantae,Magnoliophyta,Magnoliopsida,Fabales,Fabaceae,Ornithopus,Ornithopus sativus ,Brot.
Plantae,Magnoliophyta,Magnoliopsida,Lamiales,Orobanchaceae,Orobanche,Orobanche minor ,Sm.
Plantae,Magnoliophyta,Magnoliopsida,Lamiales,Orobanchaceae,Orobanche,Orobanche ramosa ,L.
Animalia,Arthropoda,Insecta,Coleoptera,Curculionidae,Orthotomicus ,Orthotomicus laricis ,"(Fabricius, 1792)"
Animalia,Chordata,Mammalia,Lagomorfa,Leporidae,Oryctolagus,Oryctolagus cuniculus ,"(Linnaeus, 1758)"
Plantae,Magnoliophyta,Liliopsida,Poales,Poaceae,Oryza,Oryza sativa,L.
Animalia,Mollusca,Gastropoda,Stylommatophora,Helicidae,Otala,Otala lactea ,"(Müller, 1774)"
Animalia,Mollusca,Gastropoda,Stylommatophora,Helicidae,Otala,Otala punctata ,"(Müller, 1774)"
Animalia,Arthropoda,Insecta,Coleoptera,Curculionidae,Otiorhynchus,Otiorhynchus rugosostriatus,"(Goeze, 1777)"
Animalia,Arthropoda,Insecta,Coleoptera,Curculionidae,Otiorhynchus,Otiorhynchus sulcatus ,"(Fabricius, 1775)"
Animalia,Chordata,Mammalia,Artiodactyla,Bovidae,Ovis,Ovis ammon ,"(Linnaeus, 1758)"
Animalia,Chordata,Mammalia,Artiodactyla,Bovidae,Ovis,Ovis aries musimon ,"Pallas, 1762"
Plantae,Magnoliophyta,Magnoliopsida,Oxalidales,Oxalidaceae,Oxalis,Oxalis articulata,Savigny
Plantae,Magnoliophyta,Magnoliopsida,Oxalidales,Oxalidaceae,Oxalis,Oxalis corniculata ,L.
Plantae,Magnoliophyta,Magnoliopsida,Oxalidales,Oxalidaceae,Oxalis,Oxalis corniculata ,L.
Plantae,Magnoliophyta,Magnoliopsida,Oxalidales,Oxalidaceae,Oxalis,Oxalis micrantha ,Bertero ex Colla
Plantae,Magnoliophyta,Magnoliopsida,Oxalidales,Oxalidaceae,Oxalis,Oxalis pes-caprae ,L.
Plantae,Magnoliophyta,Magnoliopsida,Caryophyllales,Chenopodiaceae,Oxybasis,Oxybasis glauca ,"(L.) S. Fuentes, Uotila & Borsch"
Animalia,Mollusca,Gastropoda,Stylommatophora,Oxychilidae,Oxychilus ,Oxychilus alliarius ,"(J.S. Miller, 1882)"
Animalia,Mollusca,Gastropoda,Stylommatophora,Oxychilidae,Oxychilus ,Oxychilus cellarius ,"(Muller, 1774)"
Animalia,Mollusca,Gastropoda,Stylommatophora,Oxychilidae,Oxychilus ,Oxychilus helveticum ,"(Blum, 1881)"
Animalia,Arthropoda,Insecta,Hymenoptera,Eumenidae,Pachodynerus,Pachodynerus nassidens,(Latreille 1871)
Plantae,Magnoliophyta,Liliopsida,Poales,Poaceae,Panicum,Panicum capillare ,L.
Plantae,Magnoliophyta,Liliopsida,Poales,Poaceae,Panicum,Panicum dichotomiflorum ,Michx.
Plantae,Magnoliophyta,Liliopsida,Poales,Poaceae,Panicum,Panicum miliaceum,L.
Plantae,Magnoliophyta,Magnoliopsida,Ranunculales,Papaveraceae,Papaver,Papaver dubium ,L.
Plantae,Magnoliophyta,Magnoliopsida,Ranunculales,Papaveraceae,Papaver,Papaver hybridum,L.
Plantae,Magnoliophyta,Magnoliopsida,Ranunculales,Papaveraceae,Papaver,Papaver rhoeas,L.
Plantae,Magnoliophyta,Magnoliopsida,Ranunculales,Papaveraceae,Papaver,Papaver somniferum,L.
Plantae,Magnoliophyta,Liliopsida,Poales,Poaceae,Parapholis,Parapholis incurva ,(L.) C.E. Hubb.
Plantae,Magnoliophyta,Liliopsida,Poales,Poaceae,Parapholis,Parapholis strigosa ,(Dumort.) C.E. Hubb.
Animalia,Arthropoda,Insecta,Coleoptera,Coccinellidae,Parastethorus,Parastethorus histrio ,"Chauzeau, 1974"
Plantae,Magnoliophyta,Magnoliopsida,Lamiales,Orobanchaceae,Parentucellia,Parentucellia latifolia ,Caruel
Plantae,Magnoliophyta,Magnoliopsida,Rosales,Urticaceae,Parietaria,Parietaria judaica ,L.
Animalia,Arthropoda,Insecta,Hemiptera,Diaspididae,Parlatoria,Parlatoria pittospori ,"Maskell, 1890"
Animalia,Chordata,Aves,Passeriformes,Thraupidae,Paroaria,Paroaria coronata ,"(Miller, 1776)"
Animalia,Arthropoda,Insecta,Hemiptera,Coccidae,Parthenolecanium,Parthenolecanium corni,"(Bouche, 1844)"
Plantae,Magnoliophyta,Liliopsida,Poales,Poaceae,Paspalum,Paspalum dasypleurum ,Kunze ex E. Desv. 
Plantae,Magnoliophyta,Liliopsida,Poales,Poaceae,Paspalum,Paspalum dilatatum ,Poir.
Plantae,Magnoliophyta,Liliopsida,Poales,Poaceae,Paspalum,Paspalum distichum,L.
Animalia,Chordata,Aves,Passeriformes,Passeridae,Passer,Passer domesticus ,"(Linneo, 1758)"
Plantae,Magnoliophyta,Magnoliopsida,Apiales,Apiaceae,Pastinaca,Pastinaca sativa,L.
Animalia,Arthropoda,Insecta,Hymenoptera,Braconidae,Pauesia ,Pauesia juniperorum ,"(Stary, 1960)"
Fungi,Basidiomycota,Agaricomycetes,Boletales,Paxillaceae,Paxillus,Paxillus involutus,(Batsch) Fr.
Animalia,Mollusca,Bivalvia,Pectinida,Pectinidae,Pecten,Pecten maximus ,"(Linnaeus, 1758)"
Animalia,Arthropoda,Insecta,Hymenoptera,Perilampidae,Perilampus,Perilampus tristis ,"Mayr, 1905"
Animalia,Mollusca,Bivalvia,Mytiloida,Mytilidae,Perna,Perna perna ,"(Linnaeus, 1758)"
Plantae,Magnoliophyta,Magnoliopsida,Caryophyllales,Polygonaceae,Persicaria,Persicaria maculosa,Gay
Plantae,Magnoliophyta,Magnoliopsida,Caryophyllales,Caryophyllaceae,Petrorhagia,Petrorhagia dubia ,(Raf.) G. López & Romo
Plantae,Magnoliophyta,Magnoliopsida,Caryophyllales,Caryophyllaceae,Petrorhagia,Petrorhagia prolifera ,(L.) P.W. Ball & Heyw.
Plantae,Magnoliophyta,Magnoliopsida,Apiales,Apiaceae,Petroselinum,Petroselinum crispum,(Mill.) A.W.Hill.
Plantae,Anthocerotophyta,Anthocerotopsida,Notothyladales,Notothyladaceae,Phaeoceros,Phaeoceros carolinianus ,(Michx.) Prosk.
Plantae,Magnoliophyta,Liliopsida,Poales,Poaceae,Phalaris,Phalaris amethystina ,Trin.
Plantae,Magnoliophyta,Liliopsida,Poales,Poaceae,Phalaris,Phalaris angusta ,Nees ex Trin.
Plantae,Magnoliophyta,Liliopsida,Poales,Poaceae,Phalaris,Phalaris aquatica ,L.
Plantae,Magnoliophyta,Liliopsida,Poales,Poaceae,Phalaris,Phalaris arundinacea ,L.
Plantae,Magnoliophyta,Liliopsida,Poales,Poaceae,Phalaris,Phalaris canariensis ,L.
Plantae,Magnoliophyta,Liliopsida,Poales,Poaceae,Phalaris,Phalaris caroliniana ,Walter
Plantae,Magnoliophyta,Liliopsida,Poales,Poaceae,Phalaris,Phalaris coerulescens ,Desf.
Plantae,Magnoliophyta,Liliopsida,Poales,Poaceae,Phalaris,Phalaris minor ,Retz.
Plantae,Magnoliophyta,Liliopsida,Poales,Poaceae,Phalaris,Phalaris paradoxa ,L.
Animalia,Chordata,Aves,Galliformes,Phasianidae,Phasianus,Phasianus colchicus ,"Linneo, 1758"
Plantae,Magnoliophyta,Liliopsida,Poales,Poaceae,Phleum,Phleum pratense ,L.
Animalia,Arthropoda,Insecta,Coleoptera,Cerambycidae,Phoracantha ,Phoracantha recurva,"Newman, 1840"
Animalia,Arthropoda,Insecta,Coleoptera,Cerambycidae,Phoracantha ,Phoracantha semipunctata ,"Fabricius, 1775"
Fungi,Basidiomycota,Pucciniomycetes,Pucciniales,Phragmidiaceae,Phragmidium,Phragmidium violaceum,(Schultz) G. Winter
Plantae,Magnoliophyta,Liliopsida,Poales,Poaceae,Phragmites,Phragmites australis ,(Cav.) Trin. ex Steud.
Plantae,Magnoliophyta,Magnoliopsida,Solanales,Solanaceae,Physalis,Physalis peruviana ,L.
Plantae,Magnoliophyta,Magnoliopsida,Solanales,Solanaceae,Physalis,Physalis viscosa,L.
Plantae,Bryophyta,Bryopsida,Funariales,Funariaceae,Physcomitrium ,Physcomitrium pyriforme ,(Hedw.) Hampe
Animalia,Mollusca,Gastropoda,Basommatophora,Physidae,Physella,Physella venustula ,"(Gould, 1844)"
Plantae,Magnoliophyta,Magnoliopsida,Asterales,Asteraceae,Picris,Picris echioides,L.
Animalia,Arthropoda,Insecta,Lepidoptera,Pieridae,Pieris ,Pieris brassicae ,"(Linnaeus, 1758)"
Plantae,Coniferophyta,Pinopsida,Pinales,Pinaceae,Pinus,Pinus contorta ,Douglas ex Loudon
Plantae,Coniferophyta,Pinopsida,Pinales,Pinaceae,Pinus,Pinus contorta ,David Douglas 
Plantae,Coniferophyta,Pinopsida,Pinales,Pinaceae,Pinus,Pinus pinaster ,Aiton
Plantae,Coniferophyta,Pinopsida,Pinales,Pinaceae,Pinus,Pinus ponderosa,David Douglas 
Plantae,Coniferophyta,Pinopsida,Pinales,Pinaceae,Pinus,Pinus radiata ,D. Don
Plantae,Magnoliophyta,Liliopsida,Poales,Poaceae,Piptatherum,Piptatherum miliaceum ,(L.) Coss.
Fungi,Basidiomycota,Agaricomycetes,Boletales,Sclerodermataceae,Pisolithus,Pisolithus arhizus ,(Scop.) Rauschert
Plantae,Magnoliophyta,Liliopsida,Alismatales,Araceae,Pistia,Pistia stratiotes ,L.
Plantae,Magnoliophyta,Magnoliopsida,Rosales,Pittosporaceae,Pittosporum,Pittosporum crassifolium ,Banks & Sol. ex A. Cunn.
Plantae,Magnoliophyta,Magnoliopsida,Rosales,Pittosporaceae,Pittosporum,Pittosporum undulatum ,Vent.
Animalia,Arthropoda,Insecta,Hemiptera,Pseudococcidae,Planococcus,Planococcus citri ,"(Risso, 1813)"
Plantae,Magnoliophyta,Magnoliopsida,Lamiales,Plantaginaceae,Plantago,Plantago coronopus ,L.
Plantae,Magnoliophyta,Magnoliopsida,Lamiales,Plantaginaceae,Plantago,Plantago lanceolata ,L.
Plantae,Magnoliophyta,Magnoliopsida,Lamiales,Plantaginaceae,Plantago,Plantago major,L.
Animalia,Arthropoda,Insecta,Lepidoptera,Plutellidae,Plutella,Plutella xylostella,"(Linneus, 1758)"
Plantae,Magnoliophyta,Liliopsida,Poales,Poaceae,Poa,Poa annua ,L.
Plantae,Magnoliophyta,Liliopsida,Poales,Poaceae,Poa,Poa bulbosa ,L.
Plantae,Magnoliophyta,Liliopsida,Poales,Poaceae,Poa,Poa bulbosa,L.
Plantae,Magnoliophyta,Liliopsida,Poales,Poaceae,Poa,Poa compressa,L.
Plantae,Magnoliophyta,Liliopsida,Poales,Poaceae,Poa,Poa glauca ,Vahl
Plantae,Magnoliophyta,Liliopsida,Poales,Poaceae,Poa,Poa infirma ,Kunth
Plantae,Magnoliophyta,Liliopsida,Poales,Poaceae,Poa,Poa nemoralis,L.
Plantae,Magnoliophyta,Liliopsida,Poales,Poaceae,Poa,Poa palustris ,L.
Plantae,Magnoliophyta,Liliopsida,Poales,Poaceae,Poa,Poa pratensis ,L.
Plantae,Magnoliophyta,Liliopsida,Poales,Poaceae,Poa,Poa pratensis ,L.
Plantae,Magnoliophyta,Liliopsida,Poales,Poaceae,Poa,Poa trivialis ,L.
Animalia,Arthropoda,Insecta,Hymenoptera,Eumenidae,Polistes,Polistes buyssoni ,"Brèthes, 1909"
Animalia,Arthropoda,Insecta,Hymenoptera,Eumenidae,Polistes,Polistes dominulus ,"Christ, 1791"
Animalia,Arthropoda,Insecta,Hymenoptera,Eumenidae,Polybia,Polybia ruficeps ,"Schrottky, 1902"
Plantae,Magnoliophyta,Magnoliopsida,Caryophyllales,Caryophyllaceae,Polycarpon,Polycarpon tetraphyllum,(L.) L.
Animalia,Annelida,Polychaeta,Spionida,Spionidae,Polydora,Polydora bioccipitalis ,"Blake & Woodwick, 1971"
Animalia,Annelida,Polychaeta,Spionida,Spionidae,Polydora,Polydora hoplura ,"Claparède, 1868"
Animalia,Annelida,Polychaeta,Spionida,Spionidae,Polydora,Polydora rickettsi ,"Woodwick, 1961"
Plantae,Magnoliophyta,Magnoliopsida,Caryophyllales,Polygonaceae,Polygonum,Polygonum acuminatum,Kunth
Plantae,Magnoliophyta,Magnoliopsida,Caryophyllales,Polygonaceae,Polygonum,Polygonum aviculare,L.
Plantae,Magnoliophyta,Magnoliopsida,Caryophyllales,Polygonaceae,Polygonum,Polygonum brasiliense ,K. Koch
Plantae,Magnoliophyta,Magnoliopsida,Caryophyllales,Polygonaceae,Polygonum,Polygonum campanulatum ,Hook. f.
Plantae,Magnoliophyta,Magnoliopsida,Caryophyllales,Polygonaceae,Polygonum,Polygonum convolvulus ,L.
Plantae,Magnoliophyta,Magnoliopsida,Caryophyllales,Polygonaceae,Polygonum,Polygonum hydropiper ,L.
Plantae,Magnoliophyta,Magnoliopsida,Caryophyllales,Polygonaceae,Polygonum,Polygonum hydropiperoides ,Michx.
Plantae,Magnoliophyta,Magnoliopsida,Caryophyllales,Polygonaceae,Polygonum,Polygonum lapathifolium ,L.
Plantae,Magnoliophyta,Magnoliopsida,Caryophyllales,Polygonaceae,Polygonum,Polygonum maritimum ,L.
Plantae,Magnoliophyta,Magnoliopsida,Caryophyllales,Polygonaceae,Polygonum,Polygonum mite ,Schrank
Plantae,Magnoliophyta,Magnoliopsida,Caryophyllales,Polygonaceae,Polygonum,Polygonum orientale ,L.
Plantae,Magnoliophyta,Liliopsida,Poales,Poaceae,Polypogon,Polypogon maritimus ,Willd.
Plantae,Magnoliophyta,Liliopsida,Poales,Poaceae,Polypogon,Polypogon monspeliensis ,(L.) Desf.
Plantae,Magnoliophyta,Liliopsida,Poales,Poaceae,Polypogon,Polypogon viridis ,(Gouan) Breistr.
Plantae,Rhodophyta,Florideophyceae,Ceramiales,Rhodomelaceae,Polysiphonia,Polysiphonia brodiaei ,(Dilwyn) Sprengel
Plantae,Rhodophyta,Florideophyceae,Ceramiales,Rhodomelaceae,Polysiphonia,Polysiphonia morrowii ,Harvey
Animalia,Mollusca,Gastropoda,Architaenioglossa,Ampullariidae,Pomacea,Pomacea bridgesii,"(Reeve, 1856)"
Animalia,Mollusca,Gastropoda,Architaenioglossa,Ampullariidae,Pomacea,Pomacea canaliculata ,"(Lamarck, 1822)"
Plantae,Magnoliophyta,Magnoliopsida,Malpighiales,Salicaceae,Populus,Populus nigra,L.
Plantae,Magnoliophyta,Magnoliopsida,Caryophyllales,Portulacaceae,Portulaca,Portulaca oleracea ,L.
Plantae,Magnoliophyta,Liliopsida,Alismatales,Potamogetonaceae,Potamogeton,Potamogeton pusillus ,L.
Animalia,Mollusca,Gastropoda,Littorinimorpha,Tateidae,Potamopyrgus ,Potamopyrgus antipodarum,"(Gray, 1843)"
Plantae,Magnoliophyta,Magnoliopsida,Rosales,Rosaceae,Potentilla,Potentilla anserina,L.
Plantae,Magnoliophyta,Magnoliopsida,Rosales,Rosaceae,Potentilla,Potentilla reptans ,L.
Plantae,Bryophyta,Bryopsida,Pottiales,Pottiaceae,Pottia,Pottia truncata ,(Hedw.) Bruch & Schimp.
Plantae,Rhodophyta,Florideophyceae,Halymeniales,Halymeniaceae,Prionitis,Prionitis lyallii ,Harvey
Plantae,Magnoliophyta,Magnoliopsida,Lamiales,Lamiaceae,Prunella,Prunella vulgaris,L.
Plantae,Bryophyta,Bryopsida,Dicranales,Dicranaceae,Pseudephemerum,Pseudephemerum nitidum,(Hedw.) Loeske
Animalia,Arthropoda,Insecta,Hemiptera,Pseudococcidae,Pseudococcus,Pseudococcus longispinus ,"(Targioni & Tozzetti, 1867)"
Plantae,Bryophyta,Bryopsida,Pottiales,Pottiaceae,Pseudocrossidium,Pseudocrossidium hornschuchianum,(Schultz) R.H.Zander
Plantae,Magnoliophyta,Magnoliopsida,Asterales,Asteraceae,Pseudogynoxys,Pseudogynoxys cordifolia ,(Cass. ex Gaudich.) Cass.
Plantae,Bryophyta,Bryopsida,Pottiales,Brachytheciaceae,Pseudoscleropodium ,Pseudoscleropodium purum,(Hedw.) M.Fleisch.
Animalia,Chordata,Aves,Psittaciformes,Psittacidae,Psittacara,Psittacara erythrogenys ,"Lesson, 1844"
Animalia,Chordata,Aves,Psittaciformes,Psittacidae,Psittacara,Psittacara mitratus ,"(Tschudi, 1844)"
Animalia,Arthropoda,Insecta,Hymenoptera,Encyrtidae,Psyllaephagus,Psyllaephagus bliteus,"Riek, 1962"
Animalia,Arthropoda,Insecta,Hymenoptera,Encyrtidae,Psyllaephagus,Psyllaephagus pilosus ,"Noyes, 1988"
Plantae,Magnoliophyta,Liliopsida,Asparagales,Amaryllidaceae,Pyrolirion,Pyrolirion tubiflorum ,(L'Hér.) M. Roem.
Plantae,Magnoliophyta,Magnoliopsida,Fagales,Fagaceae,Quercus,Quercus robur ,L.
Plantae,Bryophyta,Bryopsida,Hypnodendrales,Racopilaceae,Racopilum,Racopilum cuspidigerum ,
Plantae,Magnoliophyta,Magnoliopsida,Ranunculales,Ranunculaceae,Ranunculus,Ranunculus aquatilis ,L.
Plantae,Magnoliophyta,Magnoliopsida,Ranunculales,Ranunculaceae,Ranunculus,Ranunculus arvensis,L.
Plantae,Magnoliophyta,Magnoliopsida,Ranunculales,Ranunculaceae,Ranunculus,Ranunculus muricatus,L.
Plantae,Magnoliophyta,Magnoliopsida,Ranunculales,Ranunculaceae,Ranunculus,Ranunculus parviflorus ,L.
Plantae,Magnoliophyta,Magnoliopsida,Ranunculales,Ranunculaceae,Ranunculus,Ranunculus repens,L.
Plantae,Magnoliophyta,Magnoliopsida,Ranunculales,Ranunculaceae,Ranunculus,Ranunculus repens ,L.
Plantae,Magnoliophyta,Magnoliopsida,Ranunculales,Ranunculaceae,Ranunculus,Ranunculus sceleratus ,L.
Plantae,Magnoliophyta,Magnoliopsida,Brassicales,Brassicaceae,Raphanus ,Raphanus raphanistrum ,L.
Plantae,Magnoliophyta,Magnoliopsida,Brassicales,Brassicaceae,Raphanus ,Raphanus sativus,L.
Plantae,Magnoliophyta,Magnoliopsida,Brassicales,Brassicaceae,Rapistrum ,Rapistrum rugosum ,(L.) All.
Animalia,Chordata,Mammalia,Rodentia,Muridae,Rattus,Rattus exulans ,"(Peale, 1848)"
Animalia,Chordata,Mammalia,Rodentia,Muridae,Rattus,Rattus norvegicus ,"(Berkenhout, 1769)"
Animalia,Chordata,Mammalia,Rodentia,Muridae,Rattus,Rattus rattus ,"(Linnaeus, 1758)"
Plantae,Magnoliophyta,Magnoliopsida,Brassicales,Resedaceae,Reseda,Reseda decursiva,Forssk.
Plantae,Magnoliophyta,Magnoliopsida,Brassicales,Resedaceae,Reseda,Reseda lutea,L.
Plantae,Magnoliophyta,Magnoliopsida,Brassicales,Resedaceae,Reseda,Reseda luteola ,L.
Plantae,Magnoliophyta,Magnoliopsida,Brassicales,Resedaceae,Reseda,Reseda odorata ,L.
Plantae,Magnoliophyta,Magnoliopsida,Brassicales,Resedaceae,Reseda,Reseda phyteuma ,L.
Animalia,Arthropoda,Insecta,Blattodea,Rhinotermitidae,Reticulitermes,Reticulitermes flavipes ,(Kollar 1837)
Fungi,Basidiomycota,Agaricomycetes,Boletales,Rhizopogonaceae,Rhizopogon,Rhizopogon luteolus,Fr. 1817
Fungi,Basidiomycota,Agaricomycetes,Boletales,Rhizopogonaceae,Rhizopogon,Rhizopogon roseolus  ,(Corda) Th. Fr.
Animalia,Arthropoda,Insecta,Lepidoptera,Tortricidae,Rhyacionia,Rhyacionia buoliana ,"(Denis & Schiffermuller, 1775)"
Plantae,Magnoliophyta,Magnoliopsida,Fabales,Fabaceae,Rhynchosia,Rhynchosia minima,(L.) DC.
Animalia,Arthropoda,Insecta,Coleoptera,Coccinellidae,Rhyzobius ,Rhyzobius lophanthae ,"(Blaisdell, 1892)"
Animalia,Arthropoda,Insecta,Hemiptera,Cicadellidae,Ribautiana,Ribautiana ulmi,"(Linnaeus, 1758)"
Plantae,Marchantiophyta,Marchantiopsida,Marchantiales,Ricciaceae,Riccia,Riccia crinita,Taylor
Plantae,Marchantiophyta,Marchantiopsida,Marchantiales,Ricciaceae,Riccia,Riccia crystallina,L.
Plantae,Marchantiophyta,Marchantiopsida,Marchantiales,Ricciaceae,Riccia,Riccia fluitans ,L.
Plantae,Marchantiophyta,Marchantiopsida,Marchantiales,Ricciaceae,Riccia,Riccia nigrella ,DC.
Plantae,Marchantiophyta,Marchantiopsida,Marchantiales,Ricciaceae,Riccia,Riccia sorocarpa ,Bisch.
Plantae,Marchantiophyta,Marchantiopsida,Marchantiales,Ricciaceae,Ricciocarpos ,Ricciocarpos natans ,(L.) Corda
Plantae,Magnoliophyta,Magnoliopsida,Malpighiales,Euphorbiaceae,Ricinus,Ricinus communis,L.
Plantae,Magnoliophyta,Magnoliopsida,Fabales,Fabaceae,Robinia,Robinia pseudoacacia ,L.
Animalia,Arthropoda,Insecta,Coleoptera,Coccinellidae,Rodolia,Rodolia cardinalis ,"Weise, 1905"
Plantae,Magnoliophyta,Liliopsida,Asparagales,Iridaceae,Romulea,Romulea rosea,(L.) Eckl.
Plantae,Magnoliophyta,Magnoliopsida,Brassicales,Brassicaceae,Rorippa,Rorippa palustris,(L.) Besser
Plantae,Magnoliophyta,Magnoliopsida,Brassicales,Brassicaceae,Rorippa,Rorippa sylvestris,(L.) Besser
Plantae,Magnoliophyta,Magnoliopsida,Rosales,Rosaceae,Rosa,Rosa canina ,L.
Plantae,Magnoliophyta,Magnoliopsida,Rosales,Rosaceae,Rosa,Rosa rubiginosa ,L.
Plantae,Magnoliophyta,Liliopsida,Poales,Poaceae,Rostraria ,Rostraria cristata ,(L.) Tzvelev
Plantae,Magnoliophyta,Magnoliopsida,Rubiales,Rubiaceae,Rubia,Rubia tinctorum,L.
Plantae,Magnoliophyta,Magnoliopsida,Rosales,Rosaceae,Rubus,Rubus constrictus ,P.J. Müll. & Lefèvre
Plantae,Magnoliophyta,Magnoliopsida,Rosales,Rosaceae,Rubus,Rubus praecox ,Bertol.
Plantae,Magnoliophyta,Magnoliopsida,Rosales,Rosaceae,Rubus,Rubus ulmifolius ,Schott
Plantae,Magnoliophyta,Magnoliopsida,Caryophyllales,Polygonaceae,Rumex,Rumex acetosa ,L.
Plantae,Magnoliophyta,Magnoliopsida,Caryophyllales,Polygonaceae,Rumex,Rumex acetosella,L.
Plantae,Magnoliophyta,Magnoliopsida,Caryophyllales,Polygonaceae,Rumex,Rumex conglomeratus ,Murray 
Plantae,Magnoliophyta,Magnoliopsida,Caryophyllales,Polygonaceae,Rumex,Rumex crispus,L.
Plantae,Magnoliophyta,Magnoliopsida,Caryophyllales,Polygonaceae,Rumex,Rumex cristatus ,DC.
Plantae,Magnoliophyta,Magnoliopsida,Caryophyllales,Polygonaceae,Rumex,Rumex longifolius ,DC.
Plantae,Magnoliophyta,Magnoliopsida,Caryophyllales,Polygonaceae,Rumex,Rumex maritimus,L.
Plantae,Magnoliophyta,Magnoliopsida,Caryophyllales,Polygonaceae,Rumex,Rumex obtusifolius ,L.
Plantae,Magnoliophyta,Magnoliopsida,Caryophyllales,Polygonaceae,Rumex,Rumex pulcher,L.
Animalia,Mollusca,Gastropoda,Stylommatophora,Subulinidae,Rumina,Rumina decollata ,"(Linnaeus, 1758)"
Fungi,Basidiomycota,Agaricomycetes,Russulales,Russulaceae,Russula,Russula pectinatoides ,Peck
Fungi,Basidiomycota,Agaricomycetes,Russulales,Russulaceae,Russula,Russula sardonia ,Fr.
Plantae,Magnoliophyta,Magnoliopsida,Sapindales,Rutaceae,Ruta,Ruta chalepensis,L.
Plantae,Magnoliophyta,Magnoliopsida,Caryophyllales,Caryophyllaceae,Sagina,Sagina apetala ,Ard. 
Plantae,Magnoliophyta,Magnoliopsida,Caryophyllales,Caryophyllaceae,Sagina,Sagina procumbens ,L.
Animalia,Arthropoda,Insecta,Hemiptera,Coccidae,Saissetia,Saissetia oleae,"(Olivier, 1791)"
Plantae,Magnoliophyta,Magnoliopsida,Malpighiales,Salicaceae,Salix,Salix alba,L.
Plantae,Magnoliophyta,Magnoliopsida,Malpighiales,Salicaceae,Salix,Salix babylonica,L.
Plantae,Magnoliophyta,Magnoliopsida,Malpighiales,Salicaceae,Salix,Salix caprea,L.
Plantae,Magnoliophyta,Magnoliopsida,Malpighiales,Salicaceae,Salix,Salix viminalis ,L.
Animalia,Chordata,Actinopterygii,Salmoniformes,Salmonidae,Salmo,Salmo salar ,"Linnaeus, 1758"
Animalia,Chordata,Actinopterygii,Salmoniformes,Salmonidae,Salmo,Salmo trutta ,"Linnaeus, 1758"
Plantae,Magnoliophyta,Magnoliopsida,Solanales,Solanaceae,Salpichroa,Salpichroa origanifolia ,(Lam.) Baill.
Plantae,Magnoliophyta,Magnoliopsida,Caryophyllales,Amaranthaceae,Salsola,Salsola kali ,L.
Animalia,Chordata,Actinopterygii,Salmoniformes,Salmonidae,Salvelinus,Salvelinus fontinalis ,"(Mitchill, 1814)"
Animalia,Chordata,Actinopterygii,Salmoniformes,Salmonidae,Salvelinus,Salvelinus namaycush ,"(Walbaum, 1792)"
Plantae,Magnoliophyta,Magnoliopsida,Lamiales,Lamiaceae,Salvia,Salvia verbenaca,L.
Plantae,Tracheophyta,Polypodiopsida,Salviniales,Salviniaceae,Salvinia,Salvinia auriculata,Aubl.
Plantae,Magnoliophyta,Magnoliopsida,Dipsacales,Caprifoliaceae,Sambucus ,Sambucus nigra ,L.
Plantae,Magnoliophyta,Magnoliopsida,Ericales,Primulaceae,Samolus,Samolus valerandi,L.
Plantae,Magnoliophyta,Magnoliopsida,Rosales,Rosaceae,Sanguisorba,Sanguisorba minor,Scop.
Plantae,Magnoliophyta,Magnoliopsida,Sapindales,Sapindaceae,Sapindus,Sapindus saponaria,L.
Plantae,Magnoliophyta,Magnoliopsida,Caryophyllales,Caryophyllaceae,Saponaria,Saponaria officinalis ,L.
Plantae,Magnoliophyta,Magnoliopsida,Saxifragales,Saxifragaceae,Saxifraga,Saxifraga umbrosa ,L.
Plantae,Magnoliophyta,Magnoliopsida,Dipsacales,Caprifoliaceae,Scabiosa,Scabiosa atropurpurea ,L.
Plantae,Magnoliophyta,Magnoliopsida,Apiales,Apiaceae,Scandix,Scandix pecten-veneris ,L.
Plantae,Rhodophyta,Florideophyceae,Acrosymphytales,Schimmelmanniaceae,Schimmelmannia ,Schimmelmannia plumosa ,(Setchell) I.A. Abbott
Plantae,Magnoliophyta,Liliopsida,Poales,Poaceae,Schismus,Schismus arabicus,Nees
Plantae,Magnoliophyta,Liliopsida,Poales,Poaceae,Schismus,Schismus barbatus,(L.) Thell.
Plantae,Magnoliophyta,Liliopsida,Poales,Poaceae,Schizachyrium ,Schizachyrium sanguineum ,(Retz.) Alston
Plantae,Rhodophyta,Florideophyceae,Nemastomatales,Schizymeniaceae,Schizymenia ,Schizymenia dubyi ,(Chauvin ex Duby) J. Agardh
Plantae,Magnoliophyta,Liliopsida,Poales,Cyperaceae,Schoenoplectiella,Schoenoplectiella mucronata,(L.) Palla
Plantae,Rhodophyta,Florideophyceae,Gigartinales,Phyllophoraceae,Schottera,Schottera nicaeensis ,(J.V. Lamouroux ex Duby) Guiry & Hollenberg
Plantae,Magnoliophyta,Magnoliopsida,Caryophyllales,Caryophyllaceae,Scleranthus,Scleranthus annuus ,L.
Fungi,Basidiomycota,Agaricomycetes,Boletales,Sclerodermataceae,Scleroderma,Scleroderma bovista,Fr.
Fungi,Basidiomycota,Agaricomycetes,Boletales,Sclerodermataceae,Scleroderma,Scleroderma citrinum  ,Pers. 
Plantae,Magnoliophyta,Magnoliopsida,Asterales,Asteraceae,Scolymus,Scolymus hispanicus,L.
Plantae,Magnoliophyta,Magnoliopsida,Lamiales,Scrophulariaceae,Scrophularia ,Scrophularia auriculata ,L.
Animalia,Arthropoda,Insecta,Coleoptera,Coccinellidae,Scymnus,Scymnus loewii ,"Mulsant, 1850"
Chromista,Ochrophyta,Phaeophyceae,Scytosiphonales,Scytosiphonaceae,Scytosiphon,Scytosiphon gracilis,Kogame
Chromista,Ochrophyta,Phaeophyceae,Scytosiphonales,Scytosiphonaceae,Scytosiphon,Scytosiphon tenellus ,Kogame
Plantae,Magnoliophyta,Magnoliopsida,Saxifragales,Crassulaceae,Sedum,Sedum acre ,L.
Plantae,Tracheophyta,Lycopodiopsida,Selaginellales,Selaginellaceae,Selaginella,Selaginella apoda ,(L.) Spring
Plantae,Magnoliophyta,Magnoliopsida,Asterales,Asteraceae,Senecio,Senecio angulatus,L.f.
Plantae,Magnoliophyta,Magnoliopsida,Asterales,Asteraceae,Senecio,Senecio aquaticus ,Hill. 
Plantae,Magnoliophyta,Magnoliopsida,Asterales,Asteraceae,Senecio,Senecio aquaticus ,Hill. 
Plantae,Magnoliophyta,Magnoliopsida,Asterales,Asteraceae,Senecio,Senecio madagascariensis ,Poir.
Plantae,Magnoliophyta,Magnoliopsida,Asterales,Asteraceae,Senecio,Senecio sylvaticus ,L.
Plantae,Magnoliophyta,Magnoliopsida,Asterales,Asteraceae,Senecio,Senecio vulgaris ,L.
Plantae,Magnoliophyta,Magnoliopsida,Fabales,Fabaceae,Senna,Senna septemtrionalis ,(Viv.) H.S. Irwin & Barneby
Fungi,Basidiomycota,Agaricomycetes,Boletales,Serpulaceae,Serpula,Serpula lacrymans,(Wulfen) J. Schröt.
Plantae,Magnoliophyta,Magnoliopsida,Apiales,Apiaceae,Seseli,Seseli libanotis ,(L.) Koch
Plantae,Magnoliophyta,Magnoliopsida,Caryophyllales,Aizoaceae,Sesuvium,Sesuvium portulacastrum ,(L.) L.
Plantae,Magnoliophyta,Liliopsida,Poales,Poaceae,Setaria,Setaria parviflora ,(Poir.) Kerguélen 
Plantae,Magnoliophyta,Liliopsida,Poales,Poaceae,Setaria,Setaria pumila ,(Poir.) Roem. & Schult.
Plantae,Magnoliophyta,Liliopsida,Poales,Poaceae,Setaria,Setaria verticillata ,(L.) P. Beauv.
Plantae,Magnoliophyta,Liliopsida,Poales,Poaceae,Setaria,Setaria viridis ,(L.) P. Beauv.
Fungi,Basidiomycota,Agaricomycetes,Agaricales,Bolbitiaceae,Setchelliogaster,Setchelliogaster tenuipes,(Setch.) Pouzar
Plantae,Magnoliophyta,Magnoliopsida,Rubiales,Rubiaceae,Sherardia,Sherardia arvensis ,L.
Plantae,Magnoliophyta,Magnoliopsida,Malvales,Malvaceae,Sida,Sida rhombifolia,L.
Plantae,Magnoliophyta,Magnoliopsida,Malvales,Malvaceae,Sida,Sida spinosa ,L.
Plantae,Magnoliophyta,Magnoliopsida,Caryophyllales,Caryophyllaceae,Silene,Silene armeria ,L.
Plantae,Magnoliophyta,Magnoliopsida,Caryophyllales,Caryophyllaceae,Silene,Silene gallica ,L.
Plantae,Magnoliophyta,Magnoliopsida,Caryophyllales,Caryophyllaceae,Silene,Silene vulgaris ,(Moench) Garcke
Plantae,Magnoliophyta,Magnoliopsida,Asterales,Asteraceae,Silybum,Silybum marianum ,(L.) Gaertn.
Plantae,Magnoliophyta,Magnoliopsida,Brassicales,Brassicaceae,Sinapis,Sinapis arvensis ,L.
Animalia,Arthropoda,Insecta,Hemiptera,Aleyrodidae,Siphoninus ,Siphoninus phillyreae,"(Haliday, 1835)"
Animalia,Arthropoda,Insecta,Hymenoptera,Siricidae,Sirex,Sirex noctilio ,Fabricius (1793)
Plantae,Magnoliophyta,Magnoliopsida,Brassicales,Brassicaceae,Sisymbrium,Sisymbrium altissimum ,L.
Plantae,Magnoliophyta,Magnoliopsida,Brassicales,Brassicaceae,Sisymbrium,Sisymbrium austriacum ,Jacq.
Plantae,Magnoliophyta,Magnoliopsida,Brassicales,Brassicaceae,Sisymbrium,Sisymbrium irio ,L.
Plantae,Magnoliophyta,Magnoliopsida,Brassicales,Brassicaceae,Sisymbrium,Sisymbrium officinale ,(L.) Scop.
Plantae,Magnoliophyta,Magnoliopsida,Brassicales,Brassicaceae,Sisymbrium,Sisymbrium orientale ,L.
Plantae,Magnoliophyta,Magnoliopsida,Apiales,Apiaceae,Sium ,Sium latifolium ,L.
Plantae,Magnoliophyta,Magnoliopsida,Asterales,Asteraceae,Smallanthus ,Smallanthus connatus ,(Spreng.) H. Rob.
Plantae,Magnoliophyta,Magnoliopsida,Solanales,Solanaceae,Solanum,Solanum marginatum ,L.f.
Plantae,Magnoliophyta,Magnoliopsida,Solanales,Solanaceae,Solanum,Solanum nigrum ,L.
Plantae,Magnoliophyta,Magnoliopsida,Rosales,Urticaceae,Soleirolia ,Soleirolia soleirolii ,(Req.) Dandy
Plantae,Magnoliophyta,Magnoliopsida,Asterales,Asteraceae,Sonchus,Sonchus arvensis ,L.
Plantae,Magnoliophyta,Magnoliopsida,Asterales,Asteraceae,Sonchus,Sonchus asper ,(L.) Hill
Plantae,Magnoliophyta,Magnoliopsida,Asterales,Asteraceae,Sonchus,Sonchus oleraceus,L.
Plantae,Magnoliophyta,Magnoliopsida,Asterales,Asteraceae,Sonchus,Sonchus tenerrimus,L.
Plantae,Magnoliophyta,Liliopsida,Poales,Poaceae,Sorghum,Sorghum halepense,(L.) Pers.
Plantae,Magnoliophyta,Magnoliopsida,Fabales,Fabaceae,Spartium,Spartium junceum ,L.
Plantae,Magnoliophyta,Magnoliopsida,Caryophyllales,Caryophyllaceae,Spergula,Spergula arvensis ,L.
Plantae,Magnoliophyta,Magnoliopsida,Caryophyllales,Caryophyllaceae,Spergula,Spergula bocconii ,(Scheele) Pedersen
Plantae,Magnoliophyta,Magnoliopsida,Caryophyllales,Caryophyllaceae,Spergula,Spergula rubra ,(L.) D. Dietr.
Plantae,Magnoliophyta,Magnoliopsida,Caryophyllales,Caryophyllaceae,Spergularia,Spergularia dillenii,Lebel
Plantae,Magnoliophyta,Magnoliopsida,Caryophyllales,Caryophyllaceae,Spergularia,Spergularia marina ,(L.) Griseb.
Plantae,Magnoliophyta,Magnoliopsida,Caryophyllales,Caryophyllaceae,Spergularia,Spergularia media ,(L.) C. Presl
Plantae,Marchantiophyta,Marchantiopsida,Sphaerocarpales,Sphaerocarpaceae,Sphaerocarpos,Sphaerocarpos texanus ,Austin
Plantae,Bryophyta,Bryopsida,Pottiales,Splachnobryaceae,Splachnobryum ,Splachnobryum obtusum,(Brid.) Müll.Hal.
Plantae,Magnoliophyta,Liliopsida,Poales,Poaceae,Sporobolus,Sporobolus virginicus ,(L.) Kunth
Plantae,Magnoliophyta,Magnoliopsida,Lamiales,Lamiaceae,Stachys,Stachys arvensis ,L.
Animalia,Arthropoda,Insecta,Coleoptera,Chrysomelidae,Stator,Stator limbatus ,Horn 1873
Plantae,Magnoliophyta,Magnoliopsida,Caryophyllales,Caryophyllaceae,Stellaria,Stellaria alsine,Grimm
Plantae,Magnoliophyta,Magnoliopsida,Caryophyllales,Caryophyllaceae,Stellaria,Stellaria media ,(L.) Vill.
Plantae,Magnoliophyta,Magnoliopsida,Caryophyllales,Caryophyllaceae,Stellaria,Stellaria pallida ,(Dumort.) Crép.
Plantae,Magnoliophyta,Liliopsida,Poales,Poaceae,Stenotaphrum,Stenotaphrum secundatum ,(Walter) Kuntze
Animalia,Arthropoda,Insecta,Lepidoptera,Tortricidae,Strepsicrates ,Strepsicrates semicanella ,(Walker 1866)
Fungi,Basidiomycota,Agaricomycetes,Agaricales,Strophariaceae,Stropharia,Stropharia aeruginosa ,(Curtis) Quél.
Fungi,Basidiomycota,Agaricomycetes,Boletales,Suillaceae,Suillus,Suillus bovinus,(L.) Roussel
Fungi,Basidiomycota,Agaricomycetes,Boletales,Suillaceae,Suillus,Suillus granulatus ,(L.) Roussel
Fungi,Basidiomycota,Agaricomycetes,Boletales,Suillaceae,Suillus,Suillus grevillei ,(Klotzsch) Singer
Fungi,Basidiomycota,Agaricomycetes,Boletales,Suillaceae,Suillus,Suillus lakei ,(Murrill) A.H. Sm. & Thiers
Fungi,Basidiomycota,Agaricomycetes,Boletales,Suillaceae,Suillus,Suillus luteus ,(L.) Roussel
Fungi,Basidiomycota,Agaricomycetes,Boletales,Suillaceae,Suillus,Suillus tomentosus ,(Kauffman) Singer
Plantae,Magnoliophyta,Liliopsida,Poales,Poaceae,Taeniatherum,Taeniatherum caput-medusae ,(L.) Nevski
Plantae,Magnoliophyta,Magnoliopsida,Asterales,Asteraceae,Tanacetum,Tanacetum parthenium ,(L.) Sch. Bip.
Plantae,Magnoliophyta,Magnoliopsida,Asterales,Asteraceae,Tanacetum,Tanacetum vulgare ,L.
Fungi,Basidiomycota,Agaricomycetes,Boletales,Tapinellaceae,Tapinella,Tapinella panuoides,(Fr.) E.-J. Gilbert
Plantae,Magnoliophyta,Magnoliopsida,Asterales,Asteraceae,Taraxacum,Taraxacum officinale ,F.H. Wigg.
Animalia,Chordata,Reptilia,Squamata,Phyllodactylidae,Tarentola ,Tarentola mauritanica ,"(Linnaeus, 1758)"
Plantae,Magnoliophyta,Magnoliopsida,Brassicales,Brassicaceae,Teesdalia,Teesdalia nudicaulis,(L.) W.T. Aiton
Plantae,Magnoliophyta,Magnoliopsida,Fabales,Fabaceae,Teline ,Teline monspessulana,(L.) K. Koch
Fungi,Basidiomycota,Agaricomycetes,Polyporales,Phanerochaetaceae,Terana,Terana coerulea,(Lam.) Kuntze
Animalia,Annelida,Polychaeta,Sabellida,Sabellidae,Terebrasabella ,Terebrasabella heterouncinata ,"Fitzhugh & Rouse, 1999"
Animalia,Arthropoda,Insecta,Hemiptera,Thaumastocoridae,Thaumastocoris,Thaumastocoris peregrinus ,Carpintero & Dellape 2006
Animalia,Mollusca,Gastropoda,Neotaenioglossa,Thiaridae,Thiara,Thiara tuberculata ,"(Müller, 1774)"
Plantae,Magnoliophyta,Magnoliopsida,Brassicales,Brassicaceae,Thlaspi,Thlaspi arvense ,L.
Animalia,Chordata,Actinopterygii,Cypriniformes,Cyprinidae,Tinca,Tinca tinca ,"(Linnaeus, 1758) "
Plantae,Magnoliophyta,Magnoliopsida,Asterales,Asteraceae,Tolpis,Tolpis barbata ,(L.) Gaertn.
Plantae,Magnoliophyta,Magnoliopsida,Apiales,Apiaceae,Torilis,Torilis arvensis ,(Huds.) Link
Plantae,Magnoliophyta,Magnoliopsida,Apiales,Apiaceae,Torilis,Torilis nodosa ,(L.) Gaertn.
Animalia,Mollusca,Gastropoda,Stylommatophora,Achatinellidae,Tornatellinops,Tornatellinops variabilis,"(Odhner, 1922)"
Plantae,Bryophyta,Bryopsida,Pottiales,Pottiaceae,Tortula ,Tortula muralis,Hedw.
Animalia,Chordata,Reptilia,Testudines,Emydidae,Trachemys,Trachemys scripta,
Animalia,Chordata,Reptilia,Testudines,Emydidae,Trachemys,Trachemys scripta elegans ,"(Wied, 1839)"
Plantae,Magnoliophyta,Liliopsida,Commelinales,Commelinaceae,Tradescantia,Tradescantia fluminensis ,Vell.
Plantae,Magnoliophyta,Magnoliopsida,Asterales,Asteraceae,Tragopogon,Tragopogon dubius,Scop.
Plantae,Magnoliophyta,Magnoliopsida,Asterales,Asteraceae,Tragopogon,Tragopogon porrifolius ,L.
Fungi,Basidiomycota,Agaricomycetes,Polyporales,Polyporaceae,Trametes ,Trametes suaveolens,(L.) Fr.
Animalia,Arthropoda,Insecta,Hemiptera,Aleyrodidae,Trialeurodes,Trialeurodes vaporariorum ,"(Westwood, 1856)"
Plantae,Magnoliophyta,Magnoliopsida,Zygophyllales,Zygophyllaceae,Tribulus,Tribulus terrestris ,L.
Plantae,Bryophyta,Bryopsida,Dicranales,Ditrichaceae,Trichodon,Trichodon cylindricus ,(Hedw.) Schimp.
Fungi,Basidiomycota,Agaricomycetes,Agaricales,Tricholomataceae,Tricholoma,Tricholoma pessundatum ,(Fr.) Quél.
Fungi,Basidiomycota,Agaricomycetes,Agaricales,Tricholomataceae,Tricholoma,Tricholoma populinum ,J.E. Lange
Fungi,Basidiomycota,Agaricomycetes,Agaricales,Tricholomataceae,Tricholoma,Tricholoma scalpturatum  ,(Fr.) Quél.
Fungi,Basidiomycota,Agaricomycetes,Agaricales,Tricholomataceae,Tricholoma,Tricholoma terreum ,(Schaeff.) P. Kumm.
Plantae,Magnoliophyta,Magnoliopsida,Fabales,Fabaceae,Trifolium,Trifolium angustifolium ,L.
Plantae,Magnoliophyta,Magnoliopsida,Fabales,Fabaceae,Trifolium,Trifolium arvense ,L.
Plantae,Magnoliophyta,Magnoliopsida,Fabales,Fabaceae,Trifolium,Trifolium aureum ,Pollich
Plantae,Magnoliophyta,Magnoliopsida,Fabales,Fabaceae,Trifolium,Trifolium campestre ,Schreb.
Plantae,Magnoliophyta,Magnoliopsida,Fabales,Fabaceae,Trifolium,Trifolium cernuum ,Brot.
Plantae,Magnoliophyta,Magnoliopsida,Fabales,Fabaceae,Trifolium,Trifolium dubium ,Sibth.
Plantae,Magnoliophyta,Magnoliopsida,Fabales,Fabaceae,Trifolium,Trifolium fragiferum,L.
Plantae,Magnoliophyta,Magnoliopsida,Fabales,Fabaceae,Trifolium,Trifolium glomeratum ,L.
Plantae,Magnoliophyta,Magnoliopsida,Fabales,Fabaceae,Trifolium,Trifolium hybridum ,L.
Plantae,Magnoliophyta,Magnoliopsida,Fabales,Fabaceae,Trifolium,Trifolium incarnatum ,L.
Plantae,Magnoliophyta,Magnoliopsida,Fabales,Fabaceae,Trifolium,Trifolium pratense ,L.
Plantae,Magnoliophyta,Magnoliopsida,Fabales,Fabaceae,Trifolium,Trifolium repens ,L.
Plantae,Magnoliophyta,Magnoliopsida,Fabales,Fabaceae,Trifolium,Trifolium spadiceum ,L.
Plantae,Magnoliophyta,Magnoliopsida,Fabales,Fabaceae,Trifolium,Trifolium striatum,L.
Plantae,Magnoliophyta,Magnoliopsida,Fabales,Fabaceae,Trifolium,Trifolium subterraneum ,L.
Plantae,Magnoliophyta,Magnoliopsida,Fabales,Fabaceae,Trifolium,Trifolium suffocatum ,L.
Plantae,Magnoliophyta,Magnoliopsida,Fabales,Fabaceae,Trigonella,Trigonella monspeliaca ,L.
Plantae,Magnoliophyta,Magnoliopsida,Asterales,Asteraceae,Tripleurospermum ,Tripleurospermum inodorum ,(L.) Sch. Bip.
Plantae,Magnoliophyta,Liliopsida,Poales,Poaceae,Trisetum ,Trisetum flavescens ,(L.) P. Beauv.
Plantae,Magnoliophyta,Magnoliopsida,Brassicales,Tropaeolaceae,Tropaeolum,Tropaeolum majus ,L.
Plantae,Magnoliophyta,Liliopsida,Poales,Typhaceae,Typha,Typha angustifolia ,L.
Plantae,Magnoliophyta,Liliopsida,Poales,Typhaceae,Typha,Typha domingensis ,Pers.
Plantae,Magnoliophyta,Liliopsida,Poales,Typhaceae,Typha,Typha latifolia ,L.
Plantae,Magnoliophyta,Magnoliopsida,Fabales,Fabaceae,Ulex,Ulex europaeus ,L.
Plantae,Magnoliophyta,Magnoliopsida,Rosales,Ulmaceae,Ulmus,Ulmus minor,Mill.
Plantae,Chlorophyta,Ulvophyceae,Ulvales,Ulvaceae,Ulva,Ulva australis ,Areschoug
Animalia,Arthropoda,Insecta,Hymenoptera,Siricidae,Urocerus,Urocerus gigas ,"(Linnaeus, 1758)"
Plantae,Magnoliophyta,Magnoliopsida,Asterales,Asteraceae,Urospermum,Urospermum picroides ,(L.) F.W. Schmidt
Plantae,Magnoliophyta,Magnoliopsida,Rosales,Urticaceae,Urtica,Urtica dioica,L.
Plantae,Magnoliophyta,Magnoliopsida,Rosales,Urticaceae,Urtica,Urtica urens ,L.
Plantae,Magnoliophyta,Magnoliopsida,Dipsacales,Caprifoliaceae,Valerianella ,Valerianella eriocarpa ,Desv.
Plantae,Magnoliophyta,Magnoliopsida,Dipsacales,Caprifoliaceae,Valerianella ,Valerianella locusta ,(L.) Laterr.
Plantae,Magnoliophyta,Magnoliopsida,Dipsacales,Caprifoliaceae,Valerianella ,Valerianella rimosa ,Bast
Animalia,Mollusca,Gastropoda,Stylommatophora,Valloniidae,Vallonia,Vallonia pulchella ,"(O.F. Müller, 1774)"
Plantae,Magnoliophyta,Magnoliopsida,Lamiales,Scrophulariaceae,Verbascum,Verbascum densiflorum ,Bertol.
Plantae,Magnoliophyta,Magnoliopsida,Lamiales,Scrophulariaceae,Verbascum,Verbascum thapsus ,L.
Plantae,Magnoliophyta,Magnoliopsida,Lamiales,Scrophulariaceae,Verbascum,Verbascum virgatum ,Stokes
Plantae,Magnoliophyta,Magnoliopsida,Lamiales,Verbenaceae,Verbena,Verbena litoralis ,Kunth
Plantae,Magnoliophyta,Magnoliopsida,Lamiales,Verbenaceae,Verbena,Verbena officinalis,L.
Plantae,Magnoliophyta,Magnoliopsida,Lamiales,Verbenaceae,Verbena,Verbena rigida ,Spreng.
Plantae,Magnoliophyta,Magnoliopsida,Lamiales,Plantaginaceae,Veronica,Veronica anagallis-aquatica ,L.
Plantae,Magnoliophyta,Magnoliopsida,Lamiales,Plantaginaceae,Veronica,Veronica arvensis,L.
Plantae,Magnoliophyta,Magnoliopsida,Lamiales,Plantaginaceae,Veronica,Veronica beccabunga ,L.
Plantae,Magnoliophyta,Magnoliopsida,Lamiales,Plantaginaceae,Veronica,Veronica chamaedrys ,L.
Plantae,Magnoliophyta,Magnoliopsida,Lamiales,Plantaginaceae,Veronica,Veronica officinalis ,L.
Plantae,Magnoliophyta,Magnoliopsida,Lamiales,Plantaginaceae,Veronica,Veronica peregrina,L.
Plantae,Magnoliophyta,Magnoliopsida,Lamiales,Plantaginaceae,Veronica,Veronica persica ,Poir.
Plantae,Magnoliophyta,Magnoliopsida,Lamiales,Plantaginaceae,Veronica,Veronica scutellata ,L.
Plantae,Magnoliophyta,Magnoliopsida,Lamiales,Plantaginaceae,Veronica,Veronica serpyllifolia ,L.
Animalia,Arthropoda,Insecta,Hymenoptera,Vespidae,Vespula,Vespula germanica ,"(Fabricius, 1793)"
Animalia,Arthropoda,Insecta,Hymenoptera,Vespidae,Vespula,Vespula vulgaris ,"(Linnaeus, 1758)"
Plantae,Magnoliophyta,Magnoliopsida,Fabales,Fabaceae,Vicia,Vicia benghalensis,L.
Plantae,Magnoliophyta,Magnoliopsida,Fabales,Fabaceae,Vicia,Vicia hirsuta ,(L.) Gray
Plantae,Magnoliophyta,Magnoliopsida,Fabales,Fabaceae,Vicia,Vicia parviflora ,Cav.
Plantae,Magnoliophyta,Magnoliopsida,Fabales,Fabaceae,Vicia,Vicia sativa,L.
Plantae,Magnoliophyta,Magnoliopsida,Fabales,Fabaceae,Vicia,Vicia sativa ,L. 
Plantae,Magnoliophyta,Magnoliopsida,Fabales,Fabaceae,Vicia,Vicia tetrasperma ,(L.) Schreb.
Plantae,Magnoliophyta,Magnoliopsida,Fabales,Fabaceae,Vicia,Vicia villosa ,Roth
Plantae,Magnoliophyta,Magnoliopsida,Gentianales,Apocynaceae,Vinca,Vinca major ,L.
Plantae,Magnoliophyta,Magnoliopsida,Malpighiales,Violaceae,Viola ,Viola arvensis ,Murray
Plantae,Magnoliophyta,Magnoliopsida,Malpighiales,Violaceae,Viola ,Viola odorata ,L.
Plantae,Magnoliophyta,Magnoliopsida,Malpighiales,Violaceae,Viola ,Viola tricolor ,L.
Plantae,Magnoliophyta,Magnoliopsida,Vitales,Vitaceae,Vitis,Vitis vinifera ,L.
Plantae,Magnoliophyta,Magnoliopsida,Asterales,Asteraceae,Volutaria,Volutaria tubuliflora ,(Murb.) Sennen
Plantae,Magnoliophyta,Liliopsida,Poales,Poaceae,Vulpia,Vulpia bromoides ,(L.) Gray
Plantae,Magnoliophyta,Liliopsida,Poales,Poaceae,Vulpia,Vulpia muralis ,(Kunth) Nees
Plantae,Magnoliophyta,Liliopsida,Poales,Poaceae,Vulpia,Vulpia myuros ,(L.) C.C.Gmel.  
Plantae,Magnoliophyta,Liliopsida,Poales,Poaceae,Vulpia,Vulpia myuros ,(L.) C.C.Gmel.  
Plantae,Magnoliophyta,Magnoliopsida,Malvales,Malvaceae,Waltheria ,Waltheria indica ,L.
Plantae,Magnoliophyta,Magnoliopsida,Asterales,Asteraceae,Xanthium,Xanthium spinosum ,L.
Plantae,Magnoliophyta,Magnoliopsida,Asterales,Asteraceae,Xanthium,Xanthium strumarium,L.
Animalia,Arthropoda,Insecta,Coleoptera,Chrysomelidae,Xanthogaleruca,Xanthogaleruca luteola ,"(Muller, 1766)"
Animalia,Chordata,Amphibia,Anura,Pipidae,Xenopus,Xenopus laevis ,"(Daudin, 1802)"
Fungi,Basidiomycota,Agaricomycetes,Boletales,Boletaceae,Xerocomellus,Xerocomellus chrysenteron,(Bull.) Šutara
Animalia,Arthropoda,Insecta,Coleoptera,Curculionidae,Xyleborinus,Xyleborinus saxeseni,"(Ratzeburg, 1837)"
Plantae,Magnoliophyta,Liliopsida,Alismatales,Potamogetonaceae,Zannichellia,Zannichellia palustris ,L.
Plantae,Magnoliophyta,Liliopsida,Alismatales,Araceae,Zantedeschia ,Zantedeschia aethiopica ,(L.) Spreng.
Animalia,Arthropoda,Insecta,Hemiptera,Reduviidae,Zelus,Zelus renardii ,"(Kolenati, 1856)"
